match_id,season,date,venue,city,innings,over,ball,batting_team,bowling_team,batter,bowler,non_striker,batter_runs,extras_total,total_runs,wides,noballs,byes,legbyes,penalty,is_wicket,player_out,dismissal_kind,fielder
335982,2008,2008-04-18,M Chinnaswamy Stadium,Bengaluru,1,1,1,Kolkata Knight Riders,Royal Challengers Bengaluru,SC Ganguly,P Kumar,BB McCullum,0,1,1,0,0,0,1,0,0,"","",""
335982,2008,2008-04-18,M Chinnaswamy Stadium,Bengaluru,1,1,2,Kolkata Knight Riders,Royal Challengers Bengaluru,BB McCullum,P Kumar,SC Ganguly,0,0,0,0,0,0,0,0,0,"","",""
335982,2008,2008-04-18,M Chinnaswamy Stadium,Bengaluru,1,1,3,Kolkata Knight Riders,Royal Challengers Bengaluru,BB McCullum,P Kumar,SC Ganguly,0,1,1,1,0,0,0,0,0,"","",""
335982,2008,2008-04-18,M Chinnaswamy Stadium,Bengaluru,1,1,4,Kolkata Knight Riders,Royal Challengers Bengaluru,BB McCullum,P Kumar,SC Ganguly,0,0,0,0,0,0,0,0,0,"","",""
335982,2008,2008-04-18,M Chinnaswamy Stadium,Bengaluru,1,1,5,Kolkata Knight Riders,Royal Challengers Bengaluru,BB McCullum,P Kumar,SC Ganguly,0,0,0,0,0,0,0,0,0,"","",""
335982,2008,2008-04-18,M Chinnaswamy Stadium,Bengaluru,1,1,6,Kolkata Knight Riders,Royal Challengers Bengaluru,BB McCullum,P Kumar,SC Ganguly,0,0,0,0,0,0,0,0,0,"","",""
335982,2008,2008-04-18,M Chinnaswamy Stadium,Bengaluru,1,1,7,Kolkata Knight Riders,Royal Challengers Bengaluru,BB McCullum,P Kumar,SC Ganguly,0,1,1,0,0,0,1,0,0,"","",""
335982,2008,2008-04-18,M Chinnaswamy Stadium,Bengaluru,1,2,1,Kolkata Knight Riders,Royal Challengers Bengaluru,BB McCullum,Z Khan,SC Ganguly,0,0,0,0,0,0,0,0,0,"","",""
335982,2008,2008-04-18,M Chinnaswamy Stadium,Bengaluru,1,2,2,Kolkata Knight Riders,Royal Challengers Bengaluru,BB McCullum,Z Khan,SC Ganguly,4,0,4,0,0,0,0,0,0,"","",""
335982,2008,2008-04-18,M Chinnaswamy Stadium,Bengaluru,1,2,3,Kolkata Knight Riders,Royal Challengers Bengaluru,BB McCullum,Z Khan,SC Ganguly,4,0,4,0,0,0,0,0,0,"","",""
335982,2008,2008-04-18,M Chinnaswamy Stadium,Bengaluru,1,2,4,Kolkata Knight Riders,Royal Challengers Bengaluru,BB McCullum,Z Khan,SC Ganguly,6,0,6,0,0,0,0,0,0,"","",""
335982,2008,2008-04-18,M Chinnaswamy Stadium,Bengaluru,1,2,5,Kolkata Knight Riders,Royal Challengers Bengaluru,BB McCullum,Z Khan,SC Ganguly,4,0,4,0,0,0,0,0,0,"","",""
335982,2008,2008-04-18,M Chinnaswamy Stadium,Bengaluru,1,2,6,Kolkata Knight Riders,Royal Challengers Bengaluru,BB McCullum,Z Khan,SC Ganguly,0,0,0,0,0,0,0,0,0,"","",""
335982,2008,2008-04-18,M Chinnaswamy Stadium,Bengaluru,1,3,1,Kolkata Knight Riders,Royal Challengers Bengaluru,SC Ganguly,P Kumar,BB McCullum,0,0,0,0,0,0,0,0,0,"","",""
335982,2008,2008-04-18,M Chinnaswamy Stadium,Bengaluru,1,3,2,Kolkata Knight Riders,Royal Challengers Bengaluru,SC Ganguly,P Kumar,BB McCullum,0,0,0,0,0,0,0,0,0,"","",""
335982,2008,2008-04-18,M Chinnaswamy Stadium,Bengaluru,1,3,3,Kolkata Knight Riders,Royal Challengers Bengaluru,SC Ganguly,P Kumar,BB McCullum,0,1,1,0,0,0,1,0,0,"","",""
335982,2008,2008-04-18,M Chinnaswamy Stadium,Bengaluru,1,3,4,Kolkata Knight Riders,Royal Challengers Bengaluru,BB McCullum,P Kumar,SC Ganguly,4,0,4,0,0,0,0,0,0,"","",""
335982,2008,2008-04-18,M Chinnaswamy Stadium,Bengaluru,1,3,5,Kolkata Knight Riders,Royal Challengers Bengaluru,BB McCullum,P Kumar,SC Ganguly,1,0,1,0,0,0,0,0,0,"","",""
335982,2008,2008-04-18,M Chinnaswamy Stadium,Bengaluru,1,3,6,Kolkata Knight Riders,Royal Challengers Bengaluru,SC Ganguly,P Kumar,BB McCullum,0,0,0,0,0,0,0,0,0,"","",""
335982,2008,2008-04-18,M Chinnaswamy Stadium,Bengaluru,1,4,1,Kolkata Knight Riders,Royal Challengers Bengaluru,BB McCullum,AA Noffke,SC Ganguly,0,5,5,5,0,0,0,0,0,"","",""
335982,2008,2008-04-18,M Chinnaswamy Stadium,Bengaluru,1,4,2,Kolkata Knight Riders,Royal Challengers Bengaluru,BB McCullum,AA Noffke,SC Ganguly,6,0,6,0,0,0,0,0,0,"","",""
335982,2008,2008-04-18,M Chinnaswamy Stadium,Bengaluru,1,4,3,Kolkata Knight Riders,Royal Challengers Bengaluru,BB McCullum,AA Noffke,SC Ganguly,0,1,1,0,0,0,1,0,0,"","",""
335982,2008,2008-04-18,M Chinnaswamy Stadium,Bengaluru,1,4,4,Kolkata Knight Riders,Royal Challengers Bengaluru,SC Ganguly,AA Noffke,BB McCullum,4,0,4,0,0,0,0,0,0,"","",""
335982,2008,2008-04-18,M Chinnaswamy Stadium,Bengaluru,1,4,5,Kolkata Knight Riders,Royal Challengers Bengaluru,SC Ganguly,AA Noffke,BB McCullum,0,0,0,0,0,0,0,0,0,"","",""
335982,2008,2008-04-18,M Chinnaswamy Stadium,Bengaluru,1,4,6,Kolkata Knight Riders,Royal Challengers Bengaluru,SC Ganguly,AA Noffke,BB McCullum,1,0,1,0,0,0,0,0,0,"","",""
335982,2008,2008-04-18,M Chinnaswamy Stadium,Bengaluru,1,4,7,Kolkata Knight Riders,Royal Challengers Bengaluru,BB McCullum,AA Noffke,SC Ganguly,6,0,6,0,0,0,0,0,0,"","",""
335982,2008,2008-04-18,M Chinnaswamy Stadium,Bengaluru,1,5,1,Kolkata Knight Riders,Royal Challengers Bengaluru,SC Ganguly,P Kumar,BB McCullum,4,0,4,0,0,0,0,0,0,"","",""
335982,2008,2008-04-18,M Chinnaswamy Stadium,Bengaluru,1,5,2,Kolkata Knight Riders,Royal Challengers Bengaluru,SC Ganguly,P Kumar,BB McCullum,1,0,1,0,0,0,0,0,0,"","",""
335982,2008,2008-04-18,M Chinnaswamy Stadium,Bengaluru,1,5,3,Kolkata Knight Riders,Royal Challengers Bengaluru,BB McCullum,P Kumar,SC Ganguly,4,0,4,0,0,0,0,0,0,"","",""
335982,2008,2008-04-18,M Chinnaswamy Stadium,Bengaluru,1,5,4,Kolkata Knight Riders,Royal Challengers Bengaluru,BB McCullum,P Kumar,SC Ganguly,0,0,0,0,0,0,0,0,0,"","",""
335982,2008,2008-04-18,M Chinnaswamy Stadium,Bengaluru,1,5,5,Kolkata Knight Riders,Royal Challengers Bengaluru,BB McCullum,P Kumar,SC Ganguly,1,0,1,0,0,0,0,0,0,"","",""
335982,2008,2008-04-18,M Chinnaswamy Stadium,Bengaluru,1,5,6,Kolkata Knight Riders,Royal Challengers Bengaluru,SC Ganguly,P Kumar,BB McCullum,0,0,0,0,0,0,0,0,0,"","",""
335982,2008,2008-04-18,M Chinnaswamy Stadium,Bengaluru,1,6,1,Kolkata Knight Riders,Royal Challengers Bengaluru,BB McCullum,Z Khan,SC Ganguly,1,0,1,0,0,0,0,0,0,"","",""
335982,2008,2008-04-18,M Chinnaswamy Stadium,Bengaluru,1,6,2,Kolkata Knight Riders,Royal Challengers Bengaluru,SC Ganguly,Z Khan,BB McCullum,0,0,0,0,0,0,0,0,1,SC Ganguly,caught,JH Kallis
335982,2008,2008-04-18,M Chinnaswamy Stadium,Bengaluru,1,6,3,Kolkata Knight Riders,Royal Challengers Bengaluru,RT Ponting,Z Khan,BB McCullum,0,0,0,0,0,0,0,0,0,"","",""
335982,2008,2008-04-18,M Chinnaswamy Stadium,Bengaluru,1,6,4,Kolkata Knight Riders,Royal Challengers Bengaluru,RT Ponting,Z Khan,BB McCullum,0,0,0,0,0,0,0,0,0,"","",""
335982,2008,2008-04-18,M Chinnaswamy Stadium,Bengaluru,1,6,5,Kolkata Knight Riders,Royal Challengers Bengaluru,RT Ponting,Z Khan,BB McCullum,0,0,0,0,0,0,0,0,0,"","",""
335982,2008,2008-04-18,M Chinnaswamy Stadium,Bengaluru,1,6,6,Kolkata Knight Riders,Royal Challengers Bengaluru,RT Ponting,Z Khan,BB McCullum,0,0,0,0,0,0,0,0,0,"","",""
335982,2008,2008-04-18,M Chinnaswamy Stadium,Bengaluru,1,7,1,Kolkata Knight Riders,Royal Challengers Bengaluru,BB McCullum,AA Noffke,RT Ponting,1,0,1,0,0,0,0,0,0,"","",""
335982,2008,2008-04-18,M Chinnaswamy Stadium,Bengaluru,1,7,2,Kolkata Knight Riders,Royal Challengers Bengaluru,RT Ponting,AA Noffke,BB McCullum,1,0,1,0,0,0,0,0,0,"","",""
335982,2008,2008-04-18,M Chinnaswamy Stadium,Bengaluru,1,7,3,Kolkata Knight Riders,Royal Challengers Bengaluru,BB McCullum,AA Noffke,RT Ponting,1,0,1,0,0,0,0,0,0,"","",""
335982,2008,2008-04-18,M Chinnaswamy Stadium,Bengaluru,1,7,4,Kolkata Knight Riders,Royal Challengers Bengaluru,RT Ponting,AA Noffke,BB McCullum,2,0,2,0,0,0,0,0,0,"","",""
335982,2008,2008-04-18,M Chinnaswamy Stadium,Bengaluru,1,7,5,Kolkata Knight Riders,Royal Challengers Bengaluru,RT Ponting,AA Noffke,BB McCullum,1,0,1,0,0,0,0,0,0,"","",""
335982,2008,2008-04-18,M Chinnaswamy Stadium,Bengaluru,1,7,6,Kolkata Knight Riders,Royal Challengers Bengaluru,BB McCullum,AA Noffke,RT Ponting,1,0,1,0,0,0,0,0,0,"","",""
335982,2008,2008-04-18,M Chinnaswamy Stadium,Bengaluru,1,8,1,Kolkata Knight Riders,Royal Challengers Bengaluru,BB McCullum,Z Khan,RT Ponting,0,0,0,0,0,0,0,0,0,"","",""
335982,2008,2008-04-18,M Chinnaswamy Stadium,Bengaluru,1,8,2,Kolkata Knight Riders,Royal Challengers Bengaluru,BB McCullum,Z Khan,RT Ponting,1,0,1,0,0,0,0,0,0,"","",""
335982,2008,2008-04-18,M Chinnaswamy Stadium,Bengaluru,1,8,3,Kolkata Knight Riders,Royal Challengers Bengaluru,RT Ponting,Z Khan,BB McCullum,1,0,1,0,0,0,0,0,0,"","",""
335982,2008,2008-04-18,M Chinnaswamy Stadium,Bengaluru,1,8,4,Kolkata Knight Riders,Royal Challengers Bengaluru,BB McCullum,Z Khan,RT Ponting,1,0,1,0,0,0,0,0,0,"","",""
335982,2008,2008-04-18,M Chinnaswamy Stadium,Bengaluru,1,8,5,Kolkata Knight Riders,Royal Challengers Bengaluru,RT Ponting,Z Khan,BB McCullum,1,0,1,0,0,0,0,0,0,"","",""
335982,2008,2008-04-18,M Chinnaswamy Stadium,Bengaluru,1,8,6,Kolkata Knight Riders,Royal Challengers Bengaluru,BB McCullum,Z Khan,RT Ponting,1,0,1,0,0,0,0,0,0,"","",""
335982,2008,2008-04-18,M Chinnaswamy Stadium,Bengaluru,1,9,1,Kolkata Knight Riders,Royal Challengers Bengaluru,BB McCullum,JH Kallis,RT Ponting,0,0,0,0,0,0,0,0,0,"","",""
335982,2008,2008-04-18,M Chinnaswamy Stadium,Bengaluru,1,9,2,Kolkata Knight Riders,Royal Challengers Bengaluru,BB McCullum,JH Kallis,RT Ponting,0,0,0,0,0,0,0,0,0,"","",""
335982,2008,2008-04-18,M Chinnaswamy Stadium,Bengaluru,1,9,3,Kolkata Knight Riders,Royal Challengers Bengaluru,BB McCullum,JH Kallis,RT Ponting,0,0,0,0,0,0,0,0,0,"","",""
335982,2008,2008-04-18,M Chinnaswamy Stadium,Bengaluru,1,9,4,Kolkata Knight Riders,Royal Challengers Bengaluru,BB McCullum,JH Kallis,RT Ponting,1,0,1,0,0,0,0,0,0,"","",""
335982,2008,2008-04-18,M Chinnaswamy Stadium,Bengaluru,1,9,5,Kolkata Knight Riders,Royal Challengers Bengaluru,RT Ponting,JH Kallis,BB McCullum,1,0,1,0,0,0,0,0,0,"","",""
335982,2008,2008-04-18,M Chinnaswamy Stadium,Bengaluru,1,9,6,Kolkata Knight Riders,Royal Challengers Bengaluru,BB McCullum,JH Kallis,RT Ponting,2,0,2,0,0,0,0,0,0,"","",""
335982,2008,2008-04-18,M Chinnaswamy Stadium,Bengaluru,1,10,1,Kolkata Knight Riders,Royal Challengers Bengaluru,RT Ponting,SB Joshi,BB McCullum,1,0,1,0,0,0,0,0,0,"","",""
335982,2008,2008-04-18,M Chinnaswamy Stadium,Bengaluru,1,10,2,Kolkata Knight Riders,Royal Challengers Bengaluru,BB McCullum,SB Joshi,RT Ponting,1,0,1,0,0,0,0,0,0,"","",""
335982,2008,2008-04-18,M Chinnaswamy Stadium,Bengaluru,1,10,3,Kolkata Knight Riders,Royal Challengers Bengaluru,RT Ponting,SB Joshi,BB McCullum,1,0,1,0,0,0,0,0,0,"","",""
335982,2008,2008-04-18,M Chinnaswamy Stadium,Bengaluru,1,10,4,Kolkata Knight Riders,Royal Challengers Bengaluru,BB McCullum,SB Joshi,RT Ponting,0,0,0,0,0,0,0,0,0,"","",""
335982,2008,2008-04-18,M Chinnaswamy Stadium,Bengaluru,1,10,5,Kolkata Knight Riders,Royal Challengers Bengaluru,BB McCullum,SB Joshi,RT Ponting,6,0,6,0,0,0,0,0,0,"","",""
335982,2008,2008-04-18,M Chinnaswamy Stadium,Bengaluru,1,10,6,Kolkata Knight Riders,Royal Challengers Bengaluru,BB McCullum,SB Joshi,RT Ponting,1,0,1,0,0,0,0,0,0,"","",""
335982,2008,2008-04-18,M Chinnaswamy Stadium,Bengaluru,1,11,1,Kolkata Knight Riders,Royal Challengers Bengaluru,BB McCullum,JH Kallis,RT Ponting,1,0,1,0,0,0,0,0,0,"","",""
335982,2008,2008-04-18,M Chinnaswamy Stadium,Bengaluru,1,11,2,Kolkata Knight Riders,Royal Challengers Bengaluru,RT Ponting,JH Kallis,BB McCullum,4,0,4,0,0,0,0,0,0,"","",""
335982,2008,2008-04-18,M Chinnaswamy Stadium,Bengaluru,1,11,3,Kolkata Knight Riders,Royal Challengers Bengaluru,RT Ponting,JH Kallis,BB McCullum,0,0,0,0,0,0,0,0,0,"","",""
335982,2008,2008-04-18,M Chinnaswamy Stadium,Bengaluru,1,11,4,Kolkata Knight Riders,Royal Challengers Bengaluru,RT Ponting,JH Kallis,BB McCullum,6,0,6,0,0,0,0,0,0,"","",""
335982,2008,2008-04-18,M Chinnaswamy Stadium,Bengaluru,1,11,5,Kolkata Knight Riders,Royal Challengers Bengaluru,RT Ponting,JH Kallis,BB McCullum,0,0,0,0,0,0,0,0,0,"","",""
335982,2008,2008-04-18,M Chinnaswamy Stadium,Bengaluru,1,11,6,Kolkata Knight Riders,Royal Challengers Bengaluru,RT Ponting,JH Kallis,BB McCullum,0,4,4,0,0,4,0,0,0,"","",""
335982,2008,2008-04-18,M Chinnaswamy Stadium,Bengaluru,1,12,1,Kolkata Knight Riders,Royal Challengers Bengaluru,BB McCullum,SB Joshi,RT Ponting,0,0,0,0,0,0,0,0,0,"","",""
335982,2008,2008-04-18,M Chinnaswamy Stadium,Bengaluru,1,12,2,Kolkata Knight Riders,Royal Challengers Bengaluru,BB McCullum,SB Joshi,RT Ponting,6,0,6,0,0,0,0,0,0,"","",""
335982,2008,2008-04-18,M Chinnaswamy Stadium,Bengaluru,1,12,3,Kolkata Knight Riders,Royal Challengers Bengaluru,BB McCullum,SB Joshi,RT Ponting,2,0,2,0,0,0,0,0,0,"","",""
335982,2008,2008-04-18,M Chinnaswamy Stadium,Bengaluru,1,12,4,Kolkata Knight Riders,Royal Challengers Bengaluru,BB McCullum,SB Joshi,RT Ponting,1,0,1,0,0,0,0,0,0,"","",""
335982,2008,2008-04-18,M Chinnaswamy Stadium,Bengaluru,1,12,5,Kolkata Knight Riders,Royal Challengers Bengaluru,RT Ponting,SB Joshi,BB McCullum,0,0,0,0,0,0,0,0,0,"","",""
335982,2008,2008-04-18,M Chinnaswamy Stadium,Bengaluru,1,12,6,Kolkata Knight Riders,Royal Challengers Bengaluru,RT Ponting,SB Joshi,BB McCullum,1,0,1,0,0,0,0,0,0,"","",""
335982,2008,2008-04-18,M Chinnaswamy Stadium,Bengaluru,1,13,1,Kolkata Knight Riders,Royal Challengers Bengaluru,RT Ponting,JH Kallis,BB McCullum,0,0,0,0,0,0,0,0,1,RT Ponting,caught,P Kumar
335982,2008,2008-04-18,M Chinnaswamy Stadium,Bengaluru,1,13,2,Kolkata Knight Riders,Royal Challengers Bengaluru,BB McCullum,JH Kallis,DJ Hussey,4,0,4,0,0,0,0,0,0,"","",""
335982,2008,2008-04-18,M Chinnaswamy Stadium,Bengaluru,1,13,3,Kolkata Knight Riders,Royal Challengers Bengaluru,BB McCullum,JH Kallis,DJ Hussey,0,0,0,0,0,0,0,0,0,"","",""
335982,2008,2008-04-18,M Chinnaswamy Stadium,Bengaluru,1,13,4,Kolkata Knight Riders,Royal Challengers Bengaluru,BB McCullum,JH Kallis,DJ Hussey,2,0,2,0,0,0,0,0,0,"","",""
335982,2008,2008-04-18,M Chinnaswamy Stadium,Bengaluru,1,13,5,Kolkata Knight Riders,Royal Challengers Bengaluru,BB McCullum,JH Kallis,DJ Hussey,0,1,1,1,0,0,0,0,0,"","",""
335982,2008,2008-04-18,M Chinnaswamy Stadium,Bengaluru,1,13,6,Kolkata Knight Riders,Royal Challengers Bengaluru,BB McCullum,JH Kallis,DJ Hussey,4,0,4,0,0,0,0,0,0,"","",""
335982,2008,2008-04-18,M Chinnaswamy Stadium,Bengaluru,1,13,7,Kolkata Knight Riders,Royal Challengers Bengaluru,BB McCullum,JH Kallis,DJ Hussey,1,0,1,0,0,0,0,0,0,"","",""
335982,2008,2008-04-18,M Chinnaswamy Stadium,Bengaluru,1,14,1,Kolkata Knight Riders,Royal Challengers Bengaluru,BB McCullum,SB Joshi,DJ Hussey,1,0,1,0,0,0,0,0,0,"","",""
335982,2008,2008-04-18,M Chinnaswamy Stadium,Bengaluru,1,14,2,Kolkata Knight Riders,Royal Challengers Bengaluru,DJ Hussey,SB Joshi,BB McCullum,0,0,0,0,0,0,0,0,0,"","",""
335982,2008,2008-04-18,M Chinnaswamy Stadium,Bengaluru,1,14,3,Kolkata Knight Riders,Royal Challengers Bengaluru,DJ Hussey,SB Joshi,BB McCullum,1,0,1,0,0,0,0,0,0,"","",""
335982,2008,2008-04-18,M Chinnaswamy Stadium,Bengaluru,1,14,4,Kolkata Knight Riders,Royal Challengers Bengaluru,BB McCullum,SB Joshi,DJ Hussey,1,0,1,0,0,0,0,0,0,"","",""
335982,2008,2008-04-18,M Chinnaswamy Stadium,Bengaluru,1,14,5,Kolkata Knight Riders,Royal Challengers Bengaluru,DJ Hussey,SB Joshi,BB McCullum,1,0,1,0,0,0,0,0,0,"","",""
335982,2008,2008-04-18,M Chinnaswamy Stadium,Bengaluru,1,14,6,Kolkata Knight Riders,Royal Challengers Bengaluru,BB McCullum,SB Joshi,DJ Hussey,2,0,2,0,0,0,0,0,0,"","",""
335982,2008,2008-04-18,M Chinnaswamy Stadium,Bengaluru,1,15,1,Kolkata Knight Riders,Royal Challengers Bengaluru,DJ Hussey,CL White,BB McCullum,4,0,4,0,0,0,0,0,0,"","",""
335982,2008,2008-04-18,M Chinnaswamy Stadium,Bengaluru,1,15,2,Kolkata Knight Riders,Royal Challengers Bengaluru,DJ Hussey,CL White,BB McCullum,1,0,1,0,0,0,0,0,0,"","",""
335982,2008,2008-04-18,M Chinnaswamy Stadium,Bengaluru,1,15,3,Kolkata Knight Riders,Royal Challengers Bengaluru,BB McCullum,CL White,DJ Hussey,6,0,6,0,0,0,0,0,0,"","",""
335982,2008,2008-04-18,M Chinnaswamy Stadium,Bengaluru,1,15,4,Kolkata Knight Riders,Royal Challengers Bengaluru,BB McCullum,CL White,DJ Hussey,4,0,4,0,0,0,0,0,0,"","",""
335982,2008,2008-04-18,M Chinnaswamy Stadium,Bengaluru,1,15,5,Kolkata Knight Riders,Royal Challengers Bengaluru,BB McCullum,CL White,DJ Hussey,0,2,2,2,0,0,0,0,0,"","",""
335982,2008,2008-04-18,M Chinnaswamy Stadium,Bengaluru,1,15,6,Kolkata Knight Riders,Royal Challengers Bengaluru,DJ Hussey,CL White,BB McCullum,1,0,1,0,0,0,0,0,0,"","",""
335982,2008,2008-04-18,M Chinnaswamy Stadium,Bengaluru,1,15,7,Kolkata Knight Riders,Royal Challengers Bengaluru,BB McCullum,CL White,DJ Hussey,6,0,6,0,0,0,0,0,0,"","",""
335982,2008,2008-04-18,M Chinnaswamy Stadium,Bengaluru,1,16,1,Kolkata Knight Riders,Royal Challengers Bengaluru,DJ Hussey,AA Noffke,BB McCullum,0,0,0,0,0,0,0,0,0,"","",""
335982,2008,2008-04-18,M Chinnaswamy Stadium,Bengaluru,1,16,2,Kolkata Knight Riders,Royal Challengers Bengaluru,DJ Hussey,AA Noffke,BB McCullum,1,0,1,0,0,0,0,0,0,"","",""
335982,2008,2008-04-18,M Chinnaswamy Stadium,Bengaluru,1,16,3,Kolkata Knight Riders,Royal Challengers Bengaluru,BB McCullum,AA Noffke,DJ Hussey,2,0,2,0,0,0,0,0,0,"","",""
335982,2008,2008-04-18,M Chinnaswamy Stadium,Bengaluru,1,16,4,Kolkata Knight Riders,Royal Challengers Bengaluru,BB McCullum,AA Noffke,DJ Hussey,0,0,0,0,0,0,0,0,0,"","",""
335982,2008,2008-04-18,M Chinnaswamy Stadium,Bengaluru,1,16,5,Kolkata Knight Riders,Royal Challengers Bengaluru,BB McCullum,AA Noffke,DJ Hussey,1,0,1,0,0,0,0,0,0,"","",""
335982,2008,2008-04-18,M Chinnaswamy Stadium,Bengaluru,1,16,6,Kolkata Knight Riders,Royal Challengers Bengaluru,DJ Hussey,AA Noffke,BB McCullum,0,0,0,0,0,0,0,0,0,"","",""
335982,2008,2008-04-18,M Chinnaswamy Stadium,Bengaluru,1,17,1,Kolkata Knight Riders,Royal Challengers Bengaluru,BB McCullum,Z Khan,DJ Hussey,1,0,1,0,0,0,0,0,0,"","",""
335982,2008,2008-04-18,M Chinnaswamy Stadium,Bengaluru,1,17,2,Kolkata Knight Riders,Royal Challengers Bengaluru,DJ Hussey,Z Khan,BB McCullum,2,0,2,0,0,0,0,0,0,"","",""
335982,2008,2008-04-18,M Chinnaswamy Stadium,Bengaluru,1,17,3,Kolkata Knight Riders,Royal Challengers Bengaluru,DJ Hussey,Z Khan,BB McCullum,1,0,1,0,0,0,0,0,0,"","",""
335982,2008,2008-04-18,M Chinnaswamy Stadium,Bengaluru,1,17,4,Kolkata Knight Riders,Royal Challengers Bengaluru,BB McCullum,Z Khan,DJ Hussey,6,0,6,0,0,0,0,0,0,"","",""
335982,2008,2008-04-18,M Chinnaswamy Stadium,Bengaluru,1,17,5,Kolkata Knight Riders,Royal Challengers Bengaluru,BB McCullum,Z Khan,DJ Hussey,2,0,2,0,0,0,0,0,0,"","",""
335982,2008,2008-04-18,M Chinnaswamy Stadium,Bengaluru,1,17,6,Kolkata Knight Riders,Royal Challengers Bengaluru,BB McCullum,Z Khan,DJ Hussey,2,0,2,0,0,0,0,0,0,"","",""
335982,2008,2008-04-18,M Chinnaswamy Stadium,Bengaluru,1,18,1,Kolkata Knight Riders,Royal Challengers Bengaluru,DJ Hussey,AA Noffke,BB McCullum,0,0,0,0,0,0,0,0,1,DJ Hussey,caught,CL White
335982,2008,2008-04-18,M Chinnaswamy Stadium,Bengaluru,1,18,2,Kolkata Knight Riders,Royal Challengers Bengaluru,BB McCullum,AA Noffke,Mohammad Hafeez,1,0,1,0,0,0,0,0,0,"","",""
335982,2008,2008-04-18,M Chinnaswamy Stadium,Bengaluru,1,18,3,Kolkata Knight Riders,Royal Challengers Bengaluru,Mohammad Hafeez,AA Noffke,BB McCullum,0,0,0,0,0,0,0,0,0,"","",""
335982,2008,2008-04-18,M Chinnaswamy Stadium,Bengaluru,1,18,4,Kolkata Knight Riders,Royal Challengers Bengaluru,Mohammad Hafeez,AA Noffke,BB McCullum,1,0,1,0,0,0,0,0,0,"","",""
335982,2008,2008-04-18,M Chinnaswamy Stadium,Bengaluru,1,18,5,Kolkata Knight Riders,Royal Challengers Bengaluru,BB McCullum,AA Noffke,Mohammad Hafeez,4,0,4,0,0,0,0,0,0,"","",""
335982,2008,2008-04-18,M Chinnaswamy Stadium,Bengaluru,1,18,6,Kolkata Knight Riders,Royal Challengers Bengaluru,BB McCullum,AA Noffke,Mohammad Hafeez,1,0,1,0,0,0,0,0,0,"","",""
335982,2008,2008-04-18,M Chinnaswamy Stadium,Bengaluru,1,19,1,Kolkata Knight Riders,Royal Challengers Bengaluru,BB McCullum,JH Kallis,Mohammad Hafeez,6,0,6,0,0,0,0,0,0,"","",""
335982,2008,2008-04-18,M Chinnaswamy Stadium,Bengaluru,1,19,2,Kolkata Knight Riders,Royal Challengers Bengaluru,BB McCullum,JH Kallis,Mohammad Hafeez,0,0,0,0,0,0,0,0,0,"","",""
335982,2008,2008-04-18,M Chinnaswamy Stadium,Bengaluru,1,19,3,Kolkata Knight Riders,Royal Challengers Bengaluru,BB McCullum,JH Kallis,Mohammad Hafeez,6,0,6,0,0,0,0,0,0,"","",""
335982,2008,2008-04-18,M Chinnaswamy Stadium,Bengaluru,1,19,4,Kolkata Knight Riders,Royal Challengers Bengaluru,BB McCullum,JH Kallis,Mohammad Hafeez,4,0,4,0,0,0,0,0,0,"","",""
335982,2008,2008-04-18,M Chinnaswamy Stadium,Bengaluru,1,19,5,Kolkata Knight Riders,Royal Challengers Bengaluru,BB McCullum,JH Kallis,Mohammad Hafeez,1,0,1,0,0,0,0,0,0,"","",""
335982,2008,2008-04-18,M Chinnaswamy Stadium,Bengaluru,1,19,6,Kolkata Knight Riders,Royal Challengers Bengaluru,Mohammad Hafeez,JH Kallis,BB McCullum,4,0,4,0,0,0,0,0,0,"","",""
335982,2008,2008-04-18,M Chinnaswamy Stadium,Bengaluru,1,20,1,Kolkata Knight Riders,Royal Challengers Bengaluru,BB McCullum,P Kumar,Mohammad Hafeez,6,0,6,0,0,0,0,0,0,"","",""
335982,2008,2008-04-18,M Chinnaswamy Stadium,Bengaluru,1,20,2,Kolkata Knight Riders,Royal Challengers Bengaluru,BB McCullum,P Kumar,Mohammad Hafeez,6,0,6,0,0,0,0,0,0,"","",""
335982,2008,2008-04-18,M Chinnaswamy Stadium,Bengaluru,1,20,3,Kolkata Knight Riders,Royal Challengers Bengaluru,BB McCullum,P Kumar,Mohammad Hafeez,2,0,2,0,0,0,0,0,0,"","",""
335982,2008,2008-04-18,M Chinnaswamy Stadium,Bengaluru,1,20,4,Kolkata Knight Riders,Royal Challengers Bengaluru,BB McCullum,P Kumar,Mohammad Hafeez,0,0,0,0,0,0,0,0,0,"","",""
335982,2008,2008-04-18,M Chinnaswamy Stadium,Bengaluru,1,20,5,Kolkata Knight Riders,Royal Challengers Bengaluru,BB McCullum,P Kumar,Mohammad Hafeez,2,0,2,0,0,0,0,0,0,"","",""
335982,2008,2008-04-18,M Chinnaswamy Stadium,Bengaluru,1,20,6,Kolkata Knight Riders,Royal Challengers Bengaluru,BB McCullum,P Kumar,Mohammad Hafeez,6,0,6,0,0,0,0,0,0,"","",""
335982,2008,2008-04-18,M Chinnaswamy Stadium,Bengaluru,2,1,1,Royal Challengers Bengaluru,Kolkata Knight Riders,R Dravid,AB Dinda,W Jaffer,1,0,1,0,0,0,0,0,0,"","",""
335982,2008,2008-04-18,M Chinnaswamy Stadium,Bengaluru,2,1,2,Royal Challengers Bengaluru,Kolkata Knight Riders,W Jaffer,AB Dinda,R Dravid,0,1,1,1,0,0,0,0,0,"","",""
335982,2008,2008-04-18,M Chinnaswamy Stadium,Bengaluru,2,1,3,Royal Challengers Bengaluru,Kolkata Knight Riders,W Jaffer,AB Dinda,R Dravid,0,0,0,0,0,0,0,0,0,"","",""
335982,2008,2008-04-18,M Chinnaswamy Stadium,Bengaluru,2,1,4,Royal Challengers Bengaluru,Kolkata Knight Riders,W Jaffer,AB Dinda,R Dravid,1,0,1,0,0,0,0,0,0,"","",""
335982,2008,2008-04-18,M Chinnaswamy Stadium,Bengaluru,2,1,5,Royal Challengers Bengaluru,Kolkata Knight Riders,R Dravid,AB Dinda,W Jaffer,1,0,1,0,0,0,0,0,0,"","",""
335982,2008,2008-04-18,M Chinnaswamy Stadium,Bengaluru,2,1,6,Royal Challengers Bengaluru,Kolkata Knight Riders,W Jaffer,AB Dinda,R Dravid,0,0,0,0,0,0,0,0,0,"","",""
335982,2008,2008-04-18,M Chinnaswamy Stadium,Bengaluru,2,1,7,Royal Challengers Bengaluru,Kolkata Knight Riders,W Jaffer,AB Dinda,R Dravid,0,0,0,0,0,0,0,0,0,"","",""
335982,2008,2008-04-18,M Chinnaswamy Stadium,Bengaluru,2,2,1,Royal Challengers Bengaluru,Kolkata Knight Riders,R Dravid,I Sharma,W Jaffer,0,0,0,0,0,0,0,0,1,R Dravid,bowled,""
335982,2008,2008-04-18,M Chinnaswamy Stadium,Bengaluru,2,2,2,Royal Challengers Bengaluru,Kolkata Knight Riders,V Kohli,I Sharma,W Jaffer,0,0,0,0,0,0,0,0,0,"","",""
335982,2008,2008-04-18,M Chinnaswamy Stadium,Bengaluru,2,2,3,Royal Challengers Bengaluru,Kolkata Knight Riders,V Kohli,I Sharma,W Jaffer,0,4,4,0,0,0,4,0,0,"","",""
335982,2008,2008-04-18,M Chinnaswamy Stadium,Bengaluru,2,2,4,Royal Challengers Bengaluru,Kolkata Knight Riders,V Kohli,I Sharma,W Jaffer,1,0,1,0,0,0,0,0,0,"","",""
335982,2008,2008-04-18,M Chinnaswamy Stadium,Bengaluru,2,2,5,Royal Challengers Bengaluru,Kolkata Knight Riders,W Jaffer,I Sharma,V Kohli,0,0,0,0,0,0,0,0,0,"","",""
335982,2008,2008-04-18,M Chinnaswamy Stadium,Bengaluru,2,2,6,Royal Challengers Bengaluru,Kolkata Knight Riders,W Jaffer,I Sharma,V Kohli,0,0,0,0,0,0,0,0,0,"","",""
335982,2008,2008-04-18,M Chinnaswamy Stadium,Bengaluru,2,3,1,Royal Challengers Bengaluru,Kolkata Knight Riders,V Kohli,AB Dinda,W Jaffer,0,0,0,0,0,0,0,0,0,"","",""
335982,2008,2008-04-18,M Chinnaswamy Stadium,Bengaluru,2,3,2,Royal Challengers Bengaluru,Kolkata Knight Riders,V Kohli,AB Dinda,W Jaffer,0,0,0,0,0,0,0,0,1,V Kohli,bowled,""
335982,2008,2008-04-18,M Chinnaswamy Stadium,Bengaluru,2,3,3,Royal Challengers Bengaluru,Kolkata Knight Riders,JH Kallis,AB Dinda,W Jaffer,1,0,1,0,0,0,0,0,0,"","",""
335982,2008,2008-04-18,M Chinnaswamy Stadium,Bengaluru,2,3,4,Royal Challengers Bengaluru,Kolkata Knight Riders,W Jaffer,AB Dinda,JH Kallis,0,0,0,0,0,0,0,0,0,"","",""
335982,2008,2008-04-18,M Chinnaswamy Stadium,Bengaluru,2,3,5,Royal Challengers Bengaluru,Kolkata Knight Riders,W Jaffer,AB Dinda,JH Kallis,0,1,1,1,0,0,0,0,0,"","",""
335982,2008,2008-04-18,M Chinnaswamy Stadium,Bengaluru,2,3,6,Royal Challengers Bengaluru,Kolkata Knight Riders,W Jaffer,AB Dinda,JH Kallis,0,0,0,0,0,0,0,0,0,"","",""
335982,2008,2008-04-18,M Chinnaswamy Stadium,Bengaluru,2,3,7,Royal Challengers Bengaluru,Kolkata Knight Riders,W Jaffer,AB Dinda,JH Kallis,1,0,1,0,0,0,0,0,0,"","",""
335982,2008,2008-04-18,M Chinnaswamy Stadium,Bengaluru,2,4,1,Royal Challengers Bengaluru,Kolkata Knight Riders,W Jaffer,I Sharma,JH Kallis,2,0,2,0,0,0,0,0,0,"","",""
335982,2008,2008-04-18,M Chinnaswamy Stadium,Bengaluru,2,4,2,Royal Challengers Bengaluru,Kolkata Knight Riders,W Jaffer,I Sharma,JH Kallis,1,0,1,0,0,0,0,0,0,"","",""
335982,2008,2008-04-18,M Chinnaswamy Stadium,Bengaluru,2,4,3,Royal Challengers Bengaluru,Kolkata Knight Riders,JH Kallis,I Sharma,W Jaffer,0,0,0,0,0,0,0,0,0,"","",""
335982,2008,2008-04-18,M Chinnaswamy Stadium,Bengaluru,2,4,4,Royal Challengers Bengaluru,Kolkata Knight Riders,JH Kallis,I Sharma,W Jaffer,0,1,1,0,0,0,1,0,0,"","",""
335982,2008,2008-04-18,M Chinnaswamy Stadium,Bengaluru,2,4,5,Royal Challengers Bengaluru,Kolkata Knight Riders,W Jaffer,I Sharma,JH Kallis,0,0,0,0,0,0,0,0,0,"","",""
335982,2008,2008-04-18,M Chinnaswamy Stadium,Bengaluru,2,4,6,Royal Challengers Bengaluru,Kolkata Knight Riders,W Jaffer,I Sharma,JH Kallis,0,0,0,0,0,0,0,0,0,"","",""
335982,2008,2008-04-18,M Chinnaswamy Stadium,Bengaluru,2,5,1,Royal Challengers Bengaluru,Kolkata Knight Riders,JH Kallis,AB Agarkar,W Jaffer,1,0,1,0,0,0,0,0,0,"","",""
335982,2008,2008-04-18,M Chinnaswamy Stadium,Bengaluru,2,5,2,Royal Challengers Bengaluru,Kolkata Knight Riders,W Jaffer,AB Agarkar,JH Kallis,1,0,1,0,0,0,0,0,0,"","",""
335982,2008,2008-04-18,M Chinnaswamy Stadium,Bengaluru,2,5,3,Royal Challengers Bengaluru,Kolkata Knight Riders,JH Kallis,AB Agarkar,W Jaffer,0,0,0,0,0,0,0,0,0,"","",""
335982,2008,2008-04-18,M Chinnaswamy Stadium,Bengaluru,2,5,4,Royal Challengers Bengaluru,Kolkata Knight Riders,JH Kallis,AB Agarkar,W Jaffer,6,0,6,0,0,0,0,0,0,"","",""
335982,2008,2008-04-18,M Chinnaswamy Stadium,Bengaluru,2,5,5,Royal Challengers Bengaluru,Kolkata Knight Riders,JH Kallis,AB Agarkar,W Jaffer,0,0,0,0,0,0,0,0,1,JH Kallis,caught,M Kartik
335982,2008,2008-04-18,M Chinnaswamy Stadium,Bengaluru,2,5,6,Royal Challengers Bengaluru,Kolkata Knight Riders,CL White,AB Agarkar,W Jaffer,0,0,0,0,0,0,0,0,0,"","",""
335982,2008,2008-04-18,M Chinnaswamy Stadium,Bengaluru,2,6,1,Royal Challengers Bengaluru,Kolkata Knight Riders,W Jaffer,AB Dinda,CL White,0,0,0,0,0,0,0,0,0,"","",""
335982,2008,2008-04-18,M Chinnaswamy Stadium,Bengaluru,2,6,2,Royal Challengers Bengaluru,Kolkata Knight Riders,W Jaffer,AB Dinda,CL White,0,0,0,0,0,0,0,0,1,W Jaffer,caught,RT Ponting
335982,2008,2008-04-18,M Chinnaswamy Stadium,Bengaluru,2,6,3,Royal Challengers Bengaluru,Kolkata Knight Riders,MV Boucher,AB Dinda,CL White,0,0,0,0,0,0,0,0,0,"","",""
335982,2008,2008-04-18,M Chinnaswamy Stadium,Bengaluru,2,6,4,Royal Challengers Bengaluru,Kolkata Knight Riders,MV Boucher,AB Dinda,CL White,1,0,1,0,0,0,0,0,0,"","",""
335982,2008,2008-04-18,M Chinnaswamy Stadium,Bengaluru,2,6,5,Royal Challengers Bengaluru,Kolkata Knight Riders,CL White,AB Dinda,MV Boucher,1,0,1,0,0,0,0,0,0,"","",""
335982,2008,2008-04-18,M Chinnaswamy Stadium,Bengaluru,2,6,6,Royal Challengers Bengaluru,Kolkata Knight Riders,MV Boucher,AB Dinda,CL White,0,0,0,0,0,0,0,0,0,"","",""
335982,2008,2008-04-18,M Chinnaswamy Stadium,Bengaluru,2,7,1,Royal Challengers Bengaluru,Kolkata Knight Riders,CL White,AB Agarkar,MV Boucher,0,0,0,0,0,0,0,0,0,"","",""
335982,2008,2008-04-18,M Chinnaswamy Stadium,Bengaluru,2,7,2,Royal Challengers Bengaluru,Kolkata Knight Riders,CL White,AB Agarkar,MV Boucher,0,0,0,0,0,0,0,0,0,"","",""
335982,2008,2008-04-18,M Chinnaswamy Stadium,Bengaluru,2,7,3,Royal Challengers Bengaluru,Kolkata Knight Riders,CL White,AB Agarkar,MV Boucher,1,0,1,0,0,0,0,0,0,"","",""
335982,2008,2008-04-18,M Chinnaswamy Stadium,Bengaluru,2,7,4,Royal Challengers Bengaluru,Kolkata Knight Riders,MV Boucher,AB Agarkar,CL White,0,1,1,1,0,0,0,0,0,"","",""
335982,2008,2008-04-18,M Chinnaswamy Stadium,Bengaluru,2,7,5,Royal Challengers Bengaluru,Kolkata Knight Riders,MV Boucher,AB Agarkar,CL White,0,1,1,1,0,0,0,0,0,"","",""
335982,2008,2008-04-18,M Chinnaswamy Stadium,Bengaluru,2,7,6,Royal Challengers Bengaluru,Kolkata Knight Riders,MV Boucher,AB Agarkar,CL White,0,0,0,0,0,0,0,0,0,"","",""
335982,2008,2008-04-18,M Chinnaswamy Stadium,Bengaluru,2,7,7,Royal Challengers Bengaluru,Kolkata Knight Riders,MV Boucher,AB Agarkar,CL White,0,0,0,0,0,0,0,0,0,"","",""
335982,2008,2008-04-18,M Chinnaswamy Stadium,Bengaluru,2,7,8,Royal Challengers Bengaluru,Kolkata Knight Riders,MV Boucher,AB Agarkar,CL White,4,0,4,0,0,0,0,0,0,"","",""
335982,2008,2008-04-18,M Chinnaswamy Stadium,Bengaluru,2,8,1,Royal Challengers Bengaluru,Kolkata Knight Riders,CL White,SC Ganguly,MV Boucher,1,0,1,0,0,0,0,0,0,"","",""
335982,2008,2008-04-18,M Chinnaswamy Stadium,Bengaluru,2,8,2,Royal Challengers Bengaluru,Kolkata Knight Riders,MV Boucher,SC Ganguly,CL White,0,1,1,0,0,0,1,0,0,"","",""
335982,2008,2008-04-18,M Chinnaswamy Stadium,Bengaluru,2,8,3,Royal Challengers Bengaluru,Kolkata Knight Riders,CL White,SC Ganguly,MV Boucher,1,0,1,0,0,0,0,0,0,"","",""
335982,2008,2008-04-18,M Chinnaswamy Stadium,Bengaluru,2,8,4,Royal Challengers Bengaluru,Kolkata Knight Riders,MV Boucher,SC Ganguly,CL White,2,0,2,0,0,0,0,0,0,"","",""
335982,2008,2008-04-18,M Chinnaswamy Stadium,Bengaluru,2,8,5,Royal Challengers Bengaluru,Kolkata Knight Riders,MV Boucher,SC Ganguly,CL White,0,0,0,0,0,0,0,0,1,MV Boucher,caught,M Kartik
335982,2008,2008-04-18,M Chinnaswamy Stadium,Bengaluru,2,8,6,Royal Challengers Bengaluru,Kolkata Knight Riders,CL White,SC Ganguly,B Akhil,0,0,0,0,0,0,0,0,0,"","",""
335982,2008,2008-04-18,M Chinnaswamy Stadium,Bengaluru,2,9,1,Royal Challengers Bengaluru,Kolkata Knight Riders,B Akhil,AB Agarkar,CL White,0,0,0,0,0,0,0,0,0,"","",""
335982,2008,2008-04-18,M Chinnaswamy Stadium,Bengaluru,2,9,2,Royal Challengers Bengaluru,Kolkata Knight Riders,B Akhil,AB Agarkar,CL White,0,0,0,0,0,0,0,0,1,B Akhil,caught,RT Ponting
335982,2008,2008-04-18,M Chinnaswamy Stadium,Bengaluru,2,9,3,Royal Challengers Bengaluru,Kolkata Knight Riders,AA Noffke,AB Agarkar,CL White,0,0,0,0,0,0,0,0,0,"","",""
335982,2008,2008-04-18,M Chinnaswamy Stadium,Bengaluru,2,9,4,Royal Challengers Bengaluru,Kolkata Knight Riders,AA Noffke,AB Agarkar,CL White,0,1,1,1,0,0,0,0,0,"","",""
335982,2008,2008-04-18,M Chinnaswamy Stadium,Bengaluru,2,9,5,Royal Challengers Bengaluru,Kolkata Knight Riders,AA Noffke,AB Agarkar,CL White,0,1,1,1,0,0,0,0,0,"","",""
335982,2008,2008-04-18,M Chinnaswamy Stadium,Bengaluru,2,9,6,Royal Challengers Bengaluru,Kolkata Knight Riders,AA Noffke,AB Agarkar,CL White,1,0,1,0,0,0,0,0,0,"","",""
335982,2008,2008-04-18,M Chinnaswamy Stadium,Bengaluru,2,9,7,Royal Challengers Bengaluru,Kolkata Knight Riders,CL White,AB Agarkar,AA Noffke,2,0,2,0,0,0,0,0,0,"","",""
335982,2008,2008-04-18,M Chinnaswamy Stadium,Bengaluru,2,9,8,Royal Challengers Bengaluru,Kolkata Knight Riders,CL White,AB Agarkar,AA Noffke,0,0,0,0,0,0,0,0,1,CL White,caught,WP Saha
335982,2008,2008-04-18,M Chinnaswamy Stadium,Bengaluru,2,10,1,Royal Challengers Bengaluru,Kolkata Knight Riders,AA Noffke,SC Ganguly,P Kumar,1,0,1,0,0,0,0,0,0,"","",""
335982,2008,2008-04-18,M Chinnaswamy Stadium,Bengaluru,2,10,2,Royal Challengers Bengaluru,Kolkata Knight Riders,P Kumar,SC Ganguly,AA Noffke,0,0,0,0,0,0,0,0,0,"","",""
335982,2008,2008-04-18,M Chinnaswamy Stadium,Bengaluru,2,10,3,Royal Challengers Bengaluru,Kolkata Knight Riders,P Kumar,SC Ganguly,AA Noffke,0,0,0,0,0,0,0,0,0,"","",""
335982,2008,2008-04-18,M Chinnaswamy Stadium,Bengaluru,2,10,4,Royal Challengers Bengaluru,Kolkata Knight Riders,P Kumar,SC Ganguly,AA Noffke,0,1,1,1,0,0,0,0,0,"","",""
335982,2008,2008-04-18,M Chinnaswamy Stadium,Bengaluru,2,10,5,Royal Challengers Bengaluru,Kolkata Knight Riders,P Kumar,SC Ganguly,AA Noffke,0,1,1,0,0,0,1,0,0,"","",""
335982,2008,2008-04-18,M Chinnaswamy Stadium,Bengaluru,2,10,6,Royal Challengers Bengaluru,Kolkata Knight Riders,AA Noffke,SC Ganguly,P Kumar,4,0,4,0,0,0,0,0,0,"","",""
335982,2008,2008-04-18,M Chinnaswamy Stadium,Bengaluru,2,10,7,Royal Challengers Bengaluru,Kolkata Knight Riders,AA Noffke,SC Ganguly,P Kumar,1,0,1,0,0,0,0,0,0,"","",""
335982,2008,2008-04-18,M Chinnaswamy Stadium,Bengaluru,2,11,1,Royal Challengers Bengaluru,Kolkata Knight Riders,AA Noffke,AB Agarkar,P Kumar,0,0,0,0,0,0,0,0,0,"","",""
335982,2008,2008-04-18,M Chinnaswamy Stadium,Bengaluru,2,11,2,Royal Challengers Bengaluru,Kolkata Knight Riders,AA Noffke,AB Agarkar,P Kumar,0,0,0,0,0,0,0,0,0,"","",""
335982,2008,2008-04-18,M Chinnaswamy Stadium,Bengaluru,2,11,3,Royal Challengers Bengaluru,Kolkata Knight Riders,AA Noffke,AB Agarkar,P Kumar,0,0,0,0,0,0,0,0,0,"","",""
335982,2008,2008-04-18,M Chinnaswamy Stadium,Bengaluru,2,11,4,Royal Challengers Bengaluru,Kolkata Knight Riders,AA Noffke,AB Agarkar,P Kumar,1,0,1,0,0,0,0,0,0,"","",""
335982,2008,2008-04-18,M Chinnaswamy Stadium,Bengaluru,2,11,5,Royal Challengers Bengaluru,Kolkata Knight Riders,P Kumar,AB Agarkar,AA Noffke,4,0,4,0,0,0,0,0,0,"","",""
335982,2008,2008-04-18,M Chinnaswamy Stadium,Bengaluru,2,11,6,Royal Challengers Bengaluru,Kolkata Knight Riders,P Kumar,AB Agarkar,AA Noffke,0,0,0,0,0,0,0,0,0,"","",""
335982,2008,2008-04-18,M Chinnaswamy Stadium,Bengaluru,2,12,1,Royal Challengers Bengaluru,Kolkata Knight Riders,AA Noffke,SC Ganguly,P Kumar,1,0,1,0,0,0,0,0,1,AA Noffke,run out,AB Agarkar
335982,2008,2008-04-18,M Chinnaswamy Stadium,Bengaluru,2,12,2,Royal Challengers Bengaluru,Kolkata Knight Riders,Z Khan,SC Ganguly,P Kumar,0,0,0,0,0,0,0,0,0,"","",""
335982,2008,2008-04-18,M Chinnaswamy Stadium,Bengaluru,2,12,3,Royal Challengers Bengaluru,Kolkata Knight Riders,Z Khan,SC Ganguly,P Kumar,0,0,0,0,0,0,0,0,0,"","",""
335982,2008,2008-04-18,M Chinnaswamy Stadium,Bengaluru,2,12,4,Royal Challengers Bengaluru,Kolkata Knight Riders,Z Khan,SC Ganguly,P Kumar,1,0,1,0,0,0,0,0,0,"","",""
335982,2008,2008-04-18,M Chinnaswamy Stadium,Bengaluru,2,12,5,Royal Challengers Bengaluru,Kolkata Knight Riders,P Kumar,SC Ganguly,Z Khan,0,0,0,0,0,0,0,0,0,"","",""
335982,2008,2008-04-18,M Chinnaswamy Stadium,Bengaluru,2,12,6,Royal Challengers Bengaluru,Kolkata Knight Riders,P Kumar,SC Ganguly,Z Khan,1,0,1,0,0,0,0,0,0,"","",""
335982,2008,2008-04-18,M Chinnaswamy Stadium,Bengaluru,2,13,1,Royal Challengers Bengaluru,Kolkata Knight Riders,P Kumar,LR Shukla,Z Khan,6,0,6,0,0,0,0,0,0,"","",""
335982,2008,2008-04-18,M Chinnaswamy Stadium,Bengaluru,2,13,2,Royal Challengers Bengaluru,Kolkata Knight Riders,P Kumar,LR Shukla,Z Khan,0,2,2,2,0,0,0,0,0,"","",""
335982,2008,2008-04-18,M Chinnaswamy Stadium,Bengaluru,2,13,3,Royal Challengers Bengaluru,Kolkata Knight Riders,Z Khan,LR Shukla,P Kumar,1,0,1,0,0,0,0,0,0,"","",""
335982,2008,2008-04-18,M Chinnaswamy Stadium,Bengaluru,2,13,4,Royal Challengers Bengaluru,Kolkata Knight Riders,P Kumar,LR Shukla,Z Khan,1,0,1,0,0,0,0,0,0,"","",""
335982,2008,2008-04-18,M Chinnaswamy Stadium,Bengaluru,2,13,5,Royal Challengers Bengaluru,Kolkata Knight Riders,Z Khan,LR Shukla,P Kumar,0,0,0,0,0,0,0,0,0,"","",""
335982,2008,2008-04-18,M Chinnaswamy Stadium,Bengaluru,2,13,6,Royal Challengers Bengaluru,Kolkata Knight Riders,Z Khan,LR Shukla,P Kumar,0,0,0,0,0,0,0,0,0,"","",""
335982,2008,2008-04-18,M Chinnaswamy Stadium,Bengaluru,2,13,7,Royal Challengers Bengaluru,Kolkata Knight Riders,Z Khan,LR Shukla,P Kumar,1,0,1,0,0,0,0,0,0,"","",""
335982,2008,2008-04-18,M Chinnaswamy Stadium,Bengaluru,2,14,1,Royal Challengers Bengaluru,Kolkata Knight Riders,Z Khan,SC Ganguly,P Kumar,0,0,0,0,0,0,0,0,1,Z Khan,bowled,""
335982,2008,2008-04-18,M Chinnaswamy Stadium,Bengaluru,2,14,2,Royal Challengers Bengaluru,Kolkata Knight Riders,SB Joshi,SC Ganguly,P Kumar,1,0,1,0,0,0,0,0,0,"","",""
335982,2008,2008-04-18,M Chinnaswamy Stadium,Bengaluru,2,14,3,Royal Challengers Bengaluru,Kolkata Knight Riders,P Kumar,SC Ganguly,SB Joshi,0,0,0,0,0,0,0,0,0,"","",""
335982,2008,2008-04-18,M Chinnaswamy Stadium,Bengaluru,2,14,4,Royal Challengers Bengaluru,Kolkata Knight Riders,P Kumar,SC Ganguly,SB Joshi,0,0,0,0,0,0,0,0,0,"","",""
335982,2008,2008-04-18,M Chinnaswamy Stadium,Bengaluru,2,14,5,Royal Challengers Bengaluru,Kolkata Knight Riders,P Kumar,SC Ganguly,SB Joshi,0,0,0,0,0,0,0,0,0,"","",""
335982,2008,2008-04-18,M Chinnaswamy Stadium,Bengaluru,2,14,6,Royal Challengers Bengaluru,Kolkata Knight Riders,P Kumar,SC Ganguly,SB Joshi,6,0,6,0,0,0,0,0,0,"","",""
335982,2008,2008-04-18,M Chinnaswamy Stadium,Bengaluru,2,15,1,Royal Challengers Bengaluru,Kolkata Knight Riders,SB Joshi,I Sharma,P Kumar,0,1,1,1,0,0,0,0,0,"","",""
335982,2008,2008-04-18,M Chinnaswamy Stadium,Bengaluru,2,15,2,Royal Challengers Bengaluru,Kolkata Knight Riders,SB Joshi,I Sharma,P Kumar,0,0,0,0,0,0,0,0,0,"","",""
335982,2008,2008-04-18,M Chinnaswamy Stadium,Bengaluru,2,15,3,Royal Challengers Bengaluru,Kolkata Knight Riders,SB Joshi,I Sharma,P Kumar,0,0,0,0,0,0,0,0,0,"","",""
335982,2008,2008-04-18,M Chinnaswamy Stadium,Bengaluru,2,15,4,Royal Challengers Bengaluru,Kolkata Knight Riders,SB Joshi,I Sharma,P Kumar,1,0,1,0,0,0,0,0,0,"","",""
335982,2008,2008-04-18,M Chinnaswamy Stadium,Bengaluru,2,15,5,Royal Challengers Bengaluru,Kolkata Knight Riders,P Kumar,I Sharma,SB Joshi,0,1,1,0,0,0,1,0,0,"","",""
335982,2008,2008-04-18,M Chinnaswamy Stadium,Bengaluru,2,15,6,Royal Challengers Bengaluru,Kolkata Knight Riders,SB Joshi,I Sharma,P Kumar,1,0,1,0,0,0,0,0,0,"","",""
335982,2008,2008-04-18,M Chinnaswamy Stadium,Bengaluru,2,15,7,Royal Challengers Bengaluru,Kolkata Knight Riders,P Kumar,I Sharma,SB Joshi,0,0,0,0,0,0,0,0,0,"","",""
335982,2008,2008-04-18,M Chinnaswamy Stadium,Bengaluru,2,16,1,Royal Challengers Bengaluru,Kolkata Knight Riders,SB Joshi,LR Shukla,P Kumar,0,1,1,1,0,0,0,0,0,"","",""
335982,2008,2008-04-18,M Chinnaswamy Stadium,Bengaluru,2,16,2,Royal Challengers Bengaluru,Kolkata Knight Riders,SB Joshi,LR Shukla,P Kumar,0,0,0,0,0,0,0,0,1,SB Joshi,caught,BB McCullum
335983,2008,2008-04-19,"Punjab Cricket Association Stadium, Mohali",Chandigarh,1,1,1,Chennai Super Kings,Punjab Kings,PA Patel,B Lee,ML Hayden,0,0,0,0,0,0,0,0,0,"","",""
335983,2008,2008-04-19,"Punjab Cricket Association Stadium, Mohali",Chandigarh,1,1,2,Chennai Super Kings,Punjab Kings,PA Patel,B Lee,ML Hayden,0,0,0,0,0,0,0,0,0,"","",""
335983,2008,2008-04-19,"Punjab Cricket Association Stadium, Mohali",Chandigarh,1,1,3,Chennai Super Kings,Punjab Kings,PA Patel,B Lee,ML Hayden,1,0,1,0,0,0,0,0,0,"","",""
335983,2008,2008-04-19,"Punjab Cricket Association Stadium, Mohali",Chandigarh,1,1,4,Chennai Super Kings,Punjab Kings,ML Hayden,B Lee,PA Patel,0,0,0,0,0,0,0,0,0,"","",""
335983,2008,2008-04-19,"Punjab Cricket Association Stadium, Mohali",Chandigarh,1,1,5,Chennai Super Kings,Punjab Kings,ML Hayden,B Lee,PA Patel,4,0,4,0,0,0,0,0,0,"","",""
335983,2008,2008-04-19,"Punjab Cricket Association Stadium, Mohali",Chandigarh,1,1,6,Chennai Super Kings,Punjab Kings,ML Hayden,B Lee,PA Patel,0,0,0,0,0,0,0,0,0,"","",""
335983,2008,2008-04-19,"Punjab Cricket Association Stadium, Mohali",Chandigarh,1,2,1,Chennai Super Kings,Punjab Kings,PA Patel,S Sreesanth,ML Hayden,4,0,4,0,0,0,0,0,0,"","",""
335983,2008,2008-04-19,"Punjab Cricket Association Stadium, Mohali",Chandigarh,1,2,2,Chennai Super Kings,Punjab Kings,PA Patel,S Sreesanth,ML Hayden,4,0,4,0,0,0,0,0,0,"","",""
335983,2008,2008-04-19,"Punjab Cricket Association Stadium, Mohali",Chandigarh,1,2,3,Chennai Super Kings,Punjab Kings,PA Patel,S Sreesanth,ML Hayden,4,0,4,0,0,0,0,0,0,"","",""
335983,2008,2008-04-19,"Punjab Cricket Association Stadium, Mohali",Chandigarh,1,2,4,Chennai Super Kings,Punjab Kings,PA Patel,S Sreesanth,ML Hayden,2,0,2,0,0,0,0,0,0,"","",""
335983,2008,2008-04-19,"Punjab Cricket Association Stadium, Mohali",Chandigarh,1,2,5,Chennai Super Kings,Punjab Kings,PA Patel,S Sreesanth,ML Hayden,0,1,1,1,0,0,0,0,0,"","",""
335983,2008,2008-04-19,"Punjab Cricket Association Stadium, Mohali",Chandigarh,1,2,6,Chennai Super Kings,Punjab Kings,PA Patel,S Sreesanth,ML Hayden,0,0,0,0,0,0,0,0,0,"","",""
335983,2008,2008-04-19,"Punjab Cricket Association Stadium, Mohali",Chandigarh,1,2,7,Chennai Super Kings,Punjab Kings,PA Patel,S Sreesanth,ML Hayden,0,0,0,0,0,0,0,0,0,"","",""
335983,2008,2008-04-19,"Punjab Cricket Association Stadium, Mohali",Chandigarh,1,3,1,Chennai Super Kings,Punjab Kings,ML Hayden,B Lee,PA Patel,0,0,0,0,0,0,0,0,0,"","",""
335983,2008,2008-04-19,"Punjab Cricket Association Stadium, Mohali",Chandigarh,1,3,2,Chennai Super Kings,Punjab Kings,ML Hayden,B Lee,PA Patel,4,1,5,0,1,0,0,0,0,"","",""
335983,2008,2008-04-19,"Punjab Cricket Association Stadium, Mohali",Chandigarh,1,3,3,Chennai Super Kings,Punjab Kings,ML Hayden,B Lee,PA Patel,0,0,0,0,0,0,0,0,0,"","",""
335983,2008,2008-04-19,"Punjab Cricket Association Stadium, Mohali",Chandigarh,1,3,4,Chennai Super Kings,Punjab Kings,ML Hayden,B Lee,PA Patel,1,0,1,0,0,0,0,0,0,"","",""
335983,2008,2008-04-19,"Punjab Cricket Association Stadium, Mohali",Chandigarh,1,3,5,Chennai Super Kings,Punjab Kings,PA Patel,B Lee,ML Hayden,0,0,0,0,0,0,0,0,1,PA Patel,caught,KC Sangakkara
335983,2008,2008-04-19,"Punjab Cricket Association Stadium, Mohali",Chandigarh,1,3,6,Chennai Super Kings,Punjab Kings,MEK Hussey,B Lee,ML Hayden,1,0,1,0,0,0,0,0,0,"","",""
335983,2008,2008-04-19,"Punjab Cricket Association Stadium, Mohali",Chandigarh,1,3,7,Chennai Super Kings,Punjab Kings,ML Hayden,B Lee,MEK Hussey,0,0,0,0,0,0,0,0,0,"","",""
335983,2008,2008-04-19,"Punjab Cricket Association Stadium, Mohali",Chandigarh,1,4,1,Chennai Super Kings,Punjab Kings,MEK Hussey,S Sreesanth,ML Hayden,0,0,0,0,0,0,0,0,0,"","",""
335983,2008,2008-04-19,"Punjab Cricket Association Stadium, Mohali",Chandigarh,1,4,2,Chennai Super Kings,Punjab Kings,MEK Hussey,S Sreesanth,ML Hayden,0,0,0,0,0,0,0,0,0,"","",""
335983,2008,2008-04-19,"Punjab Cricket Association Stadium, Mohali",Chandigarh,1,4,3,Chennai Super Kings,Punjab Kings,MEK Hussey,S Sreesanth,ML Hayden,1,0,1,0,0,0,0,0,0,"","",""
335983,2008,2008-04-19,"Punjab Cricket Association Stadium, Mohali",Chandigarh,1,4,4,Chennai Super Kings,Punjab Kings,ML Hayden,S Sreesanth,MEK Hussey,1,0,1,0,0,0,0,0,0,"","",""
335983,2008,2008-04-19,"Punjab Cricket Association Stadium, Mohali",Chandigarh,1,4,5,Chennai Super Kings,Punjab Kings,MEK Hussey,S Sreesanth,ML Hayden,0,0,0,0,0,0,0,0,0,"","",""
335983,2008,2008-04-19,"Punjab Cricket Association Stadium, Mohali",Chandigarh,1,4,6,Chennai Super Kings,Punjab Kings,MEK Hussey,S Sreesanth,ML Hayden,4,0,4,0,0,0,0,0,0,"","",""
335983,2008,2008-04-19,"Punjab Cricket Association Stadium, Mohali",Chandigarh,1,5,1,Chennai Super Kings,Punjab Kings,ML Hayden,B Lee,MEK Hussey,0,0,0,0,0,0,0,0,0,"","",""
335983,2008,2008-04-19,"Punjab Cricket Association Stadium, Mohali",Chandigarh,1,5,2,Chennai Super Kings,Punjab Kings,ML Hayden,B Lee,MEK Hussey,0,1,1,0,0,0,1,0,0,"","",""
335983,2008,2008-04-19,"Punjab Cricket Association Stadium, Mohali",Chandigarh,1,5,3,Chennai Super Kings,Punjab Kings,MEK Hussey,B Lee,ML Hayden,4,0,4,0,0,0,0,0,0,"","",""
335983,2008,2008-04-19,"Punjab Cricket Association Stadium, Mohali",Chandigarh,1,5,4,Chennai Super Kings,Punjab Kings,MEK Hussey,B Lee,ML Hayden,4,0,4,0,0,0,0,0,0,"","",""
335983,2008,2008-04-19,"Punjab Cricket Association Stadium, Mohali",Chandigarh,1,5,5,Chennai Super Kings,Punjab Kings,MEK Hussey,B Lee,ML Hayden,0,0,0,0,0,0,0,0,0,"","",""
335983,2008,2008-04-19,"Punjab Cricket Association Stadium, Mohali",Chandigarh,1,5,6,Chennai Super Kings,Punjab Kings,MEK Hussey,B Lee,ML Hayden,0,0,0,0,0,0,0,0,0,"","",""
335983,2008,2008-04-19,"Punjab Cricket Association Stadium, Mohali",Chandigarh,1,6,1,Chennai Super Kings,Punjab Kings,ML Hayden,JR Hopes,MEK Hussey,4,0,4,0,0,0,0,0,0,"","",""
335983,2008,2008-04-19,"Punjab Cricket Association Stadium, Mohali",Chandigarh,1,6,2,Chennai Super Kings,Punjab Kings,ML Hayden,JR Hopes,MEK Hussey,6,0,6,0,0,0,0,0,0,"","",""
335983,2008,2008-04-19,"Punjab Cricket Association Stadium, Mohali",Chandigarh,1,6,3,Chennai Super Kings,Punjab Kings,ML Hayden,JR Hopes,MEK Hussey,0,0,0,0,0,0,0,0,0,"","",""
335983,2008,2008-04-19,"Punjab Cricket Association Stadium, Mohali",Chandigarh,1,6,4,Chennai Super Kings,Punjab Kings,ML Hayden,JR Hopes,MEK Hussey,1,0,1,0,0,0,0,0,0,"","",""
335983,2008,2008-04-19,"Punjab Cricket Association Stadium, Mohali",Chandigarh,1,6,5,Chennai Super Kings,Punjab Kings,MEK Hussey,JR Hopes,ML Hayden,0,0,0,0,0,0,0,0,0,"","",""
335983,2008,2008-04-19,"Punjab Cricket Association Stadium, Mohali",Chandigarh,1,6,6,Chennai Super Kings,Punjab Kings,MEK Hussey,JR Hopes,ML Hayden,0,0,0,0,0,0,0,0,0,"","",""
335983,2008,2008-04-19,"Punjab Cricket Association Stadium, Mohali",Chandigarh,1,7,1,Chennai Super Kings,Punjab Kings,ML Hayden,IK Pathan,MEK Hussey,4,0,4,0,0,0,0,0,0,"","",""
335983,2008,2008-04-19,"Punjab Cricket Association Stadium, Mohali",Chandigarh,1,7,2,Chennai Super Kings,Punjab Kings,ML Hayden,IK Pathan,MEK Hussey,0,0,0,0,0,0,0,0,1,ML Hayden,bowled,""
335983,2008,2008-04-19,"Punjab Cricket Association Stadium, Mohali",Chandigarh,1,7,3,Chennai Super Kings,Punjab Kings,MS Dhoni,IK Pathan,MEK Hussey,1,0,1,0,0,0,0,0,0,"","",""
335983,2008,2008-04-19,"Punjab Cricket Association Stadium, Mohali",Chandigarh,1,7,4,Chennai Super Kings,Punjab Kings,MEK Hussey,IK Pathan,MS Dhoni,2,0,2,0,0,0,0,0,0,"","",""
335983,2008,2008-04-19,"Punjab Cricket Association Stadium, Mohali",Chandigarh,1,7,5,Chennai Super Kings,Punjab Kings,MEK Hussey,IK Pathan,MS Dhoni,1,0,1,0,0,0,0,0,0,"","",""
335983,2008,2008-04-19,"Punjab Cricket Association Stadium, Mohali",Chandigarh,1,7,6,Chennai Super Kings,Punjab Kings,MS Dhoni,IK Pathan,MEK Hussey,1,0,1,0,0,0,0,0,0,"","",""
335983,2008,2008-04-19,"Punjab Cricket Association Stadium, Mohali",Chandigarh,1,8,1,Chennai Super Kings,Punjab Kings,MS Dhoni,JR Hopes,MEK Hussey,0,0,0,0,0,0,0,0,1,MS Dhoni,lbw,""
335983,2008,2008-04-19,"Punjab Cricket Association Stadium, Mohali",Chandigarh,1,8,2,Chennai Super Kings,Punjab Kings,SK Raina,JR Hopes,MEK Hussey,1,0,1,0,0,0,0,0,0,"","",""
335983,2008,2008-04-19,"Punjab Cricket Association Stadium, Mohali",Chandigarh,1,8,3,Chennai Super Kings,Punjab Kings,MEK Hussey,JR Hopes,SK Raina,0,0,0,0,0,0,0,0,0,"","",""
335983,2008,2008-04-19,"Punjab Cricket Association Stadium, Mohali",Chandigarh,1,8,4,Chennai Super Kings,Punjab Kings,MEK Hussey,JR Hopes,SK Raina,1,0,1,0,0,0,0,0,0,"","",""
335983,2008,2008-04-19,"Punjab Cricket Association Stadium, Mohali",Chandigarh,1,8,5,Chennai Super Kings,Punjab Kings,SK Raina,JR Hopes,MEK Hussey,6,0,6,0,0,0,0,0,0,"","",""
335983,2008,2008-04-19,"Punjab Cricket Association Stadium, Mohali",Chandigarh,1,8,6,Chennai Super Kings,Punjab Kings,SK Raina,JR Hopes,MEK Hussey,0,0,0,0,0,0,0,0,0,"","",""
335983,2008,2008-04-19,"Punjab Cricket Association Stadium, Mohali",Chandigarh,1,9,1,Chennai Super Kings,Punjab Kings,MEK Hussey,IK Pathan,SK Raina,1,0,1,0,0,0,0,0,0,"","",""
335983,2008,2008-04-19,"Punjab Cricket Association Stadium, Mohali",Chandigarh,1,9,2,Chennai Super Kings,Punjab Kings,SK Raina,IK Pathan,MEK Hussey,4,0,4,0,0,0,0,0,0,"","",""
335983,2008,2008-04-19,"Punjab Cricket Association Stadium, Mohali",Chandigarh,1,9,3,Chennai Super Kings,Punjab Kings,SK Raina,IK Pathan,MEK Hussey,1,0,1,0,0,0,0,0,0,"","",""
335983,2008,2008-04-19,"Punjab Cricket Association Stadium, Mohali",Chandigarh,1,9,4,Chennai Super Kings,Punjab Kings,MEK Hussey,IK Pathan,SK Raina,0,0,0,0,0,0,0,0,0,"","",""
335983,2008,2008-04-19,"Punjab Cricket Association Stadium, Mohali",Chandigarh,1,9,5,Chennai Super Kings,Punjab Kings,MEK Hussey,IK Pathan,SK Raina,6,0,6,0,0,0,0,0,0,"","",""
335983,2008,2008-04-19,"Punjab Cricket Association Stadium, Mohali",Chandigarh,1,9,6,Chennai Super Kings,Punjab Kings,MEK Hussey,IK Pathan,SK Raina,1,0,1,0,0,0,0,0,0,"","",""
335983,2008,2008-04-19,"Punjab Cricket Association Stadium, Mohali",Chandigarh,1,10,1,Chennai Super Kings,Punjab Kings,MEK Hussey,K Goel,SK Raina,2,0,2,0,0,0,0,0,0,"","",""
335983,2008,2008-04-19,"Punjab Cricket Association Stadium, Mohali",Chandigarh,1,10,2,Chennai Super Kings,Punjab Kings,MEK Hussey,K Goel,SK Raina,1,0,1,0,0,0,0,0,0,"","",""
335983,2008,2008-04-19,"Punjab Cricket Association Stadium, Mohali",Chandigarh,1,10,3,Chennai Super Kings,Punjab Kings,SK Raina,K Goel,MEK Hussey,1,0,1,0,0,0,0,0,0,"","",""
335983,2008,2008-04-19,"Punjab Cricket Association Stadium, Mohali",Chandigarh,1,10,4,Chennai Super Kings,Punjab Kings,MEK Hussey,K Goel,SK Raina,0,0,0,0,0,0,0,0,0,"","",""
335983,2008,2008-04-19,"Punjab Cricket Association Stadium, Mohali",Chandigarh,1,10,5,Chennai Super Kings,Punjab Kings,MEK Hussey,K Goel,SK Raina,0,0,0,0,0,0,0,0,0,"","",""
335983,2008,2008-04-19,"Punjab Cricket Association Stadium, Mohali",Chandigarh,1,10,6,Chennai Super Kings,Punjab Kings,MEK Hussey,K Goel,SK Raina,1,0,1,0,0,0,0,0,0,"","",""
335983,2008,2008-04-19,"Punjab Cricket Association Stadium, Mohali",Chandigarh,1,11,1,Chennai Super Kings,Punjab Kings,MEK Hussey,PP Chawla,SK Raina,6,0,6,0,0,0,0,0,0,"","",""
335983,2008,2008-04-19,"Punjab Cricket Association Stadium, Mohali",Chandigarh,1,11,2,Chennai Super Kings,Punjab Kings,MEK Hussey,PP Chawla,SK Raina,1,0,1,0,0,0,0,0,0,"","",""
335983,2008,2008-04-19,"Punjab Cricket Association Stadium, Mohali",Chandigarh,1,11,3,Chennai Super Kings,Punjab Kings,SK Raina,PP Chawla,MEK Hussey,2,0,2,0,0,0,0,0,0,"","",""
335983,2008,2008-04-19,"Punjab Cricket Association Stadium, Mohali",Chandigarh,1,11,4,Chennai Super Kings,Punjab Kings,SK Raina,PP Chawla,MEK Hussey,0,0,0,0,0,0,0,0,0,"","",""
335983,2008,2008-04-19,"Punjab Cricket Association Stadium, Mohali",Chandigarh,1,11,5,Chennai Super Kings,Punjab Kings,SK Raina,PP Chawla,MEK Hussey,6,0,6,0,0,0,0,0,0,"","",""
335983,2008,2008-04-19,"Punjab Cricket Association Stadium, Mohali",Chandigarh,1,11,6,Chennai Super Kings,Punjab Kings,SK Raina,PP Chawla,MEK Hussey,4,0,4,0,0,0,0,0,0,"","",""
335983,2008,2008-04-19,"Punjab Cricket Association Stadium, Mohali",Chandigarh,1,12,1,Chennai Super Kings,Punjab Kings,MEK Hussey,K Goel,SK Raina,6,0,6,0,0,0,0,0,0,"","",""
335983,2008,2008-04-19,"Punjab Cricket Association Stadium, Mohali",Chandigarh,1,12,2,Chennai Super Kings,Punjab Kings,MEK Hussey,K Goel,SK Raina,4,0,4,0,0,0,0,0,0,"","",""
335983,2008,2008-04-19,"Punjab Cricket Association Stadium, Mohali",Chandigarh,1,12,3,Chennai Super Kings,Punjab Kings,MEK Hussey,K Goel,SK Raina,1,0,1,0,0,0,0,0,0,"","",""
335983,2008,2008-04-19,"Punjab Cricket Association Stadium, Mohali",Chandigarh,1,12,4,Chennai Super Kings,Punjab Kings,SK Raina,K Goel,MEK Hussey,6,0,6,0,0,0,0,0,0,"","",""
335983,2008,2008-04-19,"Punjab Cricket Association Stadium, Mohali",Chandigarh,1,12,5,Chennai Super Kings,Punjab Kings,SK Raina,K Goel,MEK Hussey,1,0,1,0,0,0,0,0,0,"","",""
335983,2008,2008-04-19,"Punjab Cricket Association Stadium, Mohali",Chandigarh,1,12,6,Chennai Super Kings,Punjab Kings,MEK Hussey,K Goel,SK Raina,2,0,2,0,0,0,0,0,0,"","",""
335983,2008,2008-04-19,"Punjab Cricket Association Stadium, Mohali",Chandigarh,1,13,1,Chennai Super Kings,Punjab Kings,SK Raina,WA Mota,MEK Hussey,0,1,1,1,0,0,0,0,0,"","",""
335983,2008,2008-04-19,"Punjab Cricket Association Stadium, Mohali",Chandigarh,1,13,2,Chennai Super Kings,Punjab Kings,SK Raina,WA Mota,MEK Hussey,0,0,0,0,0,0,0,0,1,SK Raina,caught,IK Pathan
335983,2008,2008-04-19,"Punjab Cricket Association Stadium, Mohali",Chandigarh,1,13,3,Chennai Super Kings,Punjab Kings,MEK Hussey,WA Mota,JDP Oram,1,0,1,0,0,0,0,0,0,"","",""
335983,2008,2008-04-19,"Punjab Cricket Association Stadium, Mohali",Chandigarh,1,13,4,Chennai Super Kings,Punjab Kings,JDP Oram,WA Mota,MEK Hussey,0,1,1,1,0,0,0,0,0,"","",""
335983,2008,2008-04-19,"Punjab Cricket Association Stadium, Mohali",Chandigarh,1,13,5,Chennai Super Kings,Punjab Kings,JDP Oram,WA Mota,MEK Hussey,0,0,0,0,0,0,0,0,0,"","",""
335983,2008,2008-04-19,"Punjab Cricket Association Stadium, Mohali",Chandigarh,1,13,6,Chennai Super Kings,Punjab Kings,JDP Oram,WA Mota,MEK Hussey,1,0,1,0,0,0,0,0,0,"","",""
335983,2008,2008-04-19,"Punjab Cricket Association Stadium, Mohali",Chandigarh,1,13,7,Chennai Super Kings,Punjab Kings,MEK Hussey,WA Mota,JDP Oram,1,0,1,0,0,0,0,0,0,"","",""
335983,2008,2008-04-19,"Punjab Cricket Association Stadium, Mohali",Chandigarh,1,13,8,Chennai Super Kings,Punjab Kings,JDP Oram,WA Mota,MEK Hussey,1,0,1,0,0,0,0,0,0,"","",""
335983,2008,2008-04-19,"Punjab Cricket Association Stadium, Mohali",Chandigarh,1,14,1,Chennai Super Kings,Punjab Kings,JDP Oram,JR Hopes,MEK Hussey,1,0,1,0,0,0,0,0,0,"","",""
335983,2008,2008-04-19,"Punjab Cricket Association Stadium, Mohali",Chandigarh,1,14,2,Chennai Super Kings,Punjab Kings,MEK Hussey,JR Hopes,JDP Oram,0,0,0,0,0,0,0,0,0,"","",""
335983,2008,2008-04-19,"Punjab Cricket Association Stadium, Mohali",Chandigarh,1,14,3,Chennai Super Kings,Punjab Kings,MEK Hussey,JR Hopes,JDP Oram,1,0,1,0,0,0,0,0,0,"","",""
335983,2008,2008-04-19,"Punjab Cricket Association Stadium, Mohali",Chandigarh,1,14,4,Chennai Super Kings,Punjab Kings,JDP Oram,JR Hopes,MEK Hussey,1,0,1,0,0,0,0,0,0,"","",""
335983,2008,2008-04-19,"Punjab Cricket Association Stadium, Mohali",Chandigarh,1,14,5,Chennai Super Kings,Punjab Kings,MEK Hussey,JR Hopes,JDP Oram,6,0,6,0,0,0,0,0,0,"","",""
335983,2008,2008-04-19,"Punjab Cricket Association Stadium, Mohali",Chandigarh,1,14,6,Chennai Super Kings,Punjab Kings,MEK Hussey,JR Hopes,JDP Oram,0,1,1,0,0,0,1,0,0,"","",""
335983,2008,2008-04-19,"Punjab Cricket Association Stadium, Mohali",Chandigarh,1,15,1,Chennai Super Kings,Punjab Kings,MEK Hussey,WA Mota,JDP Oram,4,0,4,0,0,0,0,0,0,"","",""
335983,2008,2008-04-19,"Punjab Cricket Association Stadium, Mohali",Chandigarh,1,15,2,Chennai Super Kings,Punjab Kings,MEK Hussey,WA Mota,JDP Oram,1,0,1,0,0,0,0,0,0,"","",""
335983,2008,2008-04-19,"Punjab Cricket Association Stadium, Mohali",Chandigarh,1,15,3,Chennai Super Kings,Punjab Kings,JDP Oram,WA Mota,MEK Hussey,2,0,2,0,0,0,0,0,0,"","",""
335983,2008,2008-04-19,"Punjab Cricket Association Stadium, Mohali",Chandigarh,1,15,4,Chennai Super Kings,Punjab Kings,JDP Oram,WA Mota,MEK Hussey,1,0,1,0,0,0,0,0,0,"","",""
335983,2008,2008-04-19,"Punjab Cricket Association Stadium, Mohali",Chandigarh,1,15,5,Chennai Super Kings,Punjab Kings,MEK Hussey,WA Mota,JDP Oram,4,0,4,0,0,0,0,0,0,"","",""
335983,2008,2008-04-19,"Punjab Cricket Association Stadium, Mohali",Chandigarh,1,15,6,Chennai Super Kings,Punjab Kings,MEK Hussey,WA Mota,JDP Oram,6,0,6,0,0,0,0,0,0,"","",""
335983,2008,2008-04-19,"Punjab Cricket Association Stadium, Mohali",Chandigarh,1,16,1,Chennai Super Kings,Punjab Kings,JDP Oram,IK Pathan,MEK Hussey,6,0,6,0,0,0,0,0,0,"","",""
335983,2008,2008-04-19,"Punjab Cricket Association Stadium, Mohali",Chandigarh,1,16,2,Chennai Super Kings,Punjab Kings,JDP Oram,IK Pathan,MEK Hussey,0,0,0,0,0,0,0,0,0,"","",""
335983,2008,2008-04-19,"Punjab Cricket Association Stadium, Mohali",Chandigarh,1,16,3,Chennai Super Kings,Punjab Kings,JDP Oram,IK Pathan,MEK Hussey,0,0,0,0,0,0,0,0,1,JDP Oram,bowled,""
335983,2008,2008-04-19,"Punjab Cricket Association Stadium, Mohali",Chandigarh,1,16,4,Chennai Super Kings,Punjab Kings,S Badrinath,IK Pathan,MEK Hussey,0,0,0,0,0,0,0,0,0,"","",""
335983,2008,2008-04-19,"Punjab Cricket Association Stadium, Mohali",Chandigarh,1,16,5,Chennai Super Kings,Punjab Kings,S Badrinath,IK Pathan,MEK Hussey,1,0,1,0,0,0,0,0,0,"","",""
335983,2008,2008-04-19,"Punjab Cricket Association Stadium, Mohali",Chandigarh,1,16,6,Chennai Super Kings,Punjab Kings,MEK Hussey,IK Pathan,S Badrinath,1,0,1,0,0,0,0,0,0,"","",""
335983,2008,2008-04-19,"Punjab Cricket Association Stadium, Mohali",Chandigarh,1,17,1,Chennai Super Kings,Punjab Kings,MEK Hussey,S Sreesanth,S Badrinath,1,0,1,0,0,0,0,0,0,"","",""
335983,2008,2008-04-19,"Punjab Cricket Association Stadium, Mohali",Chandigarh,1,17,2,Chennai Super Kings,Punjab Kings,S Badrinath,S Sreesanth,MEK Hussey,1,0,1,0,0,0,0,0,0,"","",""
335983,2008,2008-04-19,"Punjab Cricket Association Stadium, Mohali",Chandigarh,1,17,3,Chennai Super Kings,Punjab Kings,MEK Hussey,S Sreesanth,S Badrinath,6,0,6,0,0,0,0,0,0,"","",""
335983,2008,2008-04-19,"Punjab Cricket Association Stadium, Mohali",Chandigarh,1,17,4,Chennai Super Kings,Punjab Kings,MEK Hussey,S Sreesanth,S Badrinath,4,0,4,0,0,0,0,0,0,"","",""
335983,2008,2008-04-19,"Punjab Cricket Association Stadium, Mohali",Chandigarh,1,17,5,Chennai Super Kings,Punjab Kings,MEK Hussey,S Sreesanth,S Badrinath,1,0,1,0,0,0,0,0,0,"","",""
335983,2008,2008-04-19,"Punjab Cricket Association Stadium, Mohali",Chandigarh,1,17,6,Chennai Super Kings,Punjab Kings,S Badrinath,S Sreesanth,MEK Hussey,1,0,1,0,0,0,0,0,0,"","",""
335983,2008,2008-04-19,"Punjab Cricket Association Stadium, Mohali",Chandigarh,1,18,1,Chennai Super Kings,Punjab Kings,S Badrinath,IK Pathan,MEK Hussey,0,0,0,0,0,0,0,0,0,"","",""
335983,2008,2008-04-19,"Punjab Cricket Association Stadium, Mohali",Chandigarh,1,18,2,Chennai Super Kings,Punjab Kings,S Badrinath,IK Pathan,MEK Hussey,4,0,4,0,0,0,0,0,0,"","",""
335983,2008,2008-04-19,"Punjab Cricket Association Stadium, Mohali",Chandigarh,1,18,3,Chennai Super Kings,Punjab Kings,S Badrinath,IK Pathan,MEK Hussey,1,0,1,0,0,0,0,0,0,"","",""
335983,2008,2008-04-19,"Punjab Cricket Association Stadium, Mohali",Chandigarh,1,18,4,Chennai Super Kings,Punjab Kings,MEK Hussey,IK Pathan,S Badrinath,2,0,2,0,0,0,0,0,0,"","",""
335983,2008,2008-04-19,"Punjab Cricket Association Stadium, Mohali",Chandigarh,1,18,5,Chennai Super Kings,Punjab Kings,MEK Hussey,IK Pathan,S Badrinath,6,0,6,0,0,0,0,0,0,"","",""
335983,2008,2008-04-19,"Punjab Cricket Association Stadium, Mohali",Chandigarh,1,18,6,Chennai Super Kings,Punjab Kings,MEK Hussey,IK Pathan,S Badrinath,4,0,4,0,0,0,0,0,0,"","",""
335983,2008,2008-04-19,"Punjab Cricket Association Stadium, Mohali",Chandigarh,1,19,1,Chennai Super Kings,Punjab Kings,S Badrinath,B Lee,MEK Hussey,4,0,4,0,0,0,0,0,0,"","",""
335983,2008,2008-04-19,"Punjab Cricket Association Stadium, Mohali",Chandigarh,1,19,2,Chennai Super Kings,Punjab Kings,S Badrinath,B Lee,MEK Hussey,1,0,1,0,0,0,0,0,0,"","",""
335983,2008,2008-04-19,"Punjab Cricket Association Stadium, Mohali",Chandigarh,1,19,3,Chennai Super Kings,Punjab Kings,MEK Hussey,B Lee,S Badrinath,1,0,1,0,0,0,0,0,0,"","",""
335983,2008,2008-04-19,"Punjab Cricket Association Stadium, Mohali",Chandigarh,1,19,4,Chennai Super Kings,Punjab Kings,S Badrinath,B Lee,MEK Hussey,1,0,1,0,0,0,0,0,0,"","",""
335983,2008,2008-04-19,"Punjab Cricket Association Stadium, Mohali",Chandigarh,1,19,5,Chennai Super Kings,Punjab Kings,MEK Hussey,B Lee,S Badrinath,6,0,6,0,0,0,0,0,0,"","",""
335983,2008,2008-04-19,"Punjab Cricket Association Stadium, Mohali",Chandigarh,1,19,6,Chennai Super Kings,Punjab Kings,MEK Hussey,B Lee,S Badrinath,2,0,2,0,0,0,0,0,0,"","",""
335983,2008,2008-04-19,"Punjab Cricket Association Stadium, Mohali",Chandigarh,1,20,1,Chennai Super Kings,Punjab Kings,S Badrinath,JR Hopes,MEK Hussey,6,0,6,0,0,0,0,0,0,"","",""
335983,2008,2008-04-19,"Punjab Cricket Association Stadium, Mohali",Chandigarh,1,20,2,Chennai Super Kings,Punjab Kings,S Badrinath,JR Hopes,MEK Hussey,6,0,6,0,0,0,0,0,0,"","",""
335983,2008,2008-04-19,"Punjab Cricket Association Stadium, Mohali",Chandigarh,1,20,3,Chennai Super Kings,Punjab Kings,S Badrinath,JR Hopes,MEK Hussey,4,0,4,0,0,0,0,0,0,"","",""
335983,2008,2008-04-19,"Punjab Cricket Association Stadium, Mohali",Chandigarh,1,20,4,Chennai Super Kings,Punjab Kings,S Badrinath,JR Hopes,MEK Hussey,1,0,1,0,0,0,0,0,0,"","",""
335983,2008,2008-04-19,"Punjab Cricket Association Stadium, Mohali",Chandigarh,1,20,5,Chennai Super Kings,Punjab Kings,MEK Hussey,JR Hopes,S Badrinath,6,0,6,0,0,0,0,0,0,"","",""
335983,2008,2008-04-19,"Punjab Cricket Association Stadium, Mohali",Chandigarh,1,20,6,Chennai Super Kings,Punjab Kings,MEK Hussey,JR Hopes,S Badrinath,2,0,2,0,0,0,0,0,0,"","",""
335983,2008,2008-04-19,"Punjab Cricket Association Stadium, Mohali",Chandigarh,2,1,1,Punjab Kings,Chennai Super Kings,K Goel,JDP Oram,JR Hopes,4,0,4,0,0,0,0,0,0,"","",""
335983,2008,2008-04-19,"Punjab Cricket Association Stadium, Mohali",Chandigarh,2,1,2,Punjab Kings,Chennai Super Kings,K Goel,JDP Oram,JR Hopes,0,0,0,0,0,0,0,0,0,"","",""
335983,2008,2008-04-19,"Punjab Cricket Association Stadium, Mohali",Chandigarh,2,1,3,Punjab Kings,Chennai Super Kings,K Goel,JDP Oram,JR Hopes,0,0,0,0,0,0,0,0,0,"","",""
335983,2008,2008-04-19,"Punjab Cricket Association Stadium, Mohali",Chandigarh,2,1,4,Punjab Kings,Chennai Super Kings,K Goel,JDP Oram,JR Hopes,1,0,1,0,0,0,0,0,0,"","",""
335983,2008,2008-04-19,"Punjab Cricket Association Stadium, Mohali",Chandigarh,2,1,5,Punjab Kings,Chennai Super Kings,JR Hopes,JDP Oram,K Goel,0,0,0,0,0,0,0,0,0,"","",""
335983,2008,2008-04-19,"Punjab Cricket Association Stadium, Mohali",Chandigarh,2,1,6,Punjab Kings,Chennai Super Kings,JR Hopes,JDP Oram,K Goel,4,0,4,0,0,0,0,0,0,"","",""
335983,2008,2008-04-19,"Punjab Cricket Association Stadium, Mohali",Chandigarh,2,2,1,Punjab Kings,Chennai Super Kings,K Goel,MS Gony,JR Hopes,1,0,1,0,0,0,0,0,0,"","",""
335983,2008,2008-04-19,"Punjab Cricket Association Stadium, Mohali",Chandigarh,2,2,2,Punjab Kings,Chennai Super Kings,JR Hopes,MS Gony,K Goel,0,0,0,0,0,0,0,0,0,"","",""
335983,2008,2008-04-19,"Punjab Cricket Association Stadium, Mohali",Chandigarh,2,2,3,Punjab Kings,Chennai Super Kings,JR Hopes,MS Gony,K Goel,1,0,1,0,0,0,0,0,0,"","",""
335983,2008,2008-04-19,"Punjab Cricket Association Stadium, Mohali",Chandigarh,2,2,4,Punjab Kings,Chennai Super Kings,K Goel,MS Gony,JR Hopes,0,0,0,0,0,0,0,0,0,"","",""
335983,2008,2008-04-19,"Punjab Cricket Association Stadium, Mohali",Chandigarh,2,2,5,Punjab Kings,Chennai Super Kings,K Goel,MS Gony,JR Hopes,4,0,4,0,0,0,0,0,0,"","",""
335983,2008,2008-04-19,"Punjab Cricket Association Stadium, Mohali",Chandigarh,2,2,6,Punjab Kings,Chennai Super Kings,K Goel,MS Gony,JR Hopes,1,0,1,0,0,0,0,0,0,"","",""
335983,2008,2008-04-19,"Punjab Cricket Association Stadium, Mohali",Chandigarh,2,3,1,Punjab Kings,Chennai Super Kings,K Goel,JDP Oram,JR Hopes,1,0,1,0,0,0,0,0,0,"","",""
335983,2008,2008-04-19,"Punjab Cricket Association Stadium, Mohali",Chandigarh,2,3,2,Punjab Kings,Chennai Super Kings,JR Hopes,JDP Oram,K Goel,4,0,4,0,0,0,0,0,0,"","",""
335983,2008,2008-04-19,"Punjab Cricket Association Stadium, Mohali",Chandigarh,2,3,3,Punjab Kings,Chennai Super Kings,JR Hopes,JDP Oram,K Goel,0,0,0,0,0,0,0,0,0,"","",""
335983,2008,2008-04-19,"Punjab Cricket Association Stadium, Mohali",Chandigarh,2,3,4,Punjab Kings,Chennai Super Kings,JR Hopes,JDP Oram,K Goel,4,0,4,0,0,0,0,0,0,"","",""
335983,2008,2008-04-19,"Punjab Cricket Association Stadium, Mohali",Chandigarh,2,3,5,Punjab Kings,Chennai Super Kings,JR Hopes,JDP Oram,K Goel,1,0,1,0,0,0,0,0,0,"","",""
335983,2008,2008-04-19,"Punjab Cricket Association Stadium, Mohali",Chandigarh,2,3,6,Punjab Kings,Chennai Super Kings,K Goel,JDP Oram,JR Hopes,1,0,1,0,0,0,0,0,0,"","",""
335983,2008,2008-04-19,"Punjab Cricket Association Stadium, Mohali",Chandigarh,2,4,1,Punjab Kings,Chennai Super Kings,K Goel,MS Gony,JR Hopes,0,0,0,0,0,0,0,0,0,"","",""
335983,2008,2008-04-19,"Punjab Cricket Association Stadium, Mohali",Chandigarh,2,4,2,Punjab Kings,Chennai Super Kings,K Goel,MS Gony,JR Hopes,0,0,0,0,0,0,0,0,0,"","",""
335983,2008,2008-04-19,"Punjab Cricket Association Stadium, Mohali",Chandigarh,2,4,3,Punjab Kings,Chennai Super Kings,K Goel,MS Gony,JR Hopes,1,0,1,0,0,0,0,0,0,"","",""
335983,2008,2008-04-19,"Punjab Cricket Association Stadium, Mohali",Chandigarh,2,4,4,Punjab Kings,Chennai Super Kings,JR Hopes,MS Gony,K Goel,1,0,1,0,0,0,0,0,0,"","",""
335983,2008,2008-04-19,"Punjab Cricket Association Stadium, Mohali",Chandigarh,2,4,5,Punjab Kings,Chennai Super Kings,K Goel,MS Gony,JR Hopes,2,0,2,0,0,0,0,0,0,"","",""
335983,2008,2008-04-19,"Punjab Cricket Association Stadium, Mohali",Chandigarh,2,4,6,Punjab Kings,Chennai Super Kings,K Goel,MS Gony,JR Hopes,6,0,6,0,0,0,0,0,0,"","",""
335983,2008,2008-04-19,"Punjab Cricket Association Stadium, Mohali",Chandigarh,2,5,1,Punjab Kings,Chennai Super Kings,JR Hopes,JDP Oram,K Goel,0,0,0,0,0,0,0,0,0,"","",""
335983,2008,2008-04-19,"Punjab Cricket Association Stadium, Mohali",Chandigarh,2,5,2,Punjab Kings,Chennai Super Kings,JR Hopes,JDP Oram,K Goel,0,0,0,0,0,0,0,0,0,"","",""
335983,2008,2008-04-19,"Punjab Cricket Association Stadium, Mohali",Chandigarh,2,5,3,Punjab Kings,Chennai Super Kings,JR Hopes,JDP Oram,K Goel,1,0,1,0,0,0,0,0,0,"","",""
335983,2008,2008-04-19,"Punjab Cricket Association Stadium, Mohali",Chandigarh,2,5,4,Punjab Kings,Chennai Super Kings,K Goel,JDP Oram,JR Hopes,1,0,1,0,0,0,0,0,0,"","",""
335983,2008,2008-04-19,"Punjab Cricket Association Stadium, Mohali",Chandigarh,2,5,5,Punjab Kings,Chennai Super Kings,JR Hopes,JDP Oram,K Goel,4,0,4,0,0,0,0,0,0,"","",""
335983,2008,2008-04-19,"Punjab Cricket Association Stadium, Mohali",Chandigarh,2,5,6,Punjab Kings,Chennai Super Kings,JR Hopes,JDP Oram,K Goel,4,0,4,0,0,0,0,0,0,"","",""
335983,2008,2008-04-19,"Punjab Cricket Association Stadium, Mohali",Chandigarh,2,6,1,Punjab Kings,Chennai Super Kings,K Goel,MS Gony,JR Hopes,1,0,1,0,0,0,0,0,0,"","",""
335983,2008,2008-04-19,"Punjab Cricket Association Stadium, Mohali",Chandigarh,2,6,2,Punjab Kings,Chennai Super Kings,JR Hopes,MS Gony,K Goel,6,0,6,0,0,0,0,0,0,"","",""
335983,2008,2008-04-19,"Punjab Cricket Association Stadium, Mohali",Chandigarh,2,6,3,Punjab Kings,Chennai Super Kings,JR Hopes,MS Gony,K Goel,1,0,1,0,0,0,0,0,0,"","",""
335983,2008,2008-04-19,"Punjab Cricket Association Stadium, Mohali",Chandigarh,2,6,4,Punjab Kings,Chennai Super Kings,K Goel,MS Gony,JR Hopes,0,1,1,1,0,0,0,0,0,"","",""
335983,2008,2008-04-19,"Punjab Cricket Association Stadium, Mohali",Chandigarh,2,6,5,Punjab Kings,Chennai Super Kings,K Goel,MS Gony,JR Hopes,0,0,0,0,0,0,0,0,0,"","",""
335983,2008,2008-04-19,"Punjab Cricket Association Stadium, Mohali",Chandigarh,2,6,6,Punjab Kings,Chennai Super Kings,K Goel,MS Gony,JR Hopes,0,0,0,0,0,0,0,0,1,K Goel,caught,PA Patel
335983,2008,2008-04-19,"Punjab Cricket Association Stadium, Mohali",Chandigarh,2,6,7,Punjab Kings,Chennai Super Kings,JR Hopes,MS Gony,KC Sangakkara,0,1,1,1,0,0,0,0,0,"","",""
335983,2008,2008-04-19,"Punjab Cricket Association Stadium, Mohali",Chandigarh,2,6,8,Punjab Kings,Chennai Super Kings,JR Hopes,MS Gony,KC Sangakkara,6,0,6,0,0,0,0,0,0,"","",""
335983,2008,2008-04-19,"Punjab Cricket Association Stadium, Mohali",Chandigarh,2,7,1,Punjab Kings,Chennai Super Kings,KC Sangakkara,M Muralitharan,JR Hopes,1,0,1,0,0,0,0,0,0,"","",""
335983,2008,2008-04-19,"Punjab Cricket Association Stadium, Mohali",Chandigarh,2,7,2,Punjab Kings,Chennai Super Kings,JR Hopes,M Muralitharan,KC Sangakkara,1,0,1,0,0,0,0,0,0,"","",""
335983,2008,2008-04-19,"Punjab Cricket Association Stadium, Mohali",Chandigarh,2,7,3,Punjab Kings,Chennai Super Kings,KC Sangakkara,M Muralitharan,JR Hopes,1,0,1,0,0,0,0,0,0,"","",""
335983,2008,2008-04-19,"Punjab Cricket Association Stadium, Mohali",Chandigarh,2,7,4,Punjab Kings,Chennai Super Kings,JR Hopes,M Muralitharan,KC Sangakkara,1,0,1,0,0,0,0,0,0,"","",""
335983,2008,2008-04-19,"Punjab Cricket Association Stadium, Mohali",Chandigarh,2,7,5,Punjab Kings,Chennai Super Kings,KC Sangakkara,M Muralitharan,JR Hopes,0,1,1,0,0,0,1,0,0,"","",""
335983,2008,2008-04-19,"Punjab Cricket Association Stadium, Mohali",Chandigarh,2,7,6,Punjab Kings,Chennai Super Kings,JR Hopes,M Muralitharan,KC Sangakkara,1,0,1,0,0,0,0,0,0,"","",""
335983,2008,2008-04-19,"Punjab Cricket Association Stadium, Mohali",Chandigarh,2,8,1,Punjab Kings,Chennai Super Kings,JR Hopes,P Amarnath,KC Sangakkara,4,0,4,0,0,0,0,0,0,"","",""
335983,2008,2008-04-19,"Punjab Cricket Association Stadium, Mohali",Chandigarh,2,8,2,Punjab Kings,Chennai Super Kings,JR Hopes,P Amarnath,KC Sangakkara,4,0,4,0,0,0,0,0,0,"","",""
335983,2008,2008-04-19,"Punjab Cricket Association Stadium, Mohali",Chandigarh,2,8,3,Punjab Kings,Chennai Super Kings,JR Hopes,P Amarnath,KC Sangakkara,1,0,1,0,0,0,0,0,0,"","",""
335983,2008,2008-04-19,"Punjab Cricket Association Stadium, Mohali",Chandigarh,2,8,4,Punjab Kings,Chennai Super Kings,KC Sangakkara,P Amarnath,JR Hopes,1,0,1,0,0,0,0,0,0,"","",""
335983,2008,2008-04-19,"Punjab Cricket Association Stadium, Mohali",Chandigarh,2,8,5,Punjab Kings,Chennai Super Kings,JR Hopes,P Amarnath,KC Sangakkara,4,0,4,0,0,0,0,0,0,"","",""
335983,2008,2008-04-19,"Punjab Cricket Association Stadium, Mohali",Chandigarh,2,8,6,Punjab Kings,Chennai Super Kings,JR Hopes,P Amarnath,KC Sangakkara,1,0,1,0,0,0,0,0,0,"","",""
335983,2008,2008-04-19,"Punjab Cricket Association Stadium, Mohali",Chandigarh,2,9,1,Punjab Kings,Chennai Super Kings,JR Hopes,Joginder Sharma,KC Sangakkara,4,0,4,0,0,0,0,0,0,"","",""
335983,2008,2008-04-19,"Punjab Cricket Association Stadium, Mohali",Chandigarh,2,9,2,Punjab Kings,Chennai Super Kings,JR Hopes,Joginder Sharma,KC Sangakkara,4,0,4,0,0,0,0,0,0,"","",""
335983,2008,2008-04-19,"Punjab Cricket Association Stadium, Mohali",Chandigarh,2,9,3,Punjab Kings,Chennai Super Kings,JR Hopes,Joginder Sharma,KC Sangakkara,1,0,1,0,0,0,0,0,0,"","",""
335983,2008,2008-04-19,"Punjab Cricket Association Stadium, Mohali",Chandigarh,2,9,4,Punjab Kings,Chennai Super Kings,KC Sangakkara,Joginder Sharma,JR Hopes,1,0,1,0,0,0,0,0,0,"","",""
335983,2008,2008-04-19,"Punjab Cricket Association Stadium, Mohali",Chandigarh,2,9,5,Punjab Kings,Chennai Super Kings,JR Hopes,Joginder Sharma,KC Sangakkara,1,0,1,0,0,0,0,0,0,"","",""
335983,2008,2008-04-19,"Punjab Cricket Association Stadium, Mohali",Chandigarh,2,9,6,Punjab Kings,Chennai Super Kings,KC Sangakkara,Joginder Sharma,JR Hopes,0,1,1,1,0,0,0,0,0,"","",""
335983,2008,2008-04-19,"Punjab Cricket Association Stadium, Mohali",Chandigarh,2,9,7,Punjab Kings,Chennai Super Kings,KC Sangakkara,Joginder Sharma,JR Hopes,1,0,1,0,0,0,0,0,0,"","",""
335983,2008,2008-04-19,"Punjab Cricket Association Stadium, Mohali",Chandigarh,2,10,1,Punjab Kings,Chennai Super Kings,KC Sangakkara,M Muralitharan,JR Hopes,1,0,1,0,0,0,0,0,0,"","",""
335983,2008,2008-04-19,"Punjab Cricket Association Stadium, Mohali",Chandigarh,2,10,2,Punjab Kings,Chennai Super Kings,JR Hopes,M Muralitharan,KC Sangakkara,6,0,6,0,0,0,0,0,0,"","",""
335983,2008,2008-04-19,"Punjab Cricket Association Stadium, Mohali",Chandigarh,2,10,3,Punjab Kings,Chennai Super Kings,JR Hopes,M Muralitharan,KC Sangakkara,0,0,0,0,0,0,0,0,0,"","",""
335983,2008,2008-04-19,"Punjab Cricket Association Stadium, Mohali",Chandigarh,2,10,4,Punjab Kings,Chennai Super Kings,JR Hopes,M Muralitharan,KC Sangakkara,1,0,1,0,0,0,0,0,0,"","",""
335983,2008,2008-04-19,"Punjab Cricket Association Stadium, Mohali",Chandigarh,2,10,5,Punjab Kings,Chennai Super Kings,KC Sangakkara,M Muralitharan,JR Hopes,4,0,4,0,0,0,0,0,0,"","",""
335983,2008,2008-04-19,"Punjab Cricket Association Stadium, Mohali",Chandigarh,2,10,6,Punjab Kings,Chennai Super Kings,KC Sangakkara,M Muralitharan,JR Hopes,1,0,1,0,0,0,0,0,0,"","",""
335983,2008,2008-04-19,"Punjab Cricket Association Stadium, Mohali",Chandigarh,2,11,1,Punjab Kings,Chennai Super Kings,KC Sangakkara,P Amarnath,JR Hopes,1,0,1,0,0,0,0,0,0,"","",""
335983,2008,2008-04-19,"Punjab Cricket Association Stadium, Mohali",Chandigarh,2,11,2,Punjab Kings,Chennai Super Kings,JR Hopes,P Amarnath,KC Sangakkara,0,0,0,0,0,0,0,0,1,JR Hopes,caught,Joginder Sharma
335983,2008,2008-04-19,"Punjab Cricket Association Stadium, Mohali",Chandigarh,2,11,3,Punjab Kings,Chennai Super Kings,KC Sangakkara,P Amarnath,Yuvraj Singh,1,0,1,0,0,0,0,0,0,"","",""
335983,2008,2008-04-19,"Punjab Cricket Association Stadium, Mohali",Chandigarh,2,11,4,Punjab Kings,Chennai Super Kings,Yuvraj Singh,P Amarnath,KC Sangakkara,1,0,1,0,0,0,0,0,0,"","",""
335983,2008,2008-04-19,"Punjab Cricket Association Stadium, Mohali",Chandigarh,2,11,5,Punjab Kings,Chennai Super Kings,KC Sangakkara,P Amarnath,Yuvraj Singh,1,0,1,0,0,0,0,0,0,"","",""
335983,2008,2008-04-19,"Punjab Cricket Association Stadium, Mohali",Chandigarh,2,11,6,Punjab Kings,Chennai Super Kings,Yuvraj Singh,P Amarnath,KC Sangakkara,1,0,1,0,0,0,0,0,0,"","",""
335983,2008,2008-04-19,"Punjab Cricket Association Stadium, Mohali",Chandigarh,2,12,1,Punjab Kings,Chennai Super Kings,Yuvraj Singh,Joginder Sharma,KC Sangakkara,1,0,1,0,0,0,0,0,0,"","",""
335983,2008,2008-04-19,"Punjab Cricket Association Stadium, Mohali",Chandigarh,2,12,2,Punjab Kings,Chennai Super Kings,KC Sangakkara,Joginder Sharma,Yuvraj Singh,6,0,6,0,0,0,0,0,0,"","",""
335983,2008,2008-04-19,"Punjab Cricket Association Stadium, Mohali",Chandigarh,2,12,3,Punjab Kings,Chennai Super Kings,KC Sangakkara,Joginder Sharma,Yuvraj Singh,4,0,4,0,0,0,0,0,0,"","",""
335983,2008,2008-04-19,"Punjab Cricket Association Stadium, Mohali",Chandigarh,2,12,4,Punjab Kings,Chennai Super Kings,KC Sangakkara,Joginder Sharma,Yuvraj Singh,0,0,0,0,0,0,0,0,0,"","",""
335983,2008,2008-04-19,"Punjab Cricket Association Stadium, Mohali",Chandigarh,2,12,5,Punjab Kings,Chennai Super Kings,KC Sangakkara,Joginder Sharma,Yuvraj Singh,0,0,0,0,0,0,0,0,0,"","",""
335983,2008,2008-04-19,"Punjab Cricket Association Stadium, Mohali",Chandigarh,2,12,6,Punjab Kings,Chennai Super Kings,KC Sangakkara,Joginder Sharma,Yuvraj Singh,1,0,1,0,0,0,0,0,0,"","",""
335983,2008,2008-04-19,"Punjab Cricket Association Stadium, Mohali",Chandigarh,2,13,1,Punjab Kings,Chennai Super Kings,KC Sangakkara,P Amarnath,Yuvraj Singh,0,1,1,0,0,0,1,0,0,"","",""
335983,2008,2008-04-19,"Punjab Cricket Association Stadium, Mohali",Chandigarh,2,13,2,Punjab Kings,Chennai Super Kings,Yuvraj Singh,P Amarnath,KC Sangakkara,6,0,6,0,0,0,0,0,0,"","",""
335983,2008,2008-04-19,"Punjab Cricket Association Stadium, Mohali",Chandigarh,2,13,3,Punjab Kings,Chennai Super Kings,Yuvraj Singh,P Amarnath,KC Sangakkara,1,0,1,0,0,0,0,0,0,"","",""
335983,2008,2008-04-19,"Punjab Cricket Association Stadium, Mohali",Chandigarh,2,13,4,Punjab Kings,Chennai Super Kings,KC Sangakkara,P Amarnath,Yuvraj Singh,0,1,1,0,0,0,1,0,0,"","",""
335983,2008,2008-04-19,"Punjab Cricket Association Stadium, Mohali",Chandigarh,2,13,5,Punjab Kings,Chennai Super Kings,Yuvraj Singh,P Amarnath,KC Sangakkara,4,0,4,0,0,0,0,0,0,"","",""
335983,2008,2008-04-19,"Punjab Cricket Association Stadium, Mohali",Chandigarh,2,13,6,Punjab Kings,Chennai Super Kings,Yuvraj Singh,P Amarnath,KC Sangakkara,1,0,1,0,0,0,0,0,0,"","",""
335983,2008,2008-04-19,"Punjab Cricket Association Stadium, Mohali",Chandigarh,2,14,1,Punjab Kings,Chennai Super Kings,Yuvraj Singh,M Muralitharan,KC Sangakkara,1,0,1,0,0,0,0,0,0,"","",""
335983,2008,2008-04-19,"Punjab Cricket Association Stadium, Mohali",Chandigarh,2,14,2,Punjab Kings,Chennai Super Kings,KC Sangakkara,M Muralitharan,Yuvraj Singh,1,0,1,0,0,0,0,0,0,"","",""
335983,2008,2008-04-19,"Punjab Cricket Association Stadium, Mohali",Chandigarh,2,14,3,Punjab Kings,Chennai Super Kings,Yuvraj Singh,M Muralitharan,KC Sangakkara,1,0,1,0,0,0,0,0,0,"","",""
335983,2008,2008-04-19,"Punjab Cricket Association Stadium, Mohali",Chandigarh,2,14,4,Punjab Kings,Chennai Super Kings,KC Sangakkara,M Muralitharan,Yuvraj Singh,0,2,2,2,0,0,0,0,0,"","",""
335983,2008,2008-04-19,"Punjab Cricket Association Stadium, Mohali",Chandigarh,2,14,5,Punjab Kings,Chennai Super Kings,Yuvraj Singh,M Muralitharan,KC Sangakkara,6,0,6,0,0,0,0,0,0,"","",""
335983,2008,2008-04-19,"Punjab Cricket Association Stadium, Mohali",Chandigarh,2,14,6,Punjab Kings,Chennai Super Kings,Yuvraj Singh,M Muralitharan,KC Sangakkara,0,0,0,0,0,0,0,0,0,"","",""
335983,2008,2008-04-19,"Punjab Cricket Association Stadium, Mohali",Chandigarh,2,14,7,Punjab Kings,Chennai Super Kings,Yuvraj Singh,M Muralitharan,KC Sangakkara,0,0,0,0,0,0,0,0,0,"","",""
335983,2008,2008-04-19,"Punjab Cricket Association Stadium, Mohali",Chandigarh,2,15,1,Punjab Kings,Chennai Super Kings,KC Sangakkara,Joginder Sharma,Yuvraj Singh,1,0,1,0,0,0,0,0,0,"","",""
335983,2008,2008-04-19,"Punjab Cricket Association Stadium, Mohali",Chandigarh,2,15,2,Punjab Kings,Chennai Super Kings,Yuvraj Singh,Joginder Sharma,KC Sangakkara,0,0,0,0,0,0,0,0,1,Yuvraj Singh,caught,P Amarnath
335983,2008,2008-04-19,"Punjab Cricket Association Stadium, Mohali",Chandigarh,2,15,3,Punjab Kings,Chennai Super Kings,KC Sangakkara,Joginder Sharma,SM Katich,4,0,4,0,0,0,0,0,0,"","",""
335983,2008,2008-04-19,"Punjab Cricket Association Stadium, Mohali",Chandigarh,2,15,4,Punjab Kings,Chennai Super Kings,KC Sangakkara,Joginder Sharma,SM Katich,1,0,1,0,0,0,0,0,0,"","",""
335983,2008,2008-04-19,"Punjab Cricket Association Stadium, Mohali",Chandigarh,2,15,5,Punjab Kings,Chennai Super Kings,SM Katich,Joginder Sharma,KC Sangakkara,1,0,1,0,0,0,0,0,0,"","",""
335983,2008,2008-04-19,"Punjab Cricket Association Stadium, Mohali",Chandigarh,2,15,6,Punjab Kings,Chennai Super Kings,KC Sangakkara,Joginder Sharma,SM Katich,6,0,6,0,0,0,0,0,0,"","",""
335983,2008,2008-04-19,"Punjab Cricket Association Stadium, Mohali",Chandigarh,2,16,1,Punjab Kings,Chennai Super Kings,SM Katich,P Amarnath,KC Sangakkara,2,0,2,0,0,0,0,0,0,"","",""
335983,2008,2008-04-19,"Punjab Cricket Association Stadium, Mohali",Chandigarh,2,16,2,Punjab Kings,Chennai Super Kings,SM Katich,P Amarnath,KC Sangakkara,0,1,1,0,0,1,0,0,0,"","",""
335983,2008,2008-04-19,"Punjab Cricket Association Stadium, Mohali",Chandigarh,2,16,3,Punjab Kings,Chennai Super Kings,KC Sangakkara,P Amarnath,SM Katich,4,0,4,0,0,0,0,0,0,"","",""
335983,2008,2008-04-19,"Punjab Cricket Association Stadium, Mohali",Chandigarh,2,16,4,Punjab Kings,Chennai Super Kings,KC Sangakkara,P Amarnath,SM Katich,1,0,1,0,0,0,0,0,0,"","",""
335983,2008,2008-04-19,"Punjab Cricket Association Stadium, Mohali",Chandigarh,2,16,5,Punjab Kings,Chennai Super Kings,SM Katich,P Amarnath,KC Sangakkara,1,0,1,0,0,0,0,0,0,"","",""
335983,2008,2008-04-19,"Punjab Cricket Association Stadium, Mohali",Chandigarh,2,16,6,Punjab Kings,Chennai Super Kings,KC Sangakkara,P Amarnath,SM Katich,2,0,2,0,0,0,0,0,0,"","",""
335983,2008,2008-04-19,"Punjab Cricket Association Stadium, Mohali",Chandigarh,2,17,1,Punjab Kings,Chennai Super Kings,SM Katich,MS Gony,KC Sangakkara,0,1,1,0,0,0,1,0,0,"","",""
335983,2008,2008-04-19,"Punjab Cricket Association Stadium, Mohali",Chandigarh,2,17,2,Punjab Kings,Chennai Super Kings,KC Sangakkara,MS Gony,SM Katich,1,0,1,0,0,0,0,0,0,"","",""
335983,2008,2008-04-19,"Punjab Cricket Association Stadium, Mohali",Chandigarh,2,17,3,Punjab Kings,Chennai Super Kings,SM Katich,MS Gony,KC Sangakkara,1,0,1,0,0,0,0,0,0,"","",""
335983,2008,2008-04-19,"Punjab Cricket Association Stadium, Mohali",Chandigarh,2,17,4,Punjab Kings,Chennai Super Kings,KC Sangakkara,MS Gony,SM Katich,4,0,4,0,0,0,0,0,0,"","",""
335983,2008,2008-04-19,"Punjab Cricket Association Stadium, Mohali",Chandigarh,2,17,5,Punjab Kings,Chennai Super Kings,KC Sangakkara,MS Gony,SM Katich,1,0,1,0,0,0,0,0,0,"","",""
335983,2008,2008-04-19,"Punjab Cricket Association Stadium, Mohali",Chandigarh,2,17,6,Punjab Kings,Chennai Super Kings,SM Katich,MS Gony,KC Sangakkara,2,0,2,0,0,0,0,0,0,"","",""
335983,2008,2008-04-19,"Punjab Cricket Association Stadium, Mohali",Chandigarh,2,18,1,Punjab Kings,Chennai Super Kings,KC Sangakkara,M Muralitharan,SM Katich,1,0,1,0,0,0,0,0,0,"","",""
335983,2008,2008-04-19,"Punjab Cricket Association Stadium, Mohali",Chandigarh,2,18,2,Punjab Kings,Chennai Super Kings,SM Katich,M Muralitharan,KC Sangakkara,1,0,1,0,0,0,0,0,0,"","",""
335983,2008,2008-04-19,"Punjab Cricket Association Stadium, Mohali",Chandigarh,2,18,3,Punjab Kings,Chennai Super Kings,KC Sangakkara,M Muralitharan,SM Katich,2,0,2,0,0,0,0,0,0,"","",""
335983,2008,2008-04-19,"Punjab Cricket Association Stadium, Mohali",Chandigarh,2,18,4,Punjab Kings,Chennai Super Kings,KC Sangakkara,M Muralitharan,SM Katich,0,0,0,0,0,0,0,0,1,KC Sangakkara,caught,Joginder Sharma
335983,2008,2008-04-19,"Punjab Cricket Association Stadium, Mohali",Chandigarh,2,18,5,Punjab Kings,Chennai Super Kings,SM Katich,M Muralitharan,IK Pathan,0,1,1,0,0,1,0,0,0,"","",""
335983,2008,2008-04-19,"Punjab Cricket Association Stadium, Mohali",Chandigarh,2,18,6,Punjab Kings,Chennai Super Kings,IK Pathan,M Muralitharan,SM Katich,0,0,0,0,0,0,0,0,0,"","",""
335983,2008,2008-04-19,"Punjab Cricket Association Stadium, Mohali",Chandigarh,2,19,1,Punjab Kings,Chennai Super Kings,SM Katich,JDP Oram,IK Pathan,1,0,1,0,0,0,0,0,0,"","",""
335983,2008,2008-04-19,"Punjab Cricket Association Stadium, Mohali",Chandigarh,2,19,2,Punjab Kings,Chennai Super Kings,IK Pathan,JDP Oram,SM Katich,1,0,1,0,0,0,0,0,0,"","",""
335983,2008,2008-04-19,"Punjab Cricket Association Stadium, Mohali",Chandigarh,2,19,3,Punjab Kings,Chennai Super Kings,SM Katich,JDP Oram,IK Pathan,1,0,1,0,0,0,0,0,0,"","",""
335983,2008,2008-04-19,"Punjab Cricket Association Stadium, Mohali",Chandigarh,2,19,4,Punjab Kings,Chennai Super Kings,IK Pathan,JDP Oram,SM Katich,1,0,1,0,0,0,0,0,0,"","",""
335983,2008,2008-04-19,"Punjab Cricket Association Stadium, Mohali",Chandigarh,2,19,5,Punjab Kings,Chennai Super Kings,SM Katich,JDP Oram,IK Pathan,2,0,2,0,0,0,0,0,0,"","",""
335983,2008,2008-04-19,"Punjab Cricket Association Stadium, Mohali",Chandigarh,2,19,6,Punjab Kings,Chennai Super Kings,SM Katich,JDP Oram,IK Pathan,1,0,1,0,0,0,0,0,0,"","",""
335983,2008,2008-04-19,"Punjab Cricket Association Stadium, Mohali",Chandigarh,2,20,1,Punjab Kings,Chennai Super Kings,SM Katich,Joginder Sharma,IK Pathan,1,0,1,0,0,0,0,0,0,"","",""
335983,2008,2008-04-19,"Punjab Cricket Association Stadium, Mohali",Chandigarh,2,20,2,Punjab Kings,Chennai Super Kings,IK Pathan,Joginder Sharma,SM Katich,1,0,1,0,0,0,0,0,0,"","",""
335983,2008,2008-04-19,"Punjab Cricket Association Stadium, Mohali",Chandigarh,2,20,3,Punjab Kings,Chennai Super Kings,SM Katich,Joginder Sharma,IK Pathan,0,0,0,0,0,0,0,0,0,"","",""
335983,2008,2008-04-19,"Punjab Cricket Association Stadium, Mohali",Chandigarh,2,20,4,Punjab Kings,Chennai Super Kings,SM Katich,Joginder Sharma,IK Pathan,6,0,6,0,0,0,0,0,0,"","",""
335983,2008,2008-04-19,"Punjab Cricket Association Stadium, Mohali",Chandigarh,2,20,5,Punjab Kings,Chennai Super Kings,SM Katich,Joginder Sharma,IK Pathan,1,0,1,0,0,0,0,0,0,"","",""
335983,2008,2008-04-19,"Punjab Cricket Association Stadium, Mohali",Chandigarh,2,20,6,Punjab Kings,Chennai Super Kings,IK Pathan,Joginder Sharma,SM Katich,0,0,0,0,0,0,0,0,0,"","",""
335984,2008,2008-04-19,Feroz Shah Kotla,Delhi,1,1,1,Rajasthan Royals,Delhi Capitals,T Kohli,GD McGrath,YK Pathan,0,0,0,0,0,0,0,0,0,"","",""
335984,2008,2008-04-19,Feroz Shah Kotla,Delhi,1,1,2,Rajasthan Royals,Delhi Capitals,T Kohli,GD McGrath,YK Pathan,0,0,0,0,0,0,0,0,0,"","",""
335984,2008,2008-04-19,Feroz Shah Kotla,Delhi,1,1,3,Rajasthan Royals,Delhi Capitals,T Kohli,GD McGrath,YK Pathan,0,0,0,0,0,0,0,0,0,"","",""
335984,2008,2008-04-19,Feroz Shah Kotla,Delhi,1,1,4,Rajasthan Royals,Delhi Capitals,T Kohli,GD McGrath,YK Pathan,0,1,1,1,0,0,0,0,0,"","",""
335984,2008,2008-04-19,Feroz Shah Kotla,Delhi,1,1,5,Rajasthan Royals,Delhi Capitals,T Kohli,GD McGrath,YK Pathan,0,0,0,0,0,0,0,0,0,"","",""
335984,2008,2008-04-19,Feroz Shah Kotla,Delhi,1,1,6,Rajasthan Royals,Delhi Capitals,T Kohli,GD McGrath,YK Pathan,0,0,0,0,0,0,0,0,0,"","",""
335984,2008,2008-04-19,Feroz Shah Kotla,Delhi,1,1,7,Rajasthan Royals,Delhi Capitals,T Kohli,GD McGrath,YK Pathan,6,0,6,0,0,0,0,0,0,"","",""
335984,2008,2008-04-19,Feroz Shah Kotla,Delhi,1,2,1,Rajasthan Royals,Delhi Capitals,YK Pathan,B Geeves,T Kohli,1,0,1,0,0,0,0,0,0,"","",""
335984,2008,2008-04-19,Feroz Shah Kotla,Delhi,1,2,2,Rajasthan Royals,Delhi Capitals,T Kohli,B Geeves,YK Pathan,0,0,0,0,0,0,0,0,0,"","",""
335984,2008,2008-04-19,Feroz Shah Kotla,Delhi,1,2,3,Rajasthan Royals,Delhi Capitals,T Kohli,B Geeves,YK Pathan,0,0,0,0,0,0,0,0,0,"","",""
335984,2008,2008-04-19,Feroz Shah Kotla,Delhi,1,2,4,Rajasthan Royals,Delhi Capitals,T Kohli,B Geeves,YK Pathan,1,0,1,0,0,0,0,0,0,"","",""
335984,2008,2008-04-19,Feroz Shah Kotla,Delhi,1,2,5,Rajasthan Royals,Delhi Capitals,YK Pathan,B Geeves,T Kohli,4,0,4,0,0,0,0,0,0,"","",""
335984,2008,2008-04-19,Feroz Shah Kotla,Delhi,1,2,6,Rajasthan Royals,Delhi Capitals,YK Pathan,B Geeves,T Kohli,4,0,4,0,0,0,0,0,0,"","",""
335984,2008,2008-04-19,Feroz Shah Kotla,Delhi,1,3,1,Rajasthan Royals,Delhi Capitals,T Kohli,GD McGrath,YK Pathan,0,0,0,0,0,0,0,0,0,"","",""
335984,2008,2008-04-19,Feroz Shah Kotla,Delhi,1,3,2,Rajasthan Royals,Delhi Capitals,T Kohli,GD McGrath,YK Pathan,0,0,0,0,0,0,0,0,0,"","",""
335984,2008,2008-04-19,Feroz Shah Kotla,Delhi,1,3,3,Rajasthan Royals,Delhi Capitals,T Kohli,GD McGrath,YK Pathan,0,0,0,0,0,0,0,0,1,T Kohli,caught,M Manhas
335984,2008,2008-04-19,Feroz Shah Kotla,Delhi,1,3,4,Rajasthan Royals,Delhi Capitals,SR Watson,GD McGrath,YK Pathan,0,0,0,0,0,0,0,0,0,"","",""
335984,2008,2008-04-19,Feroz Shah Kotla,Delhi,1,3,5,Rajasthan Royals,Delhi Capitals,SR Watson,GD McGrath,YK Pathan,0,0,0,0,0,0,0,0,0,"","",""
335984,2008,2008-04-19,Feroz Shah Kotla,Delhi,1,3,6,Rajasthan Royals,Delhi Capitals,SR Watson,GD McGrath,YK Pathan,0,0,0,0,0,0,0,0,0,"","",""
335984,2008,2008-04-19,Feroz Shah Kotla,Delhi,1,4,1,Rajasthan Royals,Delhi Capitals,YK Pathan,B Geeves,SR Watson,1,0,1,0,0,0,0,0,0,"","",""
335984,2008,2008-04-19,Feroz Shah Kotla,Delhi,1,4,2,Rajasthan Royals,Delhi Capitals,SR Watson,B Geeves,YK Pathan,4,0,4,0,0,0,0,0,0,"","",""
335984,2008,2008-04-19,Feroz Shah Kotla,Delhi,1,4,3,Rajasthan Royals,Delhi Capitals,SR Watson,B Geeves,YK Pathan,4,0,4,0,0,0,0,0,0,"","",""
335984,2008,2008-04-19,Feroz Shah Kotla,Delhi,1,4,4,Rajasthan Royals,Delhi Capitals,SR Watson,B Geeves,YK Pathan,1,0,1,0,0,0,0,0,0,"","",""
335984,2008,2008-04-19,Feroz Shah Kotla,Delhi,1,4,5,Rajasthan Royals,Delhi Capitals,YK Pathan,B Geeves,SR Watson,0,0,0,0,0,0,0,0,1,YK Pathan,run out,""
335984,2008,2008-04-19,Feroz Shah Kotla,Delhi,1,4,6,Rajasthan Royals,Delhi Capitals,SR Watson,B Geeves,M Kaif,4,0,4,0,0,0,0,0,0,"","",""
335984,2008,2008-04-19,Feroz Shah Kotla,Delhi,1,5,1,Rajasthan Royals,Delhi Capitals,M Kaif,GD McGrath,SR Watson,0,0,0,0,0,0,0,0,0,"","",""
335984,2008,2008-04-19,Feroz Shah Kotla,Delhi,1,5,2,Rajasthan Royals,Delhi Capitals,M Kaif,GD McGrath,SR Watson,0,0,0,0,0,0,0,0,0,"","",""
335984,2008,2008-04-19,Feroz Shah Kotla,Delhi,1,5,3,Rajasthan Royals,Delhi Capitals,M Kaif,GD McGrath,SR Watson,1,0,1,0,0,0,0,0,0,"","",""
335984,2008,2008-04-19,Feroz Shah Kotla,Delhi,1,5,4,Rajasthan Royals,Delhi Capitals,SR Watson,GD McGrath,M Kaif,4,0,4,0,0,0,0,0,0,"","",""
335984,2008,2008-04-19,Feroz Shah Kotla,Delhi,1,5,5,Rajasthan Royals,Delhi Capitals,SR Watson,GD McGrath,M Kaif,0,0,0,0,0,0,0,0,0,"","",""
335984,2008,2008-04-19,Feroz Shah Kotla,Delhi,1,5,6,Rajasthan Royals,Delhi Capitals,SR Watson,GD McGrath,M Kaif,1,0,1,0,0,0,0,0,0,"","",""
335984,2008,2008-04-19,Feroz Shah Kotla,Delhi,1,6,1,Rajasthan Royals,Delhi Capitals,SR Watson,MF Maharoof,M Kaif,0,0,0,0,0,0,0,0,0,"","",""
335984,2008,2008-04-19,Feroz Shah Kotla,Delhi,1,6,2,Rajasthan Royals,Delhi Capitals,SR Watson,MF Maharoof,M Kaif,1,0,1,0,0,0,0,0,0,"","",""
335984,2008,2008-04-19,Feroz Shah Kotla,Delhi,1,6,3,Rajasthan Royals,Delhi Capitals,M Kaif,MF Maharoof,SR Watson,0,0,0,0,0,0,0,0,0,"","",""
335984,2008,2008-04-19,Feroz Shah Kotla,Delhi,1,6,4,Rajasthan Royals,Delhi Capitals,M Kaif,MF Maharoof,SR Watson,0,1,1,0,0,0,1,0,0,"","",""
335984,2008,2008-04-19,Feroz Shah Kotla,Delhi,1,6,5,Rajasthan Royals,Delhi Capitals,SR Watson,MF Maharoof,M Kaif,1,0,1,0,0,0,0,0,0,"","",""
335984,2008,2008-04-19,Feroz Shah Kotla,Delhi,1,6,6,Rajasthan Royals,Delhi Capitals,M Kaif,MF Maharoof,SR Watson,0,0,0,0,0,0,0,0,0,"","",""
335984,2008,2008-04-19,Feroz Shah Kotla,Delhi,1,7,1,Rajasthan Royals,Delhi Capitals,SR Watson,R Bhatia,M Kaif,0,0,0,0,0,0,0,0,0,"","",""
335984,2008,2008-04-19,Feroz Shah Kotla,Delhi,1,7,2,Rajasthan Royals,Delhi Capitals,SR Watson,R Bhatia,M Kaif,1,0,1,0,0,0,0,0,1,SR Watson,run out,""
335984,2008,2008-04-19,Feroz Shah Kotla,Delhi,1,7,3,Rajasthan Royals,Delhi Capitals,M Kaif,R Bhatia,DS Lehmann,2,0,2,0,0,0,0,0,0,"","",""
335984,2008,2008-04-19,Feroz Shah Kotla,Delhi,1,7,4,Rajasthan Royals,Delhi Capitals,M Kaif,R Bhatia,DS Lehmann,0,0,0,0,0,0,0,0,0,"","",""
335984,2008,2008-04-19,Feroz Shah Kotla,Delhi,1,7,5,Rajasthan Royals,Delhi Capitals,M Kaif,R Bhatia,DS Lehmann,0,0,0,0,0,0,0,0,0,"","",""
335984,2008,2008-04-19,Feroz Shah Kotla,Delhi,1,7,6,Rajasthan Royals,Delhi Capitals,M Kaif,R Bhatia,DS Lehmann,1,0,1,0,0,0,0,0,0,"","",""
335984,2008,2008-04-19,Feroz Shah Kotla,Delhi,1,8,1,Rajasthan Royals,Delhi Capitals,M Kaif,MF Maharoof,DS Lehmann,0,1,1,0,0,0,1,0,0,"","",""
335984,2008,2008-04-19,Feroz Shah Kotla,Delhi,1,8,2,Rajasthan Royals,Delhi Capitals,DS Lehmann,MF Maharoof,M Kaif,1,0,1,0,0,0,0,0,0,"","",""
335984,2008,2008-04-19,Feroz Shah Kotla,Delhi,1,8,3,Rajasthan Royals,Delhi Capitals,M Kaif,MF Maharoof,DS Lehmann,1,0,1,0,0,0,0,0,0,"","",""
335984,2008,2008-04-19,Feroz Shah Kotla,Delhi,1,8,4,Rajasthan Royals,Delhi Capitals,DS Lehmann,MF Maharoof,M Kaif,0,0,0,0,0,0,0,0,1,DS Lehmann,lbw,""
335984,2008,2008-04-19,Feroz Shah Kotla,Delhi,1,8,5,Rajasthan Royals,Delhi Capitals,RA Jadeja,MF Maharoof,M Kaif,0,0,0,0,0,0,0,0,0,"","",""
335984,2008,2008-04-19,Feroz Shah Kotla,Delhi,1,8,6,Rajasthan Royals,Delhi Capitals,RA Jadeja,MF Maharoof,M Kaif,1,0,1,0,0,0,0,0,0,"","",""
335984,2008,2008-04-19,Feroz Shah Kotla,Delhi,1,9,1,Rajasthan Royals,Delhi Capitals,RA Jadeja,R Bhatia,M Kaif,0,0,0,0,0,0,0,0,0,"","",""
335984,2008,2008-04-19,Feroz Shah Kotla,Delhi,1,9,2,Rajasthan Royals,Delhi Capitals,RA Jadeja,R Bhatia,M Kaif,0,0,0,0,0,0,0,0,0,"","",""
335984,2008,2008-04-19,Feroz Shah Kotla,Delhi,1,9,3,Rajasthan Royals,Delhi Capitals,RA Jadeja,R Bhatia,M Kaif,0,1,1,0,0,1,0,0,0,"","",""
335984,2008,2008-04-19,Feroz Shah Kotla,Delhi,1,9,4,Rajasthan Royals,Delhi Capitals,M Kaif,R Bhatia,RA Jadeja,1,0,1,0,0,0,0,0,0,"","",""
335984,2008,2008-04-19,Feroz Shah Kotla,Delhi,1,9,5,Rajasthan Royals,Delhi Capitals,RA Jadeja,R Bhatia,M Kaif,0,0,0,0,0,0,0,0,0,"","",""
335984,2008,2008-04-19,Feroz Shah Kotla,Delhi,1,9,6,Rajasthan Royals,Delhi Capitals,RA Jadeja,R Bhatia,M Kaif,1,0,1,0,0,0,0,0,0,"","",""
335984,2008,2008-04-19,Feroz Shah Kotla,Delhi,1,10,1,Rajasthan Royals,Delhi Capitals,RA Jadeja,MF Maharoof,M Kaif,0,1,1,0,0,0,1,0,0,"","",""
335984,2008,2008-04-19,Feroz Shah Kotla,Delhi,1,10,2,Rajasthan Royals,Delhi Capitals,M Kaif,MF Maharoof,RA Jadeja,1,0,1,0,0,0,0,0,0,"","",""
335984,2008,2008-04-19,Feroz Shah Kotla,Delhi,1,10,3,Rajasthan Royals,Delhi Capitals,RA Jadeja,MF Maharoof,M Kaif,1,0,1,0,0,0,0,0,0,"","",""
335984,2008,2008-04-19,Feroz Shah Kotla,Delhi,1,10,4,Rajasthan Royals,Delhi Capitals,M Kaif,MF Maharoof,RA Jadeja,1,0,1,0,0,0,0,0,0,"","",""
335984,2008,2008-04-19,Feroz Shah Kotla,Delhi,1,10,5,Rajasthan Royals,Delhi Capitals,RA Jadeja,MF Maharoof,M Kaif,1,0,1,0,0,0,0,0,0,"","",""
335984,2008,2008-04-19,Feroz Shah Kotla,Delhi,1,10,6,Rajasthan Royals,Delhi Capitals,M Kaif,MF Maharoof,RA Jadeja,1,0,1,0,0,0,0,0,0,"","",""
335984,2008,2008-04-19,Feroz Shah Kotla,Delhi,1,11,1,Rajasthan Royals,Delhi Capitals,M Kaif,R Bhatia,RA Jadeja,0,0,0,0,0,0,0,0,0,"","",""
335984,2008,2008-04-19,Feroz Shah Kotla,Delhi,1,11,2,Rajasthan Royals,Delhi Capitals,M Kaif,R Bhatia,RA Jadeja,0,0,0,0,0,0,0,0,0,"","",""
335984,2008,2008-04-19,Feroz Shah Kotla,Delhi,1,11,3,Rajasthan Royals,Delhi Capitals,M Kaif,R Bhatia,RA Jadeja,0,0,0,0,0,0,0,0,1,M Kaif,caught,B Geeves
335984,2008,2008-04-19,Feroz Shah Kotla,Delhi,1,11,4,Rajasthan Royals,Delhi Capitals,M Rawat,R Bhatia,RA Jadeja,1,0,1,0,0,0,0,0,0,"","",""
335984,2008,2008-04-19,Feroz Shah Kotla,Delhi,1,11,5,Rajasthan Royals,Delhi Capitals,RA Jadeja,R Bhatia,M Rawat,0,0,0,0,0,0,0,0,0,"","",""
335984,2008,2008-04-19,Feroz Shah Kotla,Delhi,1,11,6,Rajasthan Royals,Delhi Capitals,RA Jadeja,R Bhatia,M Rawat,1,0,1,0,0,0,0,0,0,"","",""
335984,2008,2008-04-19,Feroz Shah Kotla,Delhi,1,12,1,Rajasthan Royals,Delhi Capitals,RA Jadeja,DL Vettori,M Rawat,6,0,6,0,0,0,0,0,0,"","",""
335984,2008,2008-04-19,Feroz Shah Kotla,Delhi,1,12,2,Rajasthan Royals,Delhi Capitals,RA Jadeja,DL Vettori,M Rawat,4,0,4,0,0,0,0,0,0,"","",""
335984,2008,2008-04-19,Feroz Shah Kotla,Delhi,1,12,3,Rajasthan Royals,Delhi Capitals,RA Jadeja,DL Vettori,M Rawat,1,0,1,0,0,0,0,0,0,"","",""
335984,2008,2008-04-19,Feroz Shah Kotla,Delhi,1,12,4,Rajasthan Royals,Delhi Capitals,M Rawat,DL Vettori,RA Jadeja,0,0,0,0,0,0,0,0,0,"","",""
335984,2008,2008-04-19,Feroz Shah Kotla,Delhi,1,12,5,Rajasthan Royals,Delhi Capitals,M Rawat,DL Vettori,RA Jadeja,1,0,1,0,0,0,0,0,0,"","",""
335984,2008,2008-04-19,Feroz Shah Kotla,Delhi,1,12,6,Rajasthan Royals,Delhi Capitals,RA Jadeja,DL Vettori,M Rawat,0,0,0,0,0,0,0,0,0,"","",""
335984,2008,2008-04-19,Feroz Shah Kotla,Delhi,1,13,1,Rajasthan Royals,Delhi Capitals,M Rawat,R Bhatia,RA Jadeja,0,0,0,0,0,0,0,0,1,M Rawat,bowled,""
335984,2008,2008-04-19,Feroz Shah Kotla,Delhi,1,13,2,Rajasthan Royals,Delhi Capitals,D Salunkhe,R Bhatia,RA Jadeja,4,0,4,0,0,0,0,0,0,"","",""
335984,2008,2008-04-19,Feroz Shah Kotla,Delhi,1,13,3,Rajasthan Royals,Delhi Capitals,D Salunkhe,R Bhatia,RA Jadeja,1,0,1,0,0,0,0,0,0,"","",""
335984,2008,2008-04-19,Feroz Shah Kotla,Delhi,1,13,4,Rajasthan Royals,Delhi Capitals,RA Jadeja,R Bhatia,D Salunkhe,0,2,2,2,0,0,0,0,0,"","",""
335984,2008,2008-04-19,Feroz Shah Kotla,Delhi,1,13,5,Rajasthan Royals,Delhi Capitals,D Salunkhe,R Bhatia,RA Jadeja,0,0,0,0,0,0,0,0,0,"","",""
335984,2008,2008-04-19,Feroz Shah Kotla,Delhi,1,13,6,Rajasthan Royals,Delhi Capitals,D Salunkhe,R Bhatia,RA Jadeja,1,0,1,0,0,0,0,0,0,"","",""
335984,2008,2008-04-19,Feroz Shah Kotla,Delhi,1,13,7,Rajasthan Royals,Delhi Capitals,RA Jadeja,R Bhatia,D Salunkhe,1,0,1,0,0,0,0,0,0,"","",""
335984,2008,2008-04-19,Feroz Shah Kotla,Delhi,1,14,1,Rajasthan Royals,Delhi Capitals,RA Jadeja,B Geeves,D Salunkhe,4,0,4,0,0,0,0,0,0,"","",""
335984,2008,2008-04-19,Feroz Shah Kotla,Delhi,1,14,2,Rajasthan Royals,Delhi Capitals,RA Jadeja,B Geeves,D Salunkhe,1,0,1,0,0,0,0,0,0,"","",""
335984,2008,2008-04-19,Feroz Shah Kotla,Delhi,1,14,3,Rajasthan Royals,Delhi Capitals,D Salunkhe,B Geeves,RA Jadeja,1,0,1,0,0,0,0,0,0,"","",""
335984,2008,2008-04-19,Feroz Shah Kotla,Delhi,1,14,4,Rajasthan Royals,Delhi Capitals,RA Jadeja,B Geeves,D Salunkhe,0,0,0,0,0,0,0,0,0,"","",""
335984,2008,2008-04-19,Feroz Shah Kotla,Delhi,1,14,5,Rajasthan Royals,Delhi Capitals,RA Jadeja,B Geeves,D Salunkhe,1,0,1,0,0,0,0,0,0,"","",""
335984,2008,2008-04-19,Feroz Shah Kotla,Delhi,1,14,6,Rajasthan Royals,Delhi Capitals,D Salunkhe,B Geeves,RA Jadeja,0,0,0,0,0,0,0,0,0,"","",""
335984,2008,2008-04-19,Feroz Shah Kotla,Delhi,1,15,1,Rajasthan Royals,Delhi Capitals,RA Jadeja,DL Vettori,D Salunkhe,6,0,6,0,0,0,0,0,0,"","",""
335984,2008,2008-04-19,Feroz Shah Kotla,Delhi,1,15,2,Rajasthan Royals,Delhi Capitals,RA Jadeja,DL Vettori,D Salunkhe,0,0,0,0,0,0,0,0,1,RA Jadeja,bowled,""
335984,2008,2008-04-19,Feroz Shah Kotla,Delhi,1,15,3,Rajasthan Royals,Delhi Capitals,SK Warne,DL Vettori,D Salunkhe,0,0,0,0,0,0,0,0,0,"","",""
335984,2008,2008-04-19,Feroz Shah Kotla,Delhi,1,15,4,Rajasthan Royals,Delhi Capitals,SK Warne,DL Vettori,D Salunkhe,1,0,1,0,0,0,0,0,0,"","",""
335984,2008,2008-04-19,Feroz Shah Kotla,Delhi,1,15,5,Rajasthan Royals,Delhi Capitals,D Salunkhe,DL Vettori,SK Warne,1,0,1,0,0,0,0,0,0,"","",""
335984,2008,2008-04-19,Feroz Shah Kotla,Delhi,1,15,6,Rajasthan Royals,Delhi Capitals,SK Warne,DL Vettori,D Salunkhe,1,0,1,0,0,0,0,0,0,"","",""
335984,2008,2008-04-19,Feroz Shah Kotla,Delhi,1,16,1,Rajasthan Royals,Delhi Capitals,SK Warne,B Geeves,D Salunkhe,0,0,0,0,0,0,0,0,0,"","",""
335984,2008,2008-04-19,Feroz Shah Kotla,Delhi,1,16,2,Rajasthan Royals,Delhi Capitals,SK Warne,B Geeves,D Salunkhe,0,0,0,0,0,0,0,0,0,"","",""
335984,2008,2008-04-19,Feroz Shah Kotla,Delhi,1,16,3,Rajasthan Royals,Delhi Capitals,SK Warne,B Geeves,D Salunkhe,4,0,4,0,0,0,0,0,0,"","",""
335984,2008,2008-04-19,Feroz Shah Kotla,Delhi,1,16,4,Rajasthan Royals,Delhi Capitals,SK Warne,B Geeves,D Salunkhe,0,0,0,0,0,0,0,0,0,"","",""
335984,2008,2008-04-19,Feroz Shah Kotla,Delhi,1,16,5,Rajasthan Royals,Delhi Capitals,SK Warne,B Geeves,D Salunkhe,4,0,4,0,0,0,0,0,0,"","",""
335984,2008,2008-04-19,Feroz Shah Kotla,Delhi,1,16,6,Rajasthan Royals,Delhi Capitals,SK Warne,B Geeves,D Salunkhe,2,0,2,0,0,0,0,0,0,"","",""
335984,2008,2008-04-19,Feroz Shah Kotla,Delhi,1,17,1,Rajasthan Royals,Delhi Capitals,D Salunkhe,DL Vettori,SK Warne,1,0,1,0,0,0,0,0,0,"","",""
335984,2008,2008-04-19,Feroz Shah Kotla,Delhi,1,17,2,Rajasthan Royals,Delhi Capitals,SK Warne,DL Vettori,D Salunkhe,0,0,0,0,0,0,0,0,0,"","",""
335984,2008,2008-04-19,Feroz Shah Kotla,Delhi,1,17,3,Rajasthan Royals,Delhi Capitals,SK Warne,DL Vettori,D Salunkhe,1,0,1,0,0,0,0,0,0,"","",""
335984,2008,2008-04-19,Feroz Shah Kotla,Delhi,1,17,4,Rajasthan Royals,Delhi Capitals,D Salunkhe,DL Vettori,SK Warne,0,0,0,0,0,0,0,0,0,"","",""
335984,2008,2008-04-19,Feroz Shah Kotla,Delhi,1,17,5,Rajasthan Royals,Delhi Capitals,D Salunkhe,DL Vettori,SK Warne,1,0,1,0,0,0,0,0,0,"","",""
335984,2008,2008-04-19,Feroz Shah Kotla,Delhi,1,17,6,Rajasthan Royals,Delhi Capitals,SK Warne,DL Vettori,D Salunkhe,1,0,1,0,0,0,0,0,0,"","",""
335984,2008,2008-04-19,Feroz Shah Kotla,Delhi,1,18,1,Rajasthan Royals,Delhi Capitals,SK Warne,MF Maharoof,D Salunkhe,0,0,0,0,0,0,0,0,1,SK Warne,bowled,""
335984,2008,2008-04-19,Feroz Shah Kotla,Delhi,1,18,2,Rajasthan Royals,Delhi Capitals,SK Trivedi,MF Maharoof,D Salunkhe,0,0,0,0,0,0,0,0,0,"","",""
335984,2008,2008-04-19,Feroz Shah Kotla,Delhi,1,18,3,Rajasthan Royals,Delhi Capitals,SK Trivedi,MF Maharoof,D Salunkhe,0,0,0,0,0,0,0,0,0,"","",""
335984,2008,2008-04-19,Feroz Shah Kotla,Delhi,1,18,4,Rajasthan Royals,Delhi Capitals,SK Trivedi,MF Maharoof,D Salunkhe,0,0,0,0,0,0,0,0,0,"","",""
335984,2008,2008-04-19,Feroz Shah Kotla,Delhi,1,18,5,Rajasthan Royals,Delhi Capitals,SK Trivedi,MF Maharoof,D Salunkhe,1,0,1,0,0,0,0,0,0,"","",""
335984,2008,2008-04-19,Feroz Shah Kotla,Delhi,1,18,6,Rajasthan Royals,Delhi Capitals,D Salunkhe,MF Maharoof,SK Trivedi,0,0,0,0,0,0,0,0,0,"","",""
335984,2008,2008-04-19,Feroz Shah Kotla,Delhi,1,19,1,Rajasthan Royals,Delhi Capitals,SK Trivedi,DL Vettori,D Salunkhe,0,0,0,0,0,0,0,0,0,"","",""
335984,2008,2008-04-19,Feroz Shah Kotla,Delhi,1,19,2,Rajasthan Royals,Delhi Capitals,SK Trivedi,DL Vettori,D Salunkhe,1,0,1,0,0,0,0,0,0,"","",""
335984,2008,2008-04-19,Feroz Shah Kotla,Delhi,1,19,3,Rajasthan Royals,Delhi Capitals,D Salunkhe,DL Vettori,SK Trivedi,4,0,4,0,0,0,0,0,0,"","",""
335984,2008,2008-04-19,Feroz Shah Kotla,Delhi,1,19,4,Rajasthan Royals,Delhi Capitals,D Salunkhe,DL Vettori,SK Trivedi,4,0,4,0,0,0,0,0,0,"","",""
335984,2008,2008-04-19,Feroz Shah Kotla,Delhi,1,19,5,Rajasthan Royals,Delhi Capitals,D Salunkhe,DL Vettori,SK Trivedi,0,0,0,0,0,0,0,0,0,"","",""
335984,2008,2008-04-19,Feroz Shah Kotla,Delhi,1,19,6,Rajasthan Royals,Delhi Capitals,D Salunkhe,DL Vettori,SK Trivedi,1,0,1,0,0,0,0,0,0,"","",""
335984,2008,2008-04-19,Feroz Shah Kotla,Delhi,1,20,1,Rajasthan Royals,Delhi Capitals,D Salunkhe,GD McGrath,SK Trivedi,4,0,4,0,0,0,0,0,0,"","",""
335984,2008,2008-04-19,Feroz Shah Kotla,Delhi,1,20,2,Rajasthan Royals,Delhi Capitals,D Salunkhe,GD McGrath,SK Trivedi,0,0,0,0,0,0,0,0,0,"","",""
335984,2008,2008-04-19,Feroz Shah Kotla,Delhi,1,20,3,Rajasthan Royals,Delhi Capitals,D Salunkhe,GD McGrath,SK Trivedi,1,0,1,0,0,0,0,0,0,"","",""
335984,2008,2008-04-19,Feroz Shah Kotla,Delhi,1,20,4,Rajasthan Royals,Delhi Capitals,SK Trivedi,GD McGrath,D Salunkhe,1,0,1,0,0,0,0,0,0,"","",""
335984,2008,2008-04-19,Feroz Shah Kotla,Delhi,1,20,5,Rajasthan Royals,Delhi Capitals,D Salunkhe,GD McGrath,SK Trivedi,2,0,2,0,0,0,0,0,0,"","",""
335984,2008,2008-04-19,Feroz Shah Kotla,Delhi,1,20,6,Rajasthan Royals,Delhi Capitals,D Salunkhe,GD McGrath,SK Trivedi,0,0,0,0,0,0,0,0,0,"","",""
335984,2008,2008-04-19,Feroz Shah Kotla,Delhi,2,1,1,Delhi Capitals,Rajasthan Royals,G Gambhir,MM Patel,V Sehwag,0,0,0,0,0,0,0,0,0,"","",""
335984,2008,2008-04-19,Feroz Shah Kotla,Delhi,2,1,2,Delhi Capitals,Rajasthan Royals,G Gambhir,MM Patel,V Sehwag,0,0,0,0,0,0,0,0,0,"","",""
335984,2008,2008-04-19,Feroz Shah Kotla,Delhi,2,1,3,Delhi Capitals,Rajasthan Royals,G Gambhir,MM Patel,V Sehwag,0,0,0,0,0,0,0,0,0,"","",""
335984,2008,2008-04-19,Feroz Shah Kotla,Delhi,2,1,4,Delhi Capitals,Rajasthan Royals,G Gambhir,MM Patel,V Sehwag,0,0,0,0,0,0,0,0,0,"","",""
335984,2008,2008-04-19,Feroz Shah Kotla,Delhi,2,1,5,Delhi Capitals,Rajasthan Royals,G Gambhir,MM Patel,V Sehwag,4,0,4,0,0,0,0,0,0,"","",""
335984,2008,2008-04-19,Feroz Shah Kotla,Delhi,2,1,6,Delhi Capitals,Rajasthan Royals,G Gambhir,MM Patel,V Sehwag,4,0,4,0,0,0,0,0,0,"","",""
335984,2008,2008-04-19,Feroz Shah Kotla,Delhi,2,2,1,Delhi Capitals,Rajasthan Royals,V Sehwag,SR Watson,G Gambhir,4,0,4,0,0,0,0,0,0,"","",""
335984,2008,2008-04-19,Feroz Shah Kotla,Delhi,2,2,2,Delhi Capitals,Rajasthan Royals,V Sehwag,SR Watson,G Gambhir,4,0,4,0,0,0,0,0,0,"","",""
335984,2008,2008-04-19,Feroz Shah Kotla,Delhi,2,2,3,Delhi Capitals,Rajasthan Royals,V Sehwag,SR Watson,G Gambhir,4,0,4,0,0,0,0,0,0,"","",""
335984,2008,2008-04-19,Feroz Shah Kotla,Delhi,2,2,4,Delhi Capitals,Rajasthan Royals,V Sehwag,SR Watson,G Gambhir,0,0,0,0,0,0,0,0,1,V Sehwag,bowled,""
335984,2008,2008-04-19,Feroz Shah Kotla,Delhi,2,2,5,Delhi Capitals,Rajasthan Royals,S Dhawan,SR Watson,G Gambhir,0,0,0,0,0,0,0,0,0,"","",""
335984,2008,2008-04-19,Feroz Shah Kotla,Delhi,2,2,6,Delhi Capitals,Rajasthan Royals,S Dhawan,SR Watson,G Gambhir,0,1,1,1,0,0,0,0,0,"","",""
335984,2008,2008-04-19,Feroz Shah Kotla,Delhi,2,2,7,Delhi Capitals,Rajasthan Royals,S Dhawan,SR Watson,G Gambhir,0,0,0,0,0,0,0,0,0,"","",""
335984,2008,2008-04-19,Feroz Shah Kotla,Delhi,2,3,1,Delhi Capitals,Rajasthan Royals,G Gambhir,MM Patel,S Dhawan,0,0,0,0,0,0,0,0,0,"","",""
335984,2008,2008-04-19,Feroz Shah Kotla,Delhi,2,3,2,Delhi Capitals,Rajasthan Royals,G Gambhir,MM Patel,S Dhawan,4,0,4,0,0,0,0,0,0,"","",""
335984,2008,2008-04-19,Feroz Shah Kotla,Delhi,2,3,3,Delhi Capitals,Rajasthan Royals,G Gambhir,MM Patel,S Dhawan,0,0,0,0,0,0,0,0,0,"","",""
335984,2008,2008-04-19,Feroz Shah Kotla,Delhi,2,3,4,Delhi Capitals,Rajasthan Royals,G Gambhir,MM Patel,S Dhawan,1,0,1,0,0,0,0,0,0,"","",""
335984,2008,2008-04-19,Feroz Shah Kotla,Delhi,2,3,5,Delhi Capitals,Rajasthan Royals,S Dhawan,MM Patel,G Gambhir,0,0,0,0,0,0,0,0,0,"","",""
335984,2008,2008-04-19,Feroz Shah Kotla,Delhi,2,3,6,Delhi Capitals,Rajasthan Royals,S Dhawan,MM Patel,G Gambhir,0,0,0,0,0,0,0,0,0,"","",""
335984,2008,2008-04-19,Feroz Shah Kotla,Delhi,2,4,1,Delhi Capitals,Rajasthan Royals,G Gambhir,SR Watson,S Dhawan,1,0,1,0,0,0,0,0,0,"","",""
335984,2008,2008-04-19,Feroz Shah Kotla,Delhi,2,4,2,Delhi Capitals,Rajasthan Royals,S Dhawan,SR Watson,G Gambhir,0,0,0,0,0,0,0,0,0,"","",""
335984,2008,2008-04-19,Feroz Shah Kotla,Delhi,2,4,3,Delhi Capitals,Rajasthan Royals,S Dhawan,SR Watson,G Gambhir,4,0,4,0,0,0,0,0,0,"","",""
335984,2008,2008-04-19,Feroz Shah Kotla,Delhi,2,4,4,Delhi Capitals,Rajasthan Royals,S Dhawan,SR Watson,G Gambhir,1,0,1,0,0,0,0,0,0,"","",""
335984,2008,2008-04-19,Feroz Shah Kotla,Delhi,2,4,5,Delhi Capitals,Rajasthan Royals,G Gambhir,SR Watson,S Dhawan,4,0,4,0,0,0,0,0,0,"","",""
335984,2008,2008-04-19,Feroz Shah Kotla,Delhi,2,4,6,Delhi Capitals,Rajasthan Royals,G Gambhir,SR Watson,S Dhawan,0,0,0,0,0,0,0,0,0,"","",""
335984,2008,2008-04-19,Feroz Shah Kotla,Delhi,2,5,1,Delhi Capitals,Rajasthan Royals,S Dhawan,MM Patel,G Gambhir,0,0,0,0,0,0,0,0,0,"","",""
335984,2008,2008-04-19,Feroz Shah Kotla,Delhi,2,5,2,Delhi Capitals,Rajasthan Royals,S Dhawan,MM Patel,G Gambhir,1,0,1,0,0,0,0,0,0,"","",""
335984,2008,2008-04-19,Feroz Shah Kotla,Delhi,2,5,3,Delhi Capitals,Rajasthan Royals,G Gambhir,MM Patel,S Dhawan,6,0,6,0,0,0,0,0,0,"","",""
335984,2008,2008-04-19,Feroz Shah Kotla,Delhi,2,5,4,Delhi Capitals,Rajasthan Royals,G Gambhir,MM Patel,S Dhawan,4,0,4,0,0,0,0,0,0,"","",""
335984,2008,2008-04-19,Feroz Shah Kotla,Delhi,2,5,5,Delhi Capitals,Rajasthan Royals,G Gambhir,MM Patel,S Dhawan,0,0,0,0,0,0,0,0,0,"","",""
335984,2008,2008-04-19,Feroz Shah Kotla,Delhi,2,5,6,Delhi Capitals,Rajasthan Royals,G Gambhir,MM Patel,S Dhawan,1,0,1,0,0,0,0,0,0,"","",""
335984,2008,2008-04-19,Feroz Shah Kotla,Delhi,2,6,1,Delhi Capitals,Rajasthan Royals,G Gambhir,SK Trivedi,S Dhawan,0,0,0,0,0,0,0,0,0,"","",""
335984,2008,2008-04-19,Feroz Shah Kotla,Delhi,2,6,2,Delhi Capitals,Rajasthan Royals,G Gambhir,SK Trivedi,S Dhawan,0,1,1,1,0,0,0,0,0,"","",""
335984,2008,2008-04-19,Feroz Shah Kotla,Delhi,2,6,3,Delhi Capitals,Rajasthan Royals,G Gambhir,SK Trivedi,S Dhawan,1,0,1,0,0,0,0,0,0,"","",""
335984,2008,2008-04-19,Feroz Shah Kotla,Delhi,2,6,4,Delhi Capitals,Rajasthan Royals,S Dhawan,SK Trivedi,G Gambhir,0,0,0,0,0,0,0,0,0,"","",""
335984,2008,2008-04-19,Feroz Shah Kotla,Delhi,2,6,5,Delhi Capitals,Rajasthan Royals,S Dhawan,SK Trivedi,G Gambhir,4,0,4,0,0,0,0,0,0,"","",""
335984,2008,2008-04-19,Feroz Shah Kotla,Delhi,2,6,6,Delhi Capitals,Rajasthan Royals,S Dhawan,SK Trivedi,G Gambhir,1,0,1,0,0,0,0,0,0,"","",""
335984,2008,2008-04-19,Feroz Shah Kotla,Delhi,2,6,7,Delhi Capitals,Rajasthan Royals,G Gambhir,SK Trivedi,S Dhawan,0,0,0,0,0,0,0,0,0,"","",""
335984,2008,2008-04-19,Feroz Shah Kotla,Delhi,2,7,1,Delhi Capitals,Rajasthan Royals,S Dhawan,SR Watson,G Gambhir,1,0,1,0,0,0,0,0,0,"","",""
335984,2008,2008-04-19,Feroz Shah Kotla,Delhi,2,7,2,Delhi Capitals,Rajasthan Royals,G Gambhir,SR Watson,S Dhawan,1,0,1,0,0,0,0,0,0,"","",""
335984,2008,2008-04-19,Feroz Shah Kotla,Delhi,2,7,3,Delhi Capitals,Rajasthan Royals,S Dhawan,SR Watson,G Gambhir,0,0,0,0,0,0,0,0,0,"","",""
335984,2008,2008-04-19,Feroz Shah Kotla,Delhi,2,7,4,Delhi Capitals,Rajasthan Royals,S Dhawan,SR Watson,G Gambhir,0,0,0,0,0,0,0,0,0,"","",""
335984,2008,2008-04-19,Feroz Shah Kotla,Delhi,2,7,5,Delhi Capitals,Rajasthan Royals,S Dhawan,SR Watson,G Gambhir,1,0,1,0,0,0,0,0,0,"","",""
335984,2008,2008-04-19,Feroz Shah Kotla,Delhi,2,7,6,Delhi Capitals,Rajasthan Royals,G Gambhir,SR Watson,S Dhawan,1,0,1,0,0,0,0,0,0,"","",""
335984,2008,2008-04-19,Feroz Shah Kotla,Delhi,2,8,1,Delhi Capitals,Rajasthan Royals,G Gambhir,SK Trivedi,S Dhawan,1,0,1,0,0,0,0,0,0,"","",""
335984,2008,2008-04-19,Feroz Shah Kotla,Delhi,2,8,2,Delhi Capitals,Rajasthan Royals,S Dhawan,SK Trivedi,G Gambhir,4,0,4,0,0,0,0,0,0,"","",""
335984,2008,2008-04-19,Feroz Shah Kotla,Delhi,2,8,3,Delhi Capitals,Rajasthan Royals,S Dhawan,SK Trivedi,G Gambhir,0,1,1,1,0,0,0,0,0,"","",""
335984,2008,2008-04-19,Feroz Shah Kotla,Delhi,2,8,4,Delhi Capitals,Rajasthan Royals,S Dhawan,SK Trivedi,G Gambhir,0,0,0,0,0,0,0,0,0,"","",""
335984,2008,2008-04-19,Feroz Shah Kotla,Delhi,2,8,5,Delhi Capitals,Rajasthan Royals,S Dhawan,SK Trivedi,G Gambhir,4,0,4,0,0,0,0,0,0,"","",""
335984,2008,2008-04-19,Feroz Shah Kotla,Delhi,2,8,6,Delhi Capitals,Rajasthan Royals,S Dhawan,SK Trivedi,G Gambhir,2,0,2,0,0,0,0,0,0,"","",""
335984,2008,2008-04-19,Feroz Shah Kotla,Delhi,2,8,7,Delhi Capitals,Rajasthan Royals,S Dhawan,SK Trivedi,G Gambhir,0,0,0,0,0,0,0,0,0,"","",""
335984,2008,2008-04-19,Feroz Shah Kotla,Delhi,2,9,1,Delhi Capitals,Rajasthan Royals,G Gambhir,SK Warne,S Dhawan,0,0,0,0,0,0,0,0,0,"","",""
335984,2008,2008-04-19,Feroz Shah Kotla,Delhi,2,9,2,Delhi Capitals,Rajasthan Royals,G Gambhir,SK Warne,S Dhawan,1,0,1,0,0,0,0,0,0,"","",""
335984,2008,2008-04-19,Feroz Shah Kotla,Delhi,2,9,3,Delhi Capitals,Rajasthan Royals,S Dhawan,SK Warne,G Gambhir,4,0,4,0,0,0,0,0,0,"","",""
335984,2008,2008-04-19,Feroz Shah Kotla,Delhi,2,9,4,Delhi Capitals,Rajasthan Royals,S Dhawan,SK Warne,G Gambhir,0,0,0,0,0,0,0,0,0,"","",""
335984,2008,2008-04-19,Feroz Shah Kotla,Delhi,2,9,5,Delhi Capitals,Rajasthan Royals,S Dhawan,SK Warne,G Gambhir,1,0,1,0,0,0,0,0,0,"","",""
335984,2008,2008-04-19,Feroz Shah Kotla,Delhi,2,9,6,Delhi Capitals,Rajasthan Royals,G Gambhir,SK Warne,S Dhawan,1,0,1,0,0,0,0,0,0,"","",""
335984,2008,2008-04-19,Feroz Shah Kotla,Delhi,2,10,1,Delhi Capitals,Rajasthan Royals,G Gambhir,YK Pathan,S Dhawan,0,0,0,0,0,0,0,0,0,"","",""
335984,2008,2008-04-19,Feroz Shah Kotla,Delhi,2,10,2,Delhi Capitals,Rajasthan Royals,G Gambhir,YK Pathan,S Dhawan,0,1,1,1,0,0,0,0,0,"","",""
335984,2008,2008-04-19,Feroz Shah Kotla,Delhi,2,10,3,Delhi Capitals,Rajasthan Royals,G Gambhir,YK Pathan,S Dhawan,4,0,4,0,0,0,0,0,0,"","",""
335984,2008,2008-04-19,Feroz Shah Kotla,Delhi,2,10,4,Delhi Capitals,Rajasthan Royals,G Gambhir,YK Pathan,S Dhawan,1,0,1,0,0,0,0,0,0,"","",""
335984,2008,2008-04-19,Feroz Shah Kotla,Delhi,2,10,5,Delhi Capitals,Rajasthan Royals,S Dhawan,YK Pathan,G Gambhir,1,0,1,0,0,0,0,0,0,"","",""
335984,2008,2008-04-19,Feroz Shah Kotla,Delhi,2,10,6,Delhi Capitals,Rajasthan Royals,G Gambhir,YK Pathan,S Dhawan,0,0,0,0,0,0,0,0,0,"","",""
335984,2008,2008-04-19,Feroz Shah Kotla,Delhi,2,10,7,Delhi Capitals,Rajasthan Royals,G Gambhir,YK Pathan,S Dhawan,1,0,1,0,0,0,0,0,0,"","",""
335984,2008,2008-04-19,Feroz Shah Kotla,Delhi,2,11,1,Delhi Capitals,Rajasthan Royals,G Gambhir,SK Warne,S Dhawan,1,0,1,0,0,0,0,0,0,"","",""
335984,2008,2008-04-19,Feroz Shah Kotla,Delhi,2,11,2,Delhi Capitals,Rajasthan Royals,S Dhawan,SK Warne,G Gambhir,1,0,1,0,0,0,0,0,0,"","",""
335984,2008,2008-04-19,Feroz Shah Kotla,Delhi,2,11,3,Delhi Capitals,Rajasthan Royals,G Gambhir,SK Warne,S Dhawan,4,0,4,0,0,0,0,0,0,"","",""
335984,2008,2008-04-19,Feroz Shah Kotla,Delhi,2,11,4,Delhi Capitals,Rajasthan Royals,G Gambhir,SK Warne,S Dhawan,1,0,1,0,0,0,0,0,0,"","",""
335984,2008,2008-04-19,Feroz Shah Kotla,Delhi,2,11,5,Delhi Capitals,Rajasthan Royals,S Dhawan,SK Warne,G Gambhir,1,0,1,0,0,0,0,0,0,"","",""
335984,2008,2008-04-19,Feroz Shah Kotla,Delhi,2,11,6,Delhi Capitals,Rajasthan Royals,G Gambhir,SK Warne,S Dhawan,1,0,1,0,0,0,0,0,0,"","",""
335984,2008,2008-04-19,Feroz Shah Kotla,Delhi,2,12,1,Delhi Capitals,Rajasthan Royals,G Gambhir,YK Pathan,S Dhawan,1,0,1,0,0,0,0,0,0,"","",""
335984,2008,2008-04-19,Feroz Shah Kotla,Delhi,2,12,2,Delhi Capitals,Rajasthan Royals,S Dhawan,YK Pathan,G Gambhir,1,0,1,0,0,0,0,0,0,"","",""
335984,2008,2008-04-19,Feroz Shah Kotla,Delhi,2,12,3,Delhi Capitals,Rajasthan Royals,G Gambhir,YK Pathan,S Dhawan,2,0,2,0,0,0,0,0,0,"","",""
335984,2008,2008-04-19,Feroz Shah Kotla,Delhi,2,12,4,Delhi Capitals,Rajasthan Royals,G Gambhir,YK Pathan,S Dhawan,1,0,1,0,0,0,0,0,0,"","",""
335984,2008,2008-04-19,Feroz Shah Kotla,Delhi,2,12,5,Delhi Capitals,Rajasthan Royals,S Dhawan,YK Pathan,G Gambhir,0,0,0,0,0,0,0,0,0,"","",""
335984,2008,2008-04-19,Feroz Shah Kotla,Delhi,2,12,6,Delhi Capitals,Rajasthan Royals,S Dhawan,YK Pathan,G Gambhir,0,0,0,0,0,0,0,0,0,"","",""
335984,2008,2008-04-19,Feroz Shah Kotla,Delhi,2,13,1,Delhi Capitals,Rajasthan Royals,G Gambhir,D Salunkhe,S Dhawan,1,0,1,0,0,0,0,0,0,"","",""
335984,2008,2008-04-19,Feroz Shah Kotla,Delhi,2,13,2,Delhi Capitals,Rajasthan Royals,S Dhawan,D Salunkhe,G Gambhir,1,0,1,0,0,0,0,0,0,"","",""
335984,2008,2008-04-19,Feroz Shah Kotla,Delhi,2,13,3,Delhi Capitals,Rajasthan Royals,G Gambhir,D Salunkhe,S Dhawan,1,0,1,0,0,0,0,0,0,"","",""
335984,2008,2008-04-19,Feroz Shah Kotla,Delhi,2,13,4,Delhi Capitals,Rajasthan Royals,S Dhawan,D Salunkhe,G Gambhir,1,0,1,0,0,0,0,0,0,"","",""
335984,2008,2008-04-19,Feroz Shah Kotla,Delhi,2,13,5,Delhi Capitals,Rajasthan Royals,G Gambhir,D Salunkhe,S Dhawan,1,0,1,0,0,0,0,0,0,"","",""
335984,2008,2008-04-19,Feroz Shah Kotla,Delhi,2,13,6,Delhi Capitals,Rajasthan Royals,S Dhawan,D Salunkhe,G Gambhir,0,5,5,5,0,0,0,0,0,"","",""
335984,2008,2008-04-19,Feroz Shah Kotla,Delhi,2,13,7,Delhi Capitals,Rajasthan Royals,S Dhawan,D Salunkhe,G Gambhir,1,0,1,0,0,0,0,0,0,"","",""
335984,2008,2008-04-19,Feroz Shah Kotla,Delhi,2,14,1,Delhi Capitals,Rajasthan Royals,S Dhawan,SR Watson,G Gambhir,1,0,1,0,0,0,0,0,0,"","",""
335984,2008,2008-04-19,Feroz Shah Kotla,Delhi,2,14,2,Delhi Capitals,Rajasthan Royals,G Gambhir,SR Watson,S Dhawan,0,0,0,0,0,0,0,0,0,"","",""
335984,2008,2008-04-19,Feroz Shah Kotla,Delhi,2,14,3,Delhi Capitals,Rajasthan Royals,G Gambhir,SR Watson,S Dhawan,1,0,1,0,0,0,0,0,0,"","",""
335984,2008,2008-04-19,Feroz Shah Kotla,Delhi,2,14,4,Delhi Capitals,Rajasthan Royals,S Dhawan,SR Watson,G Gambhir,1,0,1,0,0,0,0,0,0,"","",""
335984,2008,2008-04-19,Feroz Shah Kotla,Delhi,2,14,5,Delhi Capitals,Rajasthan Royals,G Gambhir,SR Watson,S Dhawan,1,0,1,0,0,0,0,0,0,"","",""
335984,2008,2008-04-19,Feroz Shah Kotla,Delhi,2,14,6,Delhi Capitals,Rajasthan Royals,S Dhawan,SR Watson,G Gambhir,0,0,0,0,0,0,0,0,0,"","",""
335984,2008,2008-04-19,Feroz Shah Kotla,Delhi,2,15,1,Delhi Capitals,Rajasthan Royals,G Gambhir,SK Trivedi,S Dhawan,0,1,1,1,0,0,0,0,0,"","",""
335984,2008,2008-04-19,Feroz Shah Kotla,Delhi,2,15,2,Delhi Capitals,Rajasthan Royals,G Gambhir,SK Trivedi,S Dhawan,1,0,1,0,0,0,0,0,0,"","",""
335984,2008,2008-04-19,Feroz Shah Kotla,Delhi,2,15,3,Delhi Capitals,Rajasthan Royals,S Dhawan,SK Trivedi,G Gambhir,4,0,4,0,0,0,0,0,0,"","",""
335984,2008,2008-04-19,Feroz Shah Kotla,Delhi,2,15,4,Delhi Capitals,Rajasthan Royals,S Dhawan,SK Trivedi,G Gambhir,2,0,2,0,0,0,0,0,0,"","",""
335984,2008,2008-04-19,Feroz Shah Kotla,Delhi,2,15,5,Delhi Capitals,Rajasthan Royals,S Dhawan,SK Trivedi,G Gambhir,4,0,4,0,0,0,0,0,0,"","",""
335984,2008,2008-04-19,Feroz Shah Kotla,Delhi,2,15,6,Delhi Capitals,Rajasthan Royals,S Dhawan,SK Trivedi,G Gambhir,1,0,1,0,0,0,0,0,0,"","",""
335984,2008,2008-04-19,Feroz Shah Kotla,Delhi,2,15,7,Delhi Capitals,Rajasthan Royals,G Gambhir,SK Trivedi,S Dhawan,0,0,0,0,0,0,0,0,0,"","",""
335984,2008,2008-04-19,Feroz Shah Kotla,Delhi,2,16,1,Delhi Capitals,Rajasthan Royals,S Dhawan,YK Pathan,G Gambhir,4,0,4,0,0,0,0,0,0,"","",""
335985,2008,2008-04-20,Wankhede Stadium,Mumbai,1,1,1,Mumbai Indians,Royal Challengers Bengaluru,L Ronchi,P Kumar,ST Jayasuriya,0,0,0,0,0,0,0,0,0,"","",""
335985,2008,2008-04-20,Wankhede Stadium,Mumbai,1,1,2,Mumbai Indians,Royal Challengers Bengaluru,L Ronchi,P Kumar,ST Jayasuriya,4,0,4,0,0,0,0,0,0,"","",""
335985,2008,2008-04-20,Wankhede Stadium,Mumbai,1,1,3,Mumbai Indians,Royal Challengers Bengaluru,L Ronchi,P Kumar,ST Jayasuriya,0,0,0,0,0,0,0,0,0,"","",""
335985,2008,2008-04-20,Wankhede Stadium,Mumbai,1,1,4,Mumbai Indians,Royal Challengers Bengaluru,L Ronchi,P Kumar,ST Jayasuriya,0,0,0,0,0,0,0,0,0,"","",""
335985,2008,2008-04-20,Wankhede Stadium,Mumbai,1,1,5,Mumbai Indians,Royal Challengers Bengaluru,L Ronchi,P Kumar,ST Jayasuriya,4,0,4,0,0,0,0,0,0,"","",""
335985,2008,2008-04-20,Wankhede Stadium,Mumbai,1,1,6,Mumbai Indians,Royal Challengers Bengaluru,L Ronchi,P Kumar,ST Jayasuriya,0,0,0,0,0,0,0,0,0,"","",""
335985,2008,2008-04-20,Wankhede Stadium,Mumbai,1,2,1,Mumbai Indians,Royal Challengers Bengaluru,ST Jayasuriya,Z Khan,L Ronchi,1,0,1,0,0,0,0,0,0,"","",""
335985,2008,2008-04-20,Wankhede Stadium,Mumbai,1,2,2,Mumbai Indians,Royal Challengers Bengaluru,L Ronchi,Z Khan,ST Jayasuriya,0,0,0,0,0,0,0,0,0,"","",""
335985,2008,2008-04-20,Wankhede Stadium,Mumbai,1,2,3,Mumbai Indians,Royal Challengers Bengaluru,L Ronchi,Z Khan,ST Jayasuriya,0,0,0,0,0,0,0,0,0,"","",""
335985,2008,2008-04-20,Wankhede Stadium,Mumbai,1,2,4,Mumbai Indians,Royal Challengers Bengaluru,L Ronchi,Z Khan,ST Jayasuriya,0,0,0,0,0,0,0,0,0,"","",""
335985,2008,2008-04-20,Wankhede Stadium,Mumbai,1,2,5,Mumbai Indians,Royal Challengers Bengaluru,L Ronchi,Z Khan,ST Jayasuriya,0,0,0,0,0,0,0,0,1,L Ronchi,caught,V Kohli
335985,2008,2008-04-20,Wankhede Stadium,Mumbai,1,2,6,Mumbai Indians,Royal Challengers Bengaluru,DJ Thornely,Z Khan,ST Jayasuriya,0,4,4,0,0,0,4,0,0,"","",""
335985,2008,2008-04-20,Wankhede Stadium,Mumbai,1,3,1,Mumbai Indians,Royal Challengers Bengaluru,ST Jayasuriya,P Kumar,DJ Thornely,0,0,0,0,0,0,0,0,0,"","",""
335985,2008,2008-04-20,Wankhede Stadium,Mumbai,1,3,2,Mumbai Indians,Royal Challengers Bengaluru,ST Jayasuriya,P Kumar,DJ Thornely,4,0,4,0,0,0,0,0,0,"","",""
335985,2008,2008-04-20,Wankhede Stadium,Mumbai,1,3,3,Mumbai Indians,Royal Challengers Bengaluru,ST Jayasuriya,P Kumar,DJ Thornely,0,0,0,0,0,0,0,0,0,"","",""
335985,2008,2008-04-20,Wankhede Stadium,Mumbai,1,3,4,Mumbai Indians,Royal Challengers Bengaluru,ST Jayasuriya,P Kumar,DJ Thornely,1,0,1,0,0,0,0,0,0,"","",""
335985,2008,2008-04-20,Wankhede Stadium,Mumbai,1,3,5,Mumbai Indians,Royal Challengers Bengaluru,DJ Thornely,P Kumar,ST Jayasuriya,0,0,0,0,0,0,0,0,0,"","",""
335985,2008,2008-04-20,Wankhede Stadium,Mumbai,1,3,6,Mumbai Indians,Royal Challengers Bengaluru,DJ Thornely,P Kumar,ST Jayasuriya,0,1,1,1,0,0,0,0,0,"","",""
335985,2008,2008-04-20,Wankhede Stadium,Mumbai,1,3,7,Mumbai Indians,Royal Challengers Bengaluru,DJ Thornely,P Kumar,ST Jayasuriya,0,0,0,0,0,0,0,0,0,"","",""
335985,2008,2008-04-20,Wankhede Stadium,Mumbai,1,4,1,Mumbai Indians,Royal Challengers Bengaluru,ST Jayasuriya,Z Khan,DJ Thornely,0,0,0,0,0,0,0,0,0,"","",""
335985,2008,2008-04-20,Wankhede Stadium,Mumbai,1,4,2,Mumbai Indians,Royal Challengers Bengaluru,ST Jayasuriya,Z Khan,DJ Thornely,1,0,1,0,0,0,0,0,0,"","",""
335985,2008,2008-04-20,Wankhede Stadium,Mumbai,1,4,3,Mumbai Indians,Royal Challengers Bengaluru,DJ Thornely,Z Khan,ST Jayasuriya,0,0,0,0,0,0,0,0,0,"","",""
335985,2008,2008-04-20,Wankhede Stadium,Mumbai,1,4,4,Mumbai Indians,Royal Challengers Bengaluru,DJ Thornely,Z Khan,ST Jayasuriya,0,0,0,0,0,0,0,0,0,DJ Thornely,retired hurt,""
335985,2008,2008-04-20,Wankhede Stadium,Mumbai,1,4,5,Mumbai Indians,Royal Challengers Bengaluru,RV Uthappa,Z Khan,ST Jayasuriya,2,0,2,0,0,0,0,0,0,"","",""
335985,2008,2008-04-20,Wankhede Stadium,Mumbai,1,4,6,Mumbai Indians,Royal Challengers Bengaluru,RV Uthappa,Z Khan,ST Jayasuriya,0,0,0,0,0,0,0,0,0,"","",""
335985,2008,2008-04-20,Wankhede Stadium,Mumbai,1,5,1,Mumbai Indians,Royal Challengers Bengaluru,ST Jayasuriya,JH Kallis,RV Uthappa,0,1,1,1,0,0,0,0,0,"","",""
335985,2008,2008-04-20,Wankhede Stadium,Mumbai,1,5,2,Mumbai Indians,Royal Challengers Bengaluru,ST Jayasuriya,JH Kallis,RV Uthappa,4,0,4,0,0,0,0,0,0,"","",""
335985,2008,2008-04-20,Wankhede Stadium,Mumbai,1,5,3,Mumbai Indians,Royal Challengers Bengaluru,ST Jayasuriya,JH Kallis,RV Uthappa,4,0,4,0,0,0,0,0,0,"","",""
335985,2008,2008-04-20,Wankhede Stadium,Mumbai,1,5,4,Mumbai Indians,Royal Challengers Bengaluru,ST Jayasuriya,JH Kallis,RV Uthappa,0,0,0,0,0,0,0,0,0,"","",""
335985,2008,2008-04-20,Wankhede Stadium,Mumbai,1,5,5,Mumbai Indians,Royal Challengers Bengaluru,ST Jayasuriya,JH Kallis,RV Uthappa,4,0,4,0,0,0,0,0,0,"","",""
335985,2008,2008-04-20,Wankhede Stadium,Mumbai,1,5,6,Mumbai Indians,Royal Challengers Bengaluru,ST Jayasuriya,JH Kallis,RV Uthappa,0,0,0,0,0,0,0,0,0,"","",""
335985,2008,2008-04-20,Wankhede Stadium,Mumbai,1,5,7,Mumbai Indians,Royal Challengers Bengaluru,ST Jayasuriya,JH Kallis,RV Uthappa,6,0,6,0,0,0,0,0,0,"","",""
335985,2008,2008-04-20,Wankhede Stadium,Mumbai,1,6,1,Mumbai Indians,Royal Challengers Bengaluru,RV Uthappa,Z Khan,ST Jayasuriya,1,0,1,0,0,0,0,0,0,"","",""
335985,2008,2008-04-20,Wankhede Stadium,Mumbai,1,6,2,Mumbai Indians,Royal Challengers Bengaluru,ST Jayasuriya,Z Khan,RV Uthappa,4,0,4,0,0,0,0,0,0,"","",""
335985,2008,2008-04-20,Wankhede Stadium,Mumbai,1,6,3,Mumbai Indians,Royal Challengers Bengaluru,ST Jayasuriya,Z Khan,RV Uthappa,0,0,0,0,0,0,0,0,0,"","",""
335985,2008,2008-04-20,Wankhede Stadium,Mumbai,1,6,4,Mumbai Indians,Royal Challengers Bengaluru,ST Jayasuriya,Z Khan,RV Uthappa,0,0,0,0,0,0,0,0,1,ST Jayasuriya,run out,Z Khan
335985,2008,2008-04-20,Wankhede Stadium,Mumbai,1,6,5,Mumbai Indians,Royal Challengers Bengaluru,RV Uthappa,Z Khan,PR Shah,1,0,1,0,0,0,0,0,0,"","",""
335985,2008,2008-04-20,Wankhede Stadium,Mumbai,1,6,6,Mumbai Indians,Royal Challengers Bengaluru,PR Shah,Z Khan,RV Uthappa,0,0,0,0,0,0,0,0,0,"","",""
335985,2008,2008-04-20,Wankhede Stadium,Mumbai,1,7,1,Mumbai Indians,Royal Challengers Bengaluru,RV Uthappa,R Vinay Kumar,PR Shah,1,0,1,0,0,0,0,0,0,"","",""
335985,2008,2008-04-20,Wankhede Stadium,Mumbai,1,7,2,Mumbai Indians,Royal Challengers Bengaluru,PR Shah,R Vinay Kumar,RV Uthappa,0,0,0,0,0,0,0,0,0,"","",""
335985,2008,2008-04-20,Wankhede Stadium,Mumbai,1,7,3,Mumbai Indians,Royal Challengers Bengaluru,PR Shah,R Vinay Kumar,RV Uthappa,1,0,1,0,0,0,0,0,0,"","",""
335985,2008,2008-04-20,Wankhede Stadium,Mumbai,1,7,4,Mumbai Indians,Royal Challengers Bengaluru,RV Uthappa,R Vinay Kumar,PR Shah,4,0,4,0,0,0,0,0,0,"","",""
335985,2008,2008-04-20,Wankhede Stadium,Mumbai,1,7,5,Mumbai Indians,Royal Challengers Bengaluru,RV Uthappa,R Vinay Kumar,PR Shah,1,0,1,0,0,0,0,0,0,"","",""
335985,2008,2008-04-20,Wankhede Stadium,Mumbai,1,7,6,Mumbai Indians,Royal Challengers Bengaluru,PR Shah,R Vinay Kumar,RV Uthappa,0,0,0,0,0,0,0,0,0,"","",""
335985,2008,2008-04-20,Wankhede Stadium,Mumbai,1,8,1,Mumbai Indians,Royal Challengers Bengaluru,RV Uthappa,B Akhil,PR Shah,0,0,0,0,0,0,0,0,0,"","",""
335985,2008,2008-04-20,Wankhede Stadium,Mumbai,1,8,2,Mumbai Indians,Royal Challengers Bengaluru,RV Uthappa,B Akhil,PR Shah,1,0,1,0,0,0,0,0,0,"","",""
335985,2008,2008-04-20,Wankhede Stadium,Mumbai,1,8,3,Mumbai Indians,Royal Challengers Bengaluru,PR Shah,B Akhil,RV Uthappa,1,0,1,0,0,0,0,0,0,"","",""
335985,2008,2008-04-20,Wankhede Stadium,Mumbai,1,8,4,Mumbai Indians,Royal Challengers Bengaluru,RV Uthappa,B Akhil,PR Shah,1,0,1,0,0,0,0,0,0,"","",""
335985,2008,2008-04-20,Wankhede Stadium,Mumbai,1,8,5,Mumbai Indians,Royal Challengers Bengaluru,PR Shah,B Akhil,RV Uthappa,1,0,1,0,0,0,0,0,0,"","",""
335985,2008,2008-04-20,Wankhede Stadium,Mumbai,1,8,6,Mumbai Indians,Royal Challengers Bengaluru,RV Uthappa,B Akhil,PR Shah,2,0,2,0,0,0,0,0,0,"","",""
335985,2008,2008-04-20,Wankhede Stadium,Mumbai,1,9,1,Mumbai Indians,Royal Challengers Bengaluru,PR Shah,JH Kallis,RV Uthappa,0,1,1,0,0,0,1,0,0,"","",""
335985,2008,2008-04-20,Wankhede Stadium,Mumbai,1,9,2,Mumbai Indians,Royal Challengers Bengaluru,RV Uthappa,JH Kallis,PR Shah,1,0,1,0,0,0,0,0,0,"","",""
335985,2008,2008-04-20,Wankhede Stadium,Mumbai,1,9,3,Mumbai Indians,Royal Challengers Bengaluru,PR Shah,JH Kallis,RV Uthappa,1,0,1,0,0,0,0,0,0,"","",""
335985,2008,2008-04-20,Wankhede Stadium,Mumbai,1,9,4,Mumbai Indians,Royal Challengers Bengaluru,RV Uthappa,JH Kallis,PR Shah,4,0,4,0,0,0,0,0,0,"","",""
335985,2008,2008-04-20,Wankhede Stadium,Mumbai,1,9,5,Mumbai Indians,Royal Challengers Bengaluru,RV Uthappa,JH Kallis,PR Shah,1,0,1,0,0,0,0,0,0,"","",""
335985,2008,2008-04-20,Wankhede Stadium,Mumbai,1,9,6,Mumbai Indians,Royal Challengers Bengaluru,PR Shah,JH Kallis,RV Uthappa,4,0,4,0,0,0,0,0,0,"","",""
335985,2008,2008-04-20,Wankhede Stadium,Mumbai,1,10,1,Mumbai Indians,Royal Challengers Bengaluru,RV Uthappa,R Vinay Kumar,PR Shah,0,0,0,0,0,0,0,0,0,"","",""
335985,2008,2008-04-20,Wankhede Stadium,Mumbai,1,10,2,Mumbai Indians,Royal Challengers Bengaluru,RV Uthappa,R Vinay Kumar,PR Shah,1,0,1,0,0,0,0,0,0,"","",""
335985,2008,2008-04-20,Wankhede Stadium,Mumbai,1,10,3,Mumbai Indians,Royal Challengers Bengaluru,PR Shah,R Vinay Kumar,RV Uthappa,0,0,0,0,0,0,0,0,0,"","",""
335985,2008,2008-04-20,Wankhede Stadium,Mumbai,1,10,4,Mumbai Indians,Royal Challengers Bengaluru,PR Shah,R Vinay Kumar,RV Uthappa,0,1,1,0,0,0,1,0,0,"","",""
335985,2008,2008-04-20,Wankhede Stadium,Mumbai,1,10,5,Mumbai Indians,Royal Challengers Bengaluru,RV Uthappa,R Vinay Kumar,PR Shah,0,0,0,0,0,0,0,0,0,"","",""
335985,2008,2008-04-20,Wankhede Stadium,Mumbai,1,10,6,Mumbai Indians,Royal Challengers Bengaluru,RV Uthappa,R Vinay Kumar,PR Shah,0,0,0,0,0,0,0,0,0,"","",""
335985,2008,2008-04-20,Wankhede Stadium,Mumbai,1,11,1,Mumbai Indians,Royal Challengers Bengaluru,PR Shah,SB Joshi,RV Uthappa,1,0,1,0,0,0,0,0,0,"","",""
335985,2008,2008-04-20,Wankhede Stadium,Mumbai,1,11,2,Mumbai Indians,Royal Challengers Bengaluru,RV Uthappa,SB Joshi,PR Shah,1,0,1,0,0,0,0,0,0,"","",""
335985,2008,2008-04-20,Wankhede Stadium,Mumbai,1,11,3,Mumbai Indians,Royal Challengers Bengaluru,PR Shah,SB Joshi,RV Uthappa,4,0,4,0,0,0,0,0,0,"","",""
335985,2008,2008-04-20,Wankhede Stadium,Mumbai,1,11,4,Mumbai Indians,Royal Challengers Bengaluru,PR Shah,SB Joshi,RV Uthappa,1,0,1,0,0,0,0,0,0,"","",""
335985,2008,2008-04-20,Wankhede Stadium,Mumbai,1,11,5,Mumbai Indians,Royal Challengers Bengaluru,RV Uthappa,SB Joshi,PR Shah,0,0,0,0,0,0,0,0,0,"","",""
335985,2008,2008-04-20,Wankhede Stadium,Mumbai,1,11,6,Mumbai Indians,Royal Challengers Bengaluru,RV Uthappa,SB Joshi,PR Shah,0,0,0,0,0,0,0,0,0,"","",""
335985,2008,2008-04-20,Wankhede Stadium,Mumbai,1,12,1,Mumbai Indians,Royal Challengers Bengaluru,PR Shah,R Vinay Kumar,RV Uthappa,0,0,0,0,0,0,0,0,0,"","",""
335985,2008,2008-04-20,Wankhede Stadium,Mumbai,1,12,2,Mumbai Indians,Royal Challengers Bengaluru,PR Shah,R Vinay Kumar,RV Uthappa,2,0,2,0,0,0,0,0,0,"","",""
335985,2008,2008-04-20,Wankhede Stadium,Mumbai,1,12,3,Mumbai Indians,Royal Challengers Bengaluru,PR Shah,R Vinay Kumar,RV Uthappa,1,0,1,0,0,0,0,0,0,"","",""
335985,2008,2008-04-20,Wankhede Stadium,Mumbai,1,12,4,Mumbai Indians,Royal Challengers Bengaluru,RV Uthappa,R Vinay Kumar,PR Shah,0,0,0,0,0,0,0,0,0,"","",""
335985,2008,2008-04-20,Wankhede Stadium,Mumbai,1,12,5,Mumbai Indians,Royal Challengers Bengaluru,RV Uthappa,R Vinay Kumar,PR Shah,4,0,4,0,0,0,0,0,0,"","",""
335985,2008,2008-04-20,Wankhede Stadium,Mumbai,1,12,6,Mumbai Indians,Royal Challengers Bengaluru,RV Uthappa,R Vinay Kumar,PR Shah,6,0,6,0,0,0,0,0,0,"","",""
335985,2008,2008-04-20,Wankhede Stadium,Mumbai,1,13,1,Mumbai Indians,Royal Challengers Bengaluru,PR Shah,SB Joshi,RV Uthappa,0,0,0,0,0,0,0,0,0,"","",""
335985,2008,2008-04-20,Wankhede Stadium,Mumbai,1,13,2,Mumbai Indians,Royal Challengers Bengaluru,PR Shah,SB Joshi,RV Uthappa,1,0,1,0,0,0,0,0,0,"","",""
335985,2008,2008-04-20,Wankhede Stadium,Mumbai,1,13,3,Mumbai Indians,Royal Challengers Bengaluru,RV Uthappa,SB Joshi,PR Shah,0,0,0,0,0,0,0,0,0,"","",""
335985,2008,2008-04-20,Wankhede Stadium,Mumbai,1,13,4,Mumbai Indians,Royal Challengers Bengaluru,RV Uthappa,SB Joshi,PR Shah,0,0,0,0,0,0,0,0,0,"","",""
335985,2008,2008-04-20,Wankhede Stadium,Mumbai,1,13,5,Mumbai Indians,Royal Challengers Bengaluru,RV Uthappa,SB Joshi,PR Shah,1,0,1,0,0,0,0,0,0,"","",""
335985,2008,2008-04-20,Wankhede Stadium,Mumbai,1,13,6,Mumbai Indians,Royal Challengers Bengaluru,PR Shah,SB Joshi,RV Uthappa,1,0,1,0,0,0,0,0,0,"","",""
335985,2008,2008-04-20,Wankhede Stadium,Mumbai,1,14,1,Mumbai Indians,Royal Challengers Bengaluru,PR Shah,B Akhil,RV Uthappa,0,0,0,0,0,0,0,0,0,"","",""
335985,2008,2008-04-20,Wankhede Stadium,Mumbai,1,14,2,Mumbai Indians,Royal Challengers Bengaluru,PR Shah,B Akhil,RV Uthappa,0,0,0,0,0,0,0,0,0,"","",""
335985,2008,2008-04-20,Wankhede Stadium,Mumbai,1,14,3,Mumbai Indians,Royal Challengers Bengaluru,PR Shah,B Akhil,RV Uthappa,0,0,0,0,0,0,0,0,1,PR Shah,caught,V Kohli
335985,2008,2008-04-20,Wankhede Stadium,Mumbai,1,14,4,Mumbai Indians,Royal Challengers Bengaluru,RV Uthappa,B Akhil,AM Nayar,1,0,1,0,0,0,0,0,0,"","",""
335985,2008,2008-04-20,Wankhede Stadium,Mumbai,1,14,5,Mumbai Indians,Royal Challengers Bengaluru,AM Nayar,B Akhil,RV Uthappa,0,0,0,0,0,0,0,0,0,"","",""
335985,2008,2008-04-20,Wankhede Stadium,Mumbai,1,14,6,Mumbai Indians,Royal Challengers Bengaluru,AM Nayar,B Akhil,RV Uthappa,0,1,1,0,0,1,0,0,0,"","",""
335985,2008,2008-04-20,Wankhede Stadium,Mumbai,1,15,1,Mumbai Indians,Royal Challengers Bengaluru,AM Nayar,P Kumar,RV Uthappa,1,0,1,0,0,0,0,0,0,"","",""
335985,2008,2008-04-20,Wankhede Stadium,Mumbai,1,15,2,Mumbai Indians,Royal Challengers Bengaluru,RV Uthappa,P Kumar,AM Nayar,1,0,1,0,0,0,0,0,0,"","",""
335985,2008,2008-04-20,Wankhede Stadium,Mumbai,1,15,3,Mumbai Indians,Royal Challengers Bengaluru,AM Nayar,P Kumar,RV Uthappa,1,0,1,0,0,0,0,0,0,"","",""
335985,2008,2008-04-20,Wankhede Stadium,Mumbai,1,15,4,Mumbai Indians,Royal Challengers Bengaluru,RV Uthappa,P Kumar,AM Nayar,0,0,0,0,0,0,0,0,0,"","",""
335985,2008,2008-04-20,Wankhede Stadium,Mumbai,1,15,5,Mumbai Indians,Royal Challengers Bengaluru,RV Uthappa,P Kumar,AM Nayar,2,0,2,0,0,0,0,0,0,"","",""
335985,2008,2008-04-20,Wankhede Stadium,Mumbai,1,15,6,Mumbai Indians,Royal Challengers Bengaluru,RV Uthappa,P Kumar,AM Nayar,1,0,1,0,0,0,0,0,0,"","",""
335985,2008,2008-04-20,Wankhede Stadium,Mumbai,1,16,1,Mumbai Indians,Royal Challengers Bengaluru,RV Uthappa,JH Kallis,AM Nayar,1,0,1,0,0,0,0,0,0,"","",""
335985,2008,2008-04-20,Wankhede Stadium,Mumbai,1,16,2,Mumbai Indians,Royal Challengers Bengaluru,AM Nayar,JH Kallis,RV Uthappa,1,0,1,0,0,0,0,0,0,"","",""
335985,2008,2008-04-20,Wankhede Stadium,Mumbai,1,16,3,Mumbai Indians,Royal Challengers Bengaluru,RV Uthappa,JH Kallis,AM Nayar,1,0,1,0,0,0,0,0,0,"","",""
335985,2008,2008-04-20,Wankhede Stadium,Mumbai,1,16,4,Mumbai Indians,Royal Challengers Bengaluru,AM Nayar,JH Kallis,RV Uthappa,0,1,1,1,0,0,0,0,0,"","",""
335985,2008,2008-04-20,Wankhede Stadium,Mumbai,1,16,5,Mumbai Indians,Royal Challengers Bengaluru,AM Nayar,JH Kallis,RV Uthappa,1,0,1,0,0,0,0,0,0,"","",""
335985,2008,2008-04-20,Wankhede Stadium,Mumbai,1,16,6,Mumbai Indians,Royal Challengers Bengaluru,RV Uthappa,JH Kallis,AM Nayar,4,0,4,0,0,0,0,0,0,"","",""
335985,2008,2008-04-20,Wankhede Stadium,Mumbai,1,16,7,Mumbai Indians,Royal Challengers Bengaluru,RV Uthappa,JH Kallis,AM Nayar,4,0,4,0,0,0,0,0,0,"","",""
335985,2008,2008-04-20,Wankhede Stadium,Mumbai,1,17,1,Mumbai Indians,Royal Challengers Bengaluru,AM Nayar,B Akhil,RV Uthappa,1,0,1,0,0,0,0,0,0,"","",""
335985,2008,2008-04-20,Wankhede Stadium,Mumbai,1,17,2,Mumbai Indians,Royal Challengers Bengaluru,RV Uthappa,B Akhil,AM Nayar,0,1,1,0,0,1,0,0,0,"","",""
335985,2008,2008-04-20,Wankhede Stadium,Mumbai,1,17,3,Mumbai Indians,Royal Challengers Bengaluru,AM Nayar,B Akhil,RV Uthappa,4,0,4,0,0,0,0,0,0,"","",""
335985,2008,2008-04-20,Wankhede Stadium,Mumbai,1,17,4,Mumbai Indians,Royal Challengers Bengaluru,AM Nayar,B Akhil,RV Uthappa,1,0,1,0,0,0,0,0,0,"","",""
335985,2008,2008-04-20,Wankhede Stadium,Mumbai,1,17,5,Mumbai Indians,Royal Challengers Bengaluru,RV Uthappa,B Akhil,AM Nayar,0,0,0,0,0,0,0,0,1,RV Uthappa,stumped,MV Boucher
335985,2008,2008-04-20,Wankhede Stadium,Mumbai,1,17,6,Mumbai Indians,Royal Challengers Bengaluru,SM Pollock,B Akhil,AM Nayar,4,0,4,0,0,0,0,0,0,"","",""
335985,2008,2008-04-20,Wankhede Stadium,Mumbai,1,18,1,Mumbai Indians,Royal Challengers Bengaluru,AM Nayar,R Vinay Kumar,SM Pollock,2,0,2,0,0,0,0,0,0,"","",""
335985,2008,2008-04-20,Wankhede Stadium,Mumbai,1,18,2,Mumbai Indians,Royal Challengers Bengaluru,AM Nayar,R Vinay Kumar,SM Pollock,6,0,6,0,0,0,0,0,0,"","",""
335985,2008,2008-04-20,Wankhede Stadium,Mumbai,1,18,3,Mumbai Indians,Royal Challengers Bengaluru,AM Nayar,R Vinay Kumar,SM Pollock,1,0,1,0,0,0,0,0,0,"","",""
335985,2008,2008-04-20,Wankhede Stadium,Mumbai,1,18,4,Mumbai Indians,Royal Challengers Bengaluru,SM Pollock,R Vinay Kumar,AM Nayar,4,0,4,0,0,0,0,0,0,"","",""
335985,2008,2008-04-20,Wankhede Stadium,Mumbai,1,18,5,Mumbai Indians,Royal Challengers Bengaluru,SM Pollock,R Vinay Kumar,AM Nayar,6,0,6,0,0,0,0,0,0,"","",""
335985,2008,2008-04-20,Wankhede Stadium,Mumbai,1,18,6,Mumbai Indians,Royal Challengers Bengaluru,SM Pollock,R Vinay Kumar,AM Nayar,1,0,1,0,0,0,0,0,0,"","",""
335985,2008,2008-04-20,Wankhede Stadium,Mumbai,1,19,1,Mumbai Indians,Royal Challengers Bengaluru,SM Pollock,P Kumar,AM Nayar,1,0,1,0,0,0,0,0,0,"","",""
335985,2008,2008-04-20,Wankhede Stadium,Mumbai,1,19,2,Mumbai Indians,Royal Challengers Bengaluru,AM Nayar,P Kumar,SM Pollock,1,0,1,0,0,0,0,0,0,"","",""
335985,2008,2008-04-20,Wankhede Stadium,Mumbai,1,19,3,Mumbai Indians,Royal Challengers Bengaluru,SM Pollock,P Kumar,AM Nayar,0,0,0,0,0,0,0,0,0,"","",""
335985,2008,2008-04-20,Wankhede Stadium,Mumbai,1,19,4,Mumbai Indians,Royal Challengers Bengaluru,SM Pollock,P Kumar,AM Nayar,1,0,1,0,0,0,0,0,0,"","",""
335985,2008,2008-04-20,Wankhede Stadium,Mumbai,1,19,5,Mumbai Indians,Royal Challengers Bengaluru,AM Nayar,P Kumar,SM Pollock,0,0,0,0,0,0,0,0,1,AM Nayar,caught,Z Khan
335985,2008,2008-04-20,Wankhede Stadium,Mumbai,1,19,6,Mumbai Indians,Royal Challengers Bengaluru,SM Pollock,P Kumar,Harbhajan Singh,6,0,6,0,0,0,0,0,0,"","",""
335985,2008,2008-04-20,Wankhede Stadium,Mumbai,1,20,1,Mumbai Indians,Royal Challengers Bengaluru,Harbhajan Singh,Z Khan,SM Pollock,1,0,1,0,0,0,0,0,0,"","",""
335985,2008,2008-04-20,Wankhede Stadium,Mumbai,1,20,2,Mumbai Indians,Royal Challengers Bengaluru,SM Pollock,Z Khan,Harbhajan Singh,0,0,0,0,0,0,0,0,0,"","",""
335985,2008,2008-04-20,Wankhede Stadium,Mumbai,1,20,3,Mumbai Indians,Royal Challengers Bengaluru,SM Pollock,Z Khan,Harbhajan Singh,4,0,4,0,0,0,0,0,0,"","",""
335985,2008,2008-04-20,Wankhede Stadium,Mumbai,1,20,4,Mumbai Indians,Royal Challengers Bengaluru,SM Pollock,Z Khan,Harbhajan Singh,1,0,1,0,0,0,0,0,0,"","",""
335985,2008,2008-04-20,Wankhede Stadium,Mumbai,1,20,5,Mumbai Indians,Royal Challengers Bengaluru,Harbhajan Singh,Z Khan,SM Pollock,1,0,1,0,0,0,0,0,0,"","",""
335985,2008,2008-04-20,Wankhede Stadium,Mumbai,1,20,6,Mumbai Indians,Royal Challengers Bengaluru,SM Pollock,Z Khan,Harbhajan Singh,0,0,0,0,0,0,0,0,1,SM Pollock,bowled,""
335985,2008,2008-04-20,Wankhede Stadium,Mumbai,2,1,1,Royal Challengers Bengaluru,Mumbai Indians,S Chanderpaul,A Nehra,R Dravid,0,0,0,0,0,0,0,0,0,"","",""
335985,2008,2008-04-20,Wankhede Stadium,Mumbai,2,1,2,Royal Challengers Bengaluru,Mumbai Indians,S Chanderpaul,A Nehra,R Dravid,1,0,1,0,0,0,0,0,0,"","",""
335985,2008,2008-04-20,Wankhede Stadium,Mumbai,2,1,3,Royal Challengers Bengaluru,Mumbai Indians,R Dravid,A Nehra,S Chanderpaul,0,0,0,0,0,0,0,0,0,"","",""
335985,2008,2008-04-20,Wankhede Stadium,Mumbai,2,1,4,Royal Challengers Bengaluru,Mumbai Indians,R Dravid,A Nehra,S Chanderpaul,1,0,1,0,0,0,0,0,0,"","",""
335985,2008,2008-04-20,Wankhede Stadium,Mumbai,2,1,5,Royal Challengers Bengaluru,Mumbai Indians,S Chanderpaul,A Nehra,R Dravid,4,0,4,0,0,0,0,0,0,"","",""
335985,2008,2008-04-20,Wankhede Stadium,Mumbai,2,1,6,Royal Challengers Bengaluru,Mumbai Indians,S Chanderpaul,A Nehra,R Dravid,4,0,4,0,0,0,0,0,0,"","",""
335985,2008,2008-04-20,Wankhede Stadium,Mumbai,2,2,1,Royal Challengers Bengaluru,Mumbai Indians,R Dravid,SM Pollock,S Chanderpaul,0,0,0,0,0,0,0,0,0,"","",""
335985,2008,2008-04-20,Wankhede Stadium,Mumbai,2,2,2,Royal Challengers Bengaluru,Mumbai Indians,R Dravid,SM Pollock,S Chanderpaul,0,0,0,0,0,0,0,0,0,"","",""
335985,2008,2008-04-20,Wankhede Stadium,Mumbai,2,2,3,Royal Challengers Bengaluru,Mumbai Indians,R Dravid,SM Pollock,S Chanderpaul,0,0,0,0,0,0,0,0,0,"","",""
335985,2008,2008-04-20,Wankhede Stadium,Mumbai,2,2,4,Royal Challengers Bengaluru,Mumbai Indians,R Dravid,SM Pollock,S Chanderpaul,0,0,0,0,0,0,0,0,0,"","",""
335985,2008,2008-04-20,Wankhede Stadium,Mumbai,2,2,5,Royal Challengers Bengaluru,Mumbai Indians,R Dravid,SM Pollock,S Chanderpaul,0,0,0,0,0,0,0,0,0,"","",""
335985,2008,2008-04-20,Wankhede Stadium,Mumbai,2,2,6,Royal Challengers Bengaluru,Mumbai Indians,R Dravid,SM Pollock,S Chanderpaul,1,0,1,0,0,0,0,0,0,"","",""
335985,2008,2008-04-20,Wankhede Stadium,Mumbai,2,3,1,Royal Challengers Bengaluru,Mumbai Indians,R Dravid,A Nehra,S Chanderpaul,0,0,0,0,0,0,0,0,0,"","",""
335985,2008,2008-04-20,Wankhede Stadium,Mumbai,2,3,2,Royal Challengers Bengaluru,Mumbai Indians,R Dravid,A Nehra,S Chanderpaul,4,0,4,0,0,0,0,0,0,"","",""
335985,2008,2008-04-20,Wankhede Stadium,Mumbai,2,3,3,Royal Challengers Bengaluru,Mumbai Indians,R Dravid,A Nehra,S Chanderpaul,1,0,1,0,0,0,0,0,0,"","",""
335985,2008,2008-04-20,Wankhede Stadium,Mumbai,2,3,4,Royal Challengers Bengaluru,Mumbai Indians,S Chanderpaul,A Nehra,R Dravid,1,0,1,0,0,0,0,0,0,"","",""
335985,2008,2008-04-20,Wankhede Stadium,Mumbai,2,3,5,Royal Challengers Bengaluru,Mumbai Indians,R Dravid,A Nehra,S Chanderpaul,4,0,4,0,0,0,0,0,0,"","",""
335985,2008,2008-04-20,Wankhede Stadium,Mumbai,2,3,6,Royal Challengers Bengaluru,Mumbai Indians,R Dravid,A Nehra,S Chanderpaul,1,0,1,0,0,0,0,0,0,"","",""
335985,2008,2008-04-20,Wankhede Stadium,Mumbai,2,4,1,Royal Challengers Bengaluru,Mumbai Indians,R Dravid,SM Pollock,S Chanderpaul,0,0,0,0,0,0,0,0,0,"","",""
335985,2008,2008-04-20,Wankhede Stadium,Mumbai,2,4,2,Royal Challengers Bengaluru,Mumbai Indians,R Dravid,SM Pollock,S Chanderpaul,1,0,1,0,0,0,0,0,0,"","",""
335985,2008,2008-04-20,Wankhede Stadium,Mumbai,2,4,3,Royal Challengers Bengaluru,Mumbai Indians,S Chanderpaul,SM Pollock,R Dravid,1,0,1,0,0,0,0,0,0,"","",""
335985,2008,2008-04-20,Wankhede Stadium,Mumbai,2,4,4,Royal Challengers Bengaluru,Mumbai Indians,R Dravid,SM Pollock,S Chanderpaul,1,0,1,0,0,0,0,0,0,"","",""
335985,2008,2008-04-20,Wankhede Stadium,Mumbai,2,4,5,Royal Challengers Bengaluru,Mumbai Indians,S Chanderpaul,SM Pollock,R Dravid,1,0,1,0,0,0,0,0,0,"","",""
335985,2008,2008-04-20,Wankhede Stadium,Mumbai,2,4,6,Royal Challengers Bengaluru,Mumbai Indians,R Dravid,SM Pollock,S Chanderpaul,1,0,1,0,0,0,0,0,0,"","",""
335985,2008,2008-04-20,Wankhede Stadium,Mumbai,2,5,1,Royal Challengers Bengaluru,Mumbai Indians,R Dravid,DS Kulkarni,S Chanderpaul,4,0,4,0,0,0,0,0,0,"","",""
335985,2008,2008-04-20,Wankhede Stadium,Mumbai,2,5,2,Royal Challengers Bengaluru,Mumbai Indians,R Dravid,DS Kulkarni,S Chanderpaul,1,0,1,0,0,0,0,0,0,"","",""
335985,2008,2008-04-20,Wankhede Stadium,Mumbai,2,5,3,Royal Challengers Bengaluru,Mumbai Indians,S Chanderpaul,DS Kulkarni,R Dravid,4,0,4,0,0,0,0,0,0,"","",""
335985,2008,2008-04-20,Wankhede Stadium,Mumbai,2,5,4,Royal Challengers Bengaluru,Mumbai Indians,S Chanderpaul,DS Kulkarni,R Dravid,0,0,0,0,0,0,0,0,0,"","",""
335985,2008,2008-04-20,Wankhede Stadium,Mumbai,2,5,5,Royal Challengers Bengaluru,Mumbai Indians,S Chanderpaul,DS Kulkarni,R Dravid,0,1,1,1,0,0,0,0,0,"","",""
335985,2008,2008-04-20,Wankhede Stadium,Mumbai,2,5,6,Royal Challengers Bengaluru,Mumbai Indians,S Chanderpaul,DS Kulkarni,R Dravid,0,0,0,0,0,0,0,0,0,"","",""
335985,2008,2008-04-20,Wankhede Stadium,Mumbai,2,5,7,Royal Challengers Bengaluru,Mumbai Indians,S Chanderpaul,DS Kulkarni,R Dravid,0,0,0,0,0,0,0,0,1,S Chanderpaul,caught,AM Nayar
335985,2008,2008-04-20,Wankhede Stadium,Mumbai,2,6,1,Royal Challengers Bengaluru,Mumbai Indians,LRPL Taylor,SM Pollock,R Dravid,1,0,1,0,0,0,0,0,0,"","",""
335985,2008,2008-04-20,Wankhede Stadium,Mumbai,2,6,2,Royal Challengers Bengaluru,Mumbai Indians,R Dravid,SM Pollock,LRPL Taylor,0,0,0,0,0,0,0,0,0,"","",""
335985,2008,2008-04-20,Wankhede Stadium,Mumbai,2,6,3,Royal Challengers Bengaluru,Mumbai Indians,R Dravid,SM Pollock,LRPL Taylor,0,0,0,0,0,0,0,0,0,"","",""
335985,2008,2008-04-20,Wankhede Stadium,Mumbai,2,6,4,Royal Challengers Bengaluru,Mumbai Indians,R Dravid,SM Pollock,LRPL Taylor,1,0,1,0,0,0,0,0,0,"","",""
335985,2008,2008-04-20,Wankhede Stadium,Mumbai,2,6,5,Royal Challengers Bengaluru,Mumbai Indians,LRPL Taylor,SM Pollock,R Dravid,1,0,1,0,0,0,0,0,0,"","",""
335985,2008,2008-04-20,Wankhede Stadium,Mumbai,2,6,6,Royal Challengers Bengaluru,Mumbai Indians,R Dravid,SM Pollock,LRPL Taylor,0,0,0,0,0,0,0,0,0,"","",""
335985,2008,2008-04-20,Wankhede Stadium,Mumbai,2,7,1,Royal Challengers Bengaluru,Mumbai Indians,LRPL Taylor,DS Kulkarni,R Dravid,1,0,1,0,0,0,0,0,0,"","",""
335985,2008,2008-04-20,Wankhede Stadium,Mumbai,2,7,2,Royal Challengers Bengaluru,Mumbai Indians,R Dravid,DS Kulkarni,LRPL Taylor,0,0,0,0,0,0,0,0,0,"","",""
335985,2008,2008-04-20,Wankhede Stadium,Mumbai,2,7,3,Royal Challengers Bengaluru,Mumbai Indians,R Dravid,DS Kulkarni,LRPL Taylor,4,0,4,0,0,0,0,0,0,"","",""
335985,2008,2008-04-20,Wankhede Stadium,Mumbai,2,7,4,Royal Challengers Bengaluru,Mumbai Indians,R Dravid,DS Kulkarni,LRPL Taylor,0,0,0,0,0,0,0,0,0,"","",""
335985,2008,2008-04-20,Wankhede Stadium,Mumbai,2,7,5,Royal Challengers Bengaluru,Mumbai Indians,R Dravid,DS Kulkarni,LRPL Taylor,0,0,0,0,0,0,0,0,0,"","",""
335985,2008,2008-04-20,Wankhede Stadium,Mumbai,2,7,6,Royal Challengers Bengaluru,Mumbai Indians,R Dravid,DS Kulkarni,LRPL Taylor,1,0,1,0,0,0,0,0,0,"","",""
335985,2008,2008-04-20,Wankhede Stadium,Mumbai,2,8,1,Royal Challengers Bengaluru,Mumbai Indians,R Dravid,ST Jayasuriya,LRPL Taylor,2,0,2,0,0,0,0,0,0,"","",""
335985,2008,2008-04-20,Wankhede Stadium,Mumbai,2,8,2,Royal Challengers Bengaluru,Mumbai Indians,R Dravid,ST Jayasuriya,LRPL Taylor,1,0,1,0,0,0,0,0,0,"","",""
335985,2008,2008-04-20,Wankhede Stadium,Mumbai,2,8,3,Royal Challengers Bengaluru,Mumbai Indians,LRPL Taylor,ST Jayasuriya,R Dravid,1,0,1,0,0,0,0,0,0,"","",""
335985,2008,2008-04-20,Wankhede Stadium,Mumbai,2,8,4,Royal Challengers Bengaluru,Mumbai Indians,R Dravid,ST Jayasuriya,LRPL Taylor,1,0,1,0,0,0,0,0,0,"","",""
335985,2008,2008-04-20,Wankhede Stadium,Mumbai,2,8,5,Royal Challengers Bengaluru,Mumbai Indians,LRPL Taylor,ST Jayasuriya,R Dravid,1,0,1,0,0,0,0,0,0,"","",""
335985,2008,2008-04-20,Wankhede Stadium,Mumbai,2,8,6,Royal Challengers Bengaluru,Mumbai Indians,R Dravid,ST Jayasuriya,LRPL Taylor,2,0,2,0,0,0,0,0,0,"","",""
335985,2008,2008-04-20,Wankhede Stadium,Mumbai,2,9,1,Royal Challengers Bengaluru,Mumbai Indians,LRPL Taylor,Harbhajan Singh,R Dravid,6,0,6,0,0,0,0,0,0,"","",""
335985,2008,2008-04-20,Wankhede Stadium,Mumbai,2,9,2,Royal Challengers Bengaluru,Mumbai Indians,LRPL Taylor,Harbhajan Singh,R Dravid,6,0,6,0,0,0,0,0,0,"","",""
335985,2008,2008-04-20,Wankhede Stadium,Mumbai,2,9,3,Royal Challengers Bengaluru,Mumbai Indians,LRPL Taylor,Harbhajan Singh,R Dravid,0,1,1,1,0,0,0,0,0,"","",""
335985,2008,2008-04-20,Wankhede Stadium,Mumbai,2,9,4,Royal Challengers Bengaluru,Mumbai Indians,LRPL Taylor,Harbhajan Singh,R Dravid,0,0,0,0,0,0,0,0,0,"","",""
335985,2008,2008-04-20,Wankhede Stadium,Mumbai,2,9,5,Royal Challengers Bengaluru,Mumbai Indians,LRPL Taylor,Harbhajan Singh,R Dravid,1,0,1,0,0,0,0,0,0,"","",""
335985,2008,2008-04-20,Wankhede Stadium,Mumbai,2,9,6,Royal Challengers Bengaluru,Mumbai Indians,R Dravid,Harbhajan Singh,LRPL Taylor,0,0,0,0,0,0,0,0,1,R Dravid,caught and bowled,""
335985,2008,2008-04-20,Wankhede Stadium,Mumbai,2,9,7,Royal Challengers Bengaluru,Mumbai Indians,JH Kallis,Harbhajan Singh,LRPL Taylor,1,0,1,0,0,0,0,0,0,"","",""
335985,2008,2008-04-20,Wankhede Stadium,Mumbai,2,10,1,Royal Challengers Bengaluru,Mumbai Indians,JH Kallis,ST Jayasuriya,LRPL Taylor,1,0,1,0,0,0,0,0,0,"","",""
335985,2008,2008-04-20,Wankhede Stadium,Mumbai,2,10,2,Royal Challengers Bengaluru,Mumbai Indians,LRPL Taylor,ST Jayasuriya,JH Kallis,4,0,4,0,0,0,0,0,0,"","",""
335985,2008,2008-04-20,Wankhede Stadium,Mumbai,2,10,3,Royal Challengers Bengaluru,Mumbai Indians,LRPL Taylor,ST Jayasuriya,JH Kallis,1,0,1,0,0,0,0,0,0,"","",""
335985,2008,2008-04-20,Wankhede Stadium,Mumbai,2,10,4,Royal Challengers Bengaluru,Mumbai Indians,JH Kallis,ST Jayasuriya,LRPL Taylor,0,0,0,0,0,0,0,0,0,"","",""
335985,2008,2008-04-20,Wankhede Stadium,Mumbai,2,10,5,Royal Challengers Bengaluru,Mumbai Indians,JH Kallis,ST Jayasuriya,LRPL Taylor,1,0,1,0,0,0,0,0,0,"","",""
335985,2008,2008-04-20,Wankhede Stadium,Mumbai,2,10,6,Royal Challengers Bengaluru,Mumbai Indians,LRPL Taylor,ST Jayasuriya,JH Kallis,0,0,0,0,0,0,0,0,1,LRPL Taylor,caught,AM Nayar
335985,2008,2008-04-20,Wankhede Stadium,Mumbai,2,11,1,Royal Challengers Bengaluru,Mumbai Indians,V Kohli,Harbhajan Singh,JH Kallis,1,0,1,0,0,0,0,0,0,"","",""
335985,2008,2008-04-20,Wankhede Stadium,Mumbai,2,11,2,Royal Challengers Bengaluru,Mumbai Indians,JH Kallis,Harbhajan Singh,V Kohli,1,0,1,0,0,0,0,0,0,"","",""
335985,2008,2008-04-20,Wankhede Stadium,Mumbai,2,11,3,Royal Challengers Bengaluru,Mumbai Indians,V Kohli,Harbhajan Singh,JH Kallis,0,0,0,0,0,0,0,0,0,"","",""
335985,2008,2008-04-20,Wankhede Stadium,Mumbai,2,11,4,Royal Challengers Bengaluru,Mumbai Indians,V Kohli,Harbhajan Singh,JH Kallis,1,0,1,0,0,0,0,0,0,"","",""
335985,2008,2008-04-20,Wankhede Stadium,Mumbai,2,11,5,Royal Challengers Bengaluru,Mumbai Indians,JH Kallis,Harbhajan Singh,V Kohli,0,0,0,0,0,0,0,0,0,"","",""
335985,2008,2008-04-20,Wankhede Stadium,Mumbai,2,11,6,Royal Challengers Bengaluru,Mumbai Indians,JH Kallis,Harbhajan Singh,V Kohli,1,0,1,0,0,0,0,0,0,"","",""
335985,2008,2008-04-20,Wankhede Stadium,Mumbai,2,12,1,Royal Challengers Bengaluru,Mumbai Indians,JH Kallis,ST Jayasuriya,V Kohli,1,0,1,0,0,0,0,0,0,"","",""
335985,2008,2008-04-20,Wankhede Stadium,Mumbai,2,12,2,Royal Challengers Bengaluru,Mumbai Indians,V Kohli,ST Jayasuriya,JH Kallis,4,0,4,0,0,0,0,0,0,"","",""
335985,2008,2008-04-20,Wankhede Stadium,Mumbai,2,12,3,Royal Challengers Bengaluru,Mumbai Indians,V Kohli,ST Jayasuriya,JH Kallis,1,0,1,0,0,0,0,0,0,"","",""
335985,2008,2008-04-20,Wankhede Stadium,Mumbai,2,12,4,Royal Challengers Bengaluru,Mumbai Indians,JH Kallis,ST Jayasuriya,V Kohli,1,0,1,0,0,0,0,0,0,"","",""
335985,2008,2008-04-20,Wankhede Stadium,Mumbai,2,12,5,Royal Challengers Bengaluru,Mumbai Indians,V Kohli,ST Jayasuriya,JH Kallis,6,0,6,0,0,0,0,0,0,"","",""
335985,2008,2008-04-20,Wankhede Stadium,Mumbai,2,12,6,Royal Challengers Bengaluru,Mumbai Indians,V Kohli,ST Jayasuriya,JH Kallis,1,0,1,0,0,0,0,0,0,"","",""
335985,2008,2008-04-20,Wankhede Stadium,Mumbai,2,13,1,Royal Challengers Bengaluru,Mumbai Indians,V Kohli,AM Nayar,JH Kallis,0,0,0,0,0,0,0,0,0,"","",""
335985,2008,2008-04-20,Wankhede Stadium,Mumbai,2,13,2,Royal Challengers Bengaluru,Mumbai Indians,V Kohli,AM Nayar,JH Kallis,4,0,4,0,0,0,0,0,0,"","",""
335985,2008,2008-04-20,Wankhede Stadium,Mumbai,2,13,3,Royal Challengers Bengaluru,Mumbai Indians,V Kohli,AM Nayar,JH Kallis,4,0,4,0,0,0,0,0,0,"","",""
335985,2008,2008-04-20,Wankhede Stadium,Mumbai,2,13,4,Royal Challengers Bengaluru,Mumbai Indians,V Kohli,AM Nayar,JH Kallis,0,0,0,0,0,0,0,0,0,"","",""
335985,2008,2008-04-20,Wankhede Stadium,Mumbai,2,13,5,Royal Challengers Bengaluru,Mumbai Indians,V Kohli,AM Nayar,JH Kallis,1,0,1,0,0,0,0,0,0,"","",""
335985,2008,2008-04-20,Wankhede Stadium,Mumbai,2,13,6,Royal Challengers Bengaluru,Mumbai Indians,JH Kallis,AM Nayar,V Kohli,1,0,1,0,0,0,0,0,0,"","",""
335985,2008,2008-04-20,Wankhede Stadium,Mumbai,2,14,1,Royal Challengers Bengaluru,Mumbai Indians,JH Kallis,A Nehra,V Kohli,1,0,1,0,0,0,0,0,0,"","",""
335985,2008,2008-04-20,Wankhede Stadium,Mumbai,2,14,2,Royal Challengers Bengaluru,Mumbai Indians,V Kohli,A Nehra,JH Kallis,0,1,1,1,0,0,0,0,0,"","",""
335985,2008,2008-04-20,Wankhede Stadium,Mumbai,2,14,3,Royal Challengers Bengaluru,Mumbai Indians,V Kohli,A Nehra,JH Kallis,0,0,0,0,0,0,0,0,0,"","",""
335985,2008,2008-04-20,Wankhede Stadium,Mumbai,2,14,4,Royal Challengers Bengaluru,Mumbai Indians,V Kohli,A Nehra,JH Kallis,0,0,0,0,0,0,0,0,1,V Kohli,caught,L Ronchi
335985,2008,2008-04-20,Wankhede Stadium,Mumbai,2,14,5,Royal Challengers Bengaluru,Mumbai Indians,MV Boucher,A Nehra,JH Kallis,0,0,0,0,0,0,0,0,0,"","",""
335985,2008,2008-04-20,Wankhede Stadium,Mumbai,2,14,6,Royal Challengers Bengaluru,Mumbai Indians,MV Boucher,A Nehra,JH Kallis,0,1,1,1,0,0,0,0,0,"","",""
335985,2008,2008-04-20,Wankhede Stadium,Mumbai,2,14,7,Royal Challengers Bengaluru,Mumbai Indians,MV Boucher,A Nehra,JH Kallis,0,0,0,0,0,0,0,0,0,"","",""
335985,2008,2008-04-20,Wankhede Stadium,Mumbai,2,14,8,Royal Challengers Bengaluru,Mumbai Indians,MV Boucher,A Nehra,JH Kallis,2,0,2,0,0,0,0,0,0,"","",""
335985,2008,2008-04-20,Wankhede Stadium,Mumbai,2,15,1,Royal Challengers Bengaluru,Mumbai Indians,JH Kallis,Harbhajan Singh,MV Boucher,1,0,1,0,0,0,0,0,0,"","",""
335985,2008,2008-04-20,Wankhede Stadium,Mumbai,2,15,2,Royal Challengers Bengaluru,Mumbai Indians,MV Boucher,Harbhajan Singh,JH Kallis,1,0,1,0,0,0,0,0,0,"","",""
335985,2008,2008-04-20,Wankhede Stadium,Mumbai,2,15,3,Royal Challengers Bengaluru,Mumbai Indians,JH Kallis,Harbhajan Singh,MV Boucher,1,0,1,0,0,0,0,0,0,"","",""
335985,2008,2008-04-20,Wankhede Stadium,Mumbai,2,15,4,Royal Challengers Bengaluru,Mumbai Indians,MV Boucher,Harbhajan Singh,JH Kallis,4,0,4,0,0,0,0,0,0,"","",""
335985,2008,2008-04-20,Wankhede Stadium,Mumbai,2,15,5,Royal Challengers Bengaluru,Mumbai Indians,MV Boucher,Harbhajan Singh,JH Kallis,1,0,1,0,0,0,0,0,0,"","",""
335985,2008,2008-04-20,Wankhede Stadium,Mumbai,2,15,6,Royal Challengers Bengaluru,Mumbai Indians,JH Kallis,Harbhajan Singh,MV Boucher,1,0,1,0,0,0,0,0,0,"","",""
335985,2008,2008-04-20,Wankhede Stadium,Mumbai,2,16,1,Royal Challengers Bengaluru,Mumbai Indians,JH Kallis,SM Pollock,MV Boucher,1,0,1,0,0,0,0,0,0,"","",""
335985,2008,2008-04-20,Wankhede Stadium,Mumbai,2,16,2,Royal Challengers Bengaluru,Mumbai Indians,MV Boucher,SM Pollock,JH Kallis,4,0,4,0,0,0,0,0,0,"","",""
335985,2008,2008-04-20,Wankhede Stadium,Mumbai,2,16,3,Royal Challengers Bengaluru,Mumbai Indians,MV Boucher,SM Pollock,JH Kallis,1,0,1,0,0,0,0,0,0,"","",""
335985,2008,2008-04-20,Wankhede Stadium,Mumbai,2,16,4,Royal Challengers Bengaluru,Mumbai Indians,JH Kallis,SM Pollock,MV Boucher,0,0,0,0,0,0,0,0,0,"","",""
335985,2008,2008-04-20,Wankhede Stadium,Mumbai,2,16,5,Royal Challengers Bengaluru,Mumbai Indians,JH Kallis,SM Pollock,MV Boucher,1,0,1,0,0,0,0,0,0,"","",""
335985,2008,2008-04-20,Wankhede Stadium,Mumbai,2,16,6,Royal Challengers Bengaluru,Mumbai Indians,MV Boucher,SM Pollock,JH Kallis,1,0,1,0,0,0,0,0,0,"","",""
335985,2008,2008-04-20,Wankhede Stadium,Mumbai,2,17,1,Royal Challengers Bengaluru,Mumbai Indians,MV Boucher,ST Jayasuriya,JH Kallis,6,0,6,0,0,0,0,0,0,"","",""
335985,2008,2008-04-20,Wankhede Stadium,Mumbai,2,17,2,Royal Challengers Bengaluru,Mumbai Indians,MV Boucher,ST Jayasuriya,JH Kallis,1,0,1,0,0,0,0,0,0,"","",""
335985,2008,2008-04-20,Wankhede Stadium,Mumbai,2,17,3,Royal Challengers Bengaluru,Mumbai Indians,JH Kallis,ST Jayasuriya,MV Boucher,1,0,1,0,0,0,0,0,0,"","",""
335985,2008,2008-04-20,Wankhede Stadium,Mumbai,2,17,4,Royal Challengers Bengaluru,Mumbai Indians,MV Boucher,ST Jayasuriya,JH Kallis,1,0,1,0,0,0,0,0,0,"","",""
335985,2008,2008-04-20,Wankhede Stadium,Mumbai,2,17,5,Royal Challengers Bengaluru,Mumbai Indians,JH Kallis,ST Jayasuriya,MV Boucher,1,0,1,0,0,0,0,0,0,"","",""
335985,2008,2008-04-20,Wankhede Stadium,Mumbai,2,17,6,Royal Challengers Bengaluru,Mumbai Indians,MV Boucher,ST Jayasuriya,JH Kallis,0,0,0,0,0,0,0,0,0,"","",""
335985,2008,2008-04-20,Wankhede Stadium,Mumbai,2,18,1,Royal Challengers Bengaluru,Mumbai Indians,JH Kallis,A Nehra,MV Boucher,6,0,6,0,0,0,0,0,0,"","",""
335985,2008,2008-04-20,Wankhede Stadium,Mumbai,2,18,2,Royal Challengers Bengaluru,Mumbai Indians,JH Kallis,A Nehra,MV Boucher,1,0,1,0,0,0,0,0,0,"","",""
335985,2008,2008-04-20,Wankhede Stadium,Mumbai,2,18,3,Royal Challengers Bengaluru,Mumbai Indians,MV Boucher,A Nehra,JH Kallis,1,0,1,0,0,0,0,0,0,"","",""
335985,2008,2008-04-20,Wankhede Stadium,Mumbai,2,18,4,Royal Challengers Bengaluru,Mumbai Indians,JH Kallis,A Nehra,MV Boucher,1,0,1,0,0,0,0,0,0,"","",""
335985,2008,2008-04-20,Wankhede Stadium,Mumbai,2,18,5,Royal Challengers Bengaluru,Mumbai Indians,MV Boucher,A Nehra,JH Kallis,4,0,4,0,0,0,0,0,0,"","",""
335985,2008,2008-04-20,Wankhede Stadium,Mumbai,2,18,6,Royal Challengers Bengaluru,Mumbai Indians,MV Boucher,A Nehra,JH Kallis,6,0,6,0,0,0,0,0,0,"","",""
335985,2008,2008-04-20,Wankhede Stadium,Mumbai,2,19,1,Royal Challengers Bengaluru,Mumbai Indians,JH Kallis,Harbhajan Singh,MV Boucher,1,0,1,0,0,0,0,0,0,"","",""
335985,2008,2008-04-20,Wankhede Stadium,Mumbai,2,19,2,Royal Challengers Bengaluru,Mumbai Indians,MV Boucher,Harbhajan Singh,JH Kallis,4,0,4,0,0,0,0,0,0,"","",""
335985,2008,2008-04-20,Wankhede Stadium,Mumbai,2,19,3,Royal Challengers Bengaluru,Mumbai Indians,MV Boucher,Harbhajan Singh,JH Kallis,1,0,1,0,0,0,0,0,0,"","",""
335985,2008,2008-04-20,Wankhede Stadium,Mumbai,2,19,4,Royal Challengers Bengaluru,Mumbai Indians,JH Kallis,Harbhajan Singh,MV Boucher,0,0,0,0,0,0,0,0,1,JH Kallis,caught,AM Nayar
335985,2008,2008-04-20,Wankhede Stadium,Mumbai,2,19,5,Royal Challengers Bengaluru,Mumbai Indians,B Akhil,Harbhajan Singh,MV Boucher,2,0,2,0,0,0,0,0,0,"","",""
335985,2008,2008-04-20,Wankhede Stadium,Mumbai,2,19,6,Royal Challengers Bengaluru,Mumbai Indians,B Akhil,Harbhajan Singh,MV Boucher,0,0,0,0,0,0,0,0,0,"","",""
335985,2008,2008-04-20,Wankhede Stadium,Mumbai,2,20,1,Royal Challengers Bengaluru,Mumbai Indians,MV Boucher,DS Kulkarni,B Akhil,1,0,1,0,0,0,0,0,0,"","",""
335985,2008,2008-04-20,Wankhede Stadium,Mumbai,2,20,2,Royal Challengers Bengaluru,Mumbai Indians,B Akhil,DS Kulkarni,MV Boucher,0,1,1,1,0,0,0,0,0,"","",""
335985,2008,2008-04-20,Wankhede Stadium,Mumbai,2,20,3,Royal Challengers Bengaluru,Mumbai Indians,B Akhil,DS Kulkarni,MV Boucher,0,0,0,0,0,0,0,0,0,"","",""
335985,2008,2008-04-20,Wankhede Stadium,Mumbai,2,20,4,Royal Challengers Bengaluru,Mumbai Indians,B Akhil,DS Kulkarni,MV Boucher,0,0,0,0,0,0,0,0,0,"","",""
335985,2008,2008-04-20,Wankhede Stadium,Mumbai,2,20,5,Royal Challengers Bengaluru,Mumbai Indians,B Akhil,DS Kulkarni,MV Boucher,1,0,1,0,0,0,0,0,0,"","",""
335986,2008,2008-04-20,Eden Gardens,Kolkata,1,1,1,Deccan Chargers,Kolkata Knight Riders,AC Gilchrist,AB Dinda,Y Venugopal Rao,1,0,1,0,0,0,0,0,0,"","",""
335986,2008,2008-04-20,Eden Gardens,Kolkata,1,1,2,Deccan Chargers,Kolkata Knight Riders,Y Venugopal Rao,AB Dinda,AC Gilchrist,0,1,1,0,1,0,0,0,0,"","",""
335986,2008,2008-04-20,Eden Gardens,Kolkata,1,1,3,Deccan Chargers,Kolkata Knight Riders,Y Venugopal Rao,AB Dinda,AC Gilchrist,2,0,2,0,0,0,0,0,0,"","",""
335986,2008,2008-04-20,Eden Gardens,Kolkata,1,1,4,Deccan Chargers,Kolkata Knight Riders,Y Venugopal Rao,AB Dinda,AC Gilchrist,0,0,0,0,0,0,0,0,0,"","",""
335986,2008,2008-04-20,Eden Gardens,Kolkata,1,1,5,Deccan Chargers,Kolkata Knight Riders,Y Venugopal Rao,AB Dinda,AC Gilchrist,0,0,0,0,0,0,0,0,0,"","",""
335986,2008,2008-04-20,Eden Gardens,Kolkata,1,1,6,Deccan Chargers,Kolkata Knight Riders,Y Venugopal Rao,AB Dinda,AC Gilchrist,0,0,0,0,0,0,0,0,0,"","",""
335986,2008,2008-04-20,Eden Gardens,Kolkata,1,1,7,Deccan Chargers,Kolkata Knight Riders,Y Venugopal Rao,AB Dinda,AC Gilchrist,5,0,5,0,0,0,0,0,0,"","",""
335986,2008,2008-04-20,Eden Gardens,Kolkata,1,2,1,Deccan Chargers,Kolkata Knight Riders,Y Venugopal Rao,I Sharma,AC Gilchrist,0,1,1,0,0,0,1,0,0,"","",""
335986,2008,2008-04-20,Eden Gardens,Kolkata,1,2,2,Deccan Chargers,Kolkata Knight Riders,AC Gilchrist,I Sharma,Y Venugopal Rao,1,0,1,0,0,0,0,0,0,"","",""
335986,2008,2008-04-20,Eden Gardens,Kolkata,1,2,3,Deccan Chargers,Kolkata Knight Riders,Y Venugopal Rao,I Sharma,AC Gilchrist,0,0,0,0,0,0,0,0,0,"","",""
335986,2008,2008-04-20,Eden Gardens,Kolkata,1,2,4,Deccan Chargers,Kolkata Knight Riders,Y Venugopal Rao,I Sharma,AC Gilchrist,1,0,1,0,0,0,0,0,0,"","",""
335986,2008,2008-04-20,Eden Gardens,Kolkata,1,2,5,Deccan Chargers,Kolkata Knight Riders,AC Gilchrist,I Sharma,Y Venugopal Rao,0,1,1,1,0,0,0,0,0,"","",""
335986,2008,2008-04-20,Eden Gardens,Kolkata,1,2,6,Deccan Chargers,Kolkata Knight Riders,AC Gilchrist,I Sharma,Y Venugopal Rao,0,0,0,0,0,0,0,0,0,"","",""
335986,2008,2008-04-20,Eden Gardens,Kolkata,1,2,7,Deccan Chargers,Kolkata Knight Riders,AC Gilchrist,I Sharma,Y Venugopal Rao,0,1,1,1,0,0,0,0,0,"","",""
335986,2008,2008-04-20,Eden Gardens,Kolkata,1,2,8,Deccan Chargers,Kolkata Knight Riders,AC Gilchrist,I Sharma,Y Venugopal Rao,0,0,0,0,0,0,0,0,0,"","",""
335986,2008,2008-04-20,Eden Gardens,Kolkata,1,3,1,Deccan Chargers,Kolkata Knight Riders,Y Venugopal Rao,AB Dinda,AC Gilchrist,1,0,1,0,0,0,0,0,0,"","",""
335986,2008,2008-04-20,Eden Gardens,Kolkata,1,3,2,Deccan Chargers,Kolkata Knight Riders,AC Gilchrist,AB Dinda,Y Venugopal Rao,0,0,0,0,0,0,0,0,0,"","",""
335986,2008,2008-04-20,Eden Gardens,Kolkata,1,3,3,Deccan Chargers,Kolkata Knight Riders,AC Gilchrist,AB Dinda,Y Venugopal Rao,0,0,0,0,0,0,0,0,0,"","",""
335986,2008,2008-04-20,Eden Gardens,Kolkata,1,3,4,Deccan Chargers,Kolkata Knight Riders,AC Gilchrist,AB Dinda,Y Venugopal Rao,1,0,1,0,0,0,0,0,0,"","",""
335986,2008,2008-04-20,Eden Gardens,Kolkata,1,3,5,Deccan Chargers,Kolkata Knight Riders,Y Venugopal Rao,AB Dinda,AC Gilchrist,4,0,4,0,0,0,0,0,0,"","",""
335986,2008,2008-04-20,Eden Gardens,Kolkata,1,3,6,Deccan Chargers,Kolkata Knight Riders,Y Venugopal Rao,AB Dinda,AC Gilchrist,1,0,1,0,0,0,0,0,0,"","",""
335986,2008,2008-04-20,Eden Gardens,Kolkata,1,4,1,Deccan Chargers,Kolkata Knight Riders,Y Venugopal Rao,I Sharma,AC Gilchrist,0,0,0,0,0,0,0,0,0,"","",""
335986,2008,2008-04-20,Eden Gardens,Kolkata,1,4,2,Deccan Chargers,Kolkata Knight Riders,Y Venugopal Rao,I Sharma,AC Gilchrist,0,0,0,0,0,0,0,0,1,Y Venugopal Rao,caught,M Kartik
335986,2008,2008-04-20,Eden Gardens,Kolkata,1,4,3,Deccan Chargers,Kolkata Knight Riders,VVS Laxman,I Sharma,AC Gilchrist,0,0,0,0,0,0,0,0,0,"","",""
335986,2008,2008-04-20,Eden Gardens,Kolkata,1,4,4,Deccan Chargers,Kolkata Knight Riders,VVS Laxman,I Sharma,AC Gilchrist,0,0,0,0,0,0,0,0,0,"","",""
335986,2008,2008-04-20,Eden Gardens,Kolkata,1,4,5,Deccan Chargers,Kolkata Knight Riders,VVS Laxman,I Sharma,AC Gilchrist,0,0,0,0,0,0,0,0,0,"","",""
335986,2008,2008-04-20,Eden Gardens,Kolkata,1,4,6,Deccan Chargers,Kolkata Knight Riders,VVS Laxman,I Sharma,AC Gilchrist,0,0,0,0,0,0,0,0,0,"","",""
335986,2008,2008-04-20,Eden Gardens,Kolkata,1,5,1,Deccan Chargers,Kolkata Knight Riders,AC Gilchrist,AB Dinda,VVS Laxman,1,0,1,0,0,0,0,0,0,"","",""
335986,2008,2008-04-20,Eden Gardens,Kolkata,1,5,2,Deccan Chargers,Kolkata Knight Riders,VVS Laxman,AB Dinda,AC Gilchrist,0,0,0,0,0,0,0,0,0,"","",""
335986,2008,2008-04-20,Eden Gardens,Kolkata,1,5,3,Deccan Chargers,Kolkata Knight Riders,VVS Laxman,AB Dinda,AC Gilchrist,0,0,0,0,0,0,0,0,1,VVS Laxman,caught,LR Shukla
335986,2008,2008-04-20,Eden Gardens,Kolkata,1,5,4,Deccan Chargers,Kolkata Knight Riders,AC Gilchrist,AB Dinda,A Symonds,1,0,1,0,0,0,0,0,0,"","",""
335986,2008,2008-04-20,Eden Gardens,Kolkata,1,5,5,Deccan Chargers,Kolkata Knight Riders,A Symonds,AB Dinda,AC Gilchrist,0,0,0,0,0,0,0,0,0,"","",""
335986,2008,2008-04-20,Eden Gardens,Kolkata,1,5,6,Deccan Chargers,Kolkata Knight Riders,A Symonds,AB Dinda,AC Gilchrist,0,0,0,0,0,0,0,0,0,"","",""
335986,2008,2008-04-20,Eden Gardens,Kolkata,1,6,1,Deccan Chargers,Kolkata Knight Riders,AC Gilchrist,AB Agarkar,A Symonds,6,0,6,0,0,0,0,0,0,"","",""
335986,2008,2008-04-20,Eden Gardens,Kolkata,1,6,2,Deccan Chargers,Kolkata Knight Riders,AC Gilchrist,AB Agarkar,A Symonds,0,0,0,0,0,0,0,0,0,"","",""
335986,2008,2008-04-20,Eden Gardens,Kolkata,1,6,3,Deccan Chargers,Kolkata Knight Riders,AC Gilchrist,AB Agarkar,A Symonds,6,0,6,0,0,0,0,0,0,"","",""
335986,2008,2008-04-20,Eden Gardens,Kolkata,1,6,4,Deccan Chargers,Kolkata Knight Riders,AC Gilchrist,AB Agarkar,A Symonds,4,0,4,0,0,0,0,0,0,"","",""
335986,2008,2008-04-20,Eden Gardens,Kolkata,1,6,5,Deccan Chargers,Kolkata Knight Riders,AC Gilchrist,AB Agarkar,A Symonds,0,0,0,0,0,0,0,0,0,"","",""
335986,2008,2008-04-20,Eden Gardens,Kolkata,1,6,6,Deccan Chargers,Kolkata Knight Riders,AC Gilchrist,AB Agarkar,A Symonds,0,0,0,0,0,0,0,0,0,"","",""
335986,2008,2008-04-20,Eden Gardens,Kolkata,1,7,1,Deccan Chargers,Kolkata Knight Riders,A Symonds,M Kartik,AC Gilchrist,1,0,1,0,0,0,0,0,0,"","",""
335986,2008,2008-04-20,Eden Gardens,Kolkata,1,7,2,Deccan Chargers,Kolkata Knight Riders,AC Gilchrist,M Kartik,A Symonds,0,0,0,0,0,0,0,0,0,"","",""
335986,2008,2008-04-20,Eden Gardens,Kolkata,1,7,3,Deccan Chargers,Kolkata Knight Riders,AC Gilchrist,M Kartik,A Symonds,1,0,1,0,0,0,0,0,0,"","",""
335986,2008,2008-04-20,Eden Gardens,Kolkata,1,7,4,Deccan Chargers,Kolkata Knight Riders,A Symonds,M Kartik,AC Gilchrist,4,0,4,0,0,0,0,0,0,"","",""
335986,2008,2008-04-20,Eden Gardens,Kolkata,1,7,5,Deccan Chargers,Kolkata Knight Riders,A Symonds,M Kartik,AC Gilchrist,0,0,0,0,0,0,0,0,0,"","",""
335986,2008,2008-04-20,Eden Gardens,Kolkata,1,7,6,Deccan Chargers,Kolkata Knight Riders,A Symonds,M Kartik,AC Gilchrist,0,0,0,0,0,0,0,0,0,"","",""
335986,2008,2008-04-20,Eden Gardens,Kolkata,1,8,1,Deccan Chargers,Kolkata Knight Riders,AC Gilchrist,Mohammad Hafeez,A Symonds,0,0,0,0,0,0,0,0,0,"","",""
335986,2008,2008-04-20,Eden Gardens,Kolkata,1,8,2,Deccan Chargers,Kolkata Knight Riders,AC Gilchrist,Mohammad Hafeez,A Symonds,0,1,1,0,1,0,0,0,0,"","",""
335986,2008,2008-04-20,Eden Gardens,Kolkata,1,8,3,Deccan Chargers,Kolkata Knight Riders,AC Gilchrist,Mohammad Hafeez,A Symonds,0,0,0,0,0,0,0,0,0,"","",""
335986,2008,2008-04-20,Eden Gardens,Kolkata,1,8,4,Deccan Chargers,Kolkata Knight Riders,AC Gilchrist,Mohammad Hafeez,A Symonds,1,0,1,0,0,0,0,0,0,"","",""
335986,2008,2008-04-20,Eden Gardens,Kolkata,1,8,5,Deccan Chargers,Kolkata Knight Riders,A Symonds,Mohammad Hafeez,AC Gilchrist,0,0,0,0,0,0,0,0,0,"","",""
335986,2008,2008-04-20,Eden Gardens,Kolkata,1,8,6,Deccan Chargers,Kolkata Knight Riders,A Symonds,Mohammad Hafeez,AC Gilchrist,0,0,0,0,0,0,0,0,0,"","",""
335986,2008,2008-04-20,Eden Gardens,Kolkata,1,8,7,Deccan Chargers,Kolkata Knight Riders,A Symonds,Mohammad Hafeez,AC Gilchrist,0,0,0,0,0,0,0,0,0,"","",""
335986,2008,2008-04-20,Eden Gardens,Kolkata,1,9,1,Deccan Chargers,Kolkata Knight Riders,AC Gilchrist,M Kartik,A Symonds,0,0,0,0,0,0,0,0,1,AC Gilchrist,caught,Mohammad Hafeez
335986,2008,2008-04-20,Eden Gardens,Kolkata,1,9,2,Deccan Chargers,Kolkata Knight Riders,RG Sharma,M Kartik,A Symonds,0,0,0,0,0,0,0,0,0,"","",""
335986,2008,2008-04-20,Eden Gardens,Kolkata,1,9,3,Deccan Chargers,Kolkata Knight Riders,RG Sharma,M Kartik,A Symonds,0,0,0,0,0,0,0,0,0,"","",""
335986,2008,2008-04-20,Eden Gardens,Kolkata,1,9,4,Deccan Chargers,Kolkata Knight Riders,RG Sharma,M Kartik,A Symonds,0,0,0,0,0,0,0,0,1,RG Sharma,caught,WP Saha
335986,2008,2008-04-20,Eden Gardens,Kolkata,1,9,5,Deccan Chargers,Kolkata Knight Riders,SB Styris,M Kartik,A Symonds,0,0,0,0,0,0,0,0,0,"","",""
335986,2008,2008-04-20,Eden Gardens,Kolkata,1,9,6,Deccan Chargers,Kolkata Knight Riders,SB Styris,M Kartik,A Symonds,1,0,1,0,0,0,0,0,0,"","",""
335986,2008,2008-04-20,Eden Gardens,Kolkata,1,10,1,Deccan Chargers,Kolkata Knight Riders,SB Styris,Mohammad Hafeez,A Symonds,1,0,1,0,0,0,0,0,0,"","",""
335986,2008,2008-04-20,Eden Gardens,Kolkata,1,10,2,Deccan Chargers,Kolkata Knight Riders,A Symonds,Mohammad Hafeez,SB Styris,1,0,1,0,0,0,0,0,0,"","",""
335986,2008,2008-04-20,Eden Gardens,Kolkata,1,10,3,Deccan Chargers,Kolkata Knight Riders,SB Styris,Mohammad Hafeez,A Symonds,0,1,1,0,0,0,1,0,0,"","",""
335986,2008,2008-04-20,Eden Gardens,Kolkata,1,10,4,Deccan Chargers,Kolkata Knight Riders,A Symonds,Mohammad Hafeez,SB Styris,0,0,0,0,0,0,0,0,0,"","",""
335986,2008,2008-04-20,Eden Gardens,Kolkata,1,10,5,Deccan Chargers,Kolkata Knight Riders,A Symonds,Mohammad Hafeez,SB Styris,0,1,1,0,0,0,1,0,0,"","",""
335986,2008,2008-04-20,Eden Gardens,Kolkata,1,10,6,Deccan Chargers,Kolkata Knight Riders,SB Styris,Mohammad Hafeez,A Symonds,0,0,0,0,0,0,0,0,0,"","",""
335986,2008,2008-04-20,Eden Gardens,Kolkata,1,11,1,Deccan Chargers,Kolkata Knight Riders,A Symonds,M Kartik,SB Styris,0,0,0,0,0,0,0,0,0,"","",""
335986,2008,2008-04-20,Eden Gardens,Kolkata,1,11,2,Deccan Chargers,Kolkata Knight Riders,A Symonds,M Kartik,SB Styris,0,0,0,0,0,0,0,0,0,"","",""
335986,2008,2008-04-20,Eden Gardens,Kolkata,1,11,3,Deccan Chargers,Kolkata Knight Riders,A Symonds,M Kartik,SB Styris,0,0,0,0,0,0,0,0,0,"","",""
335986,2008,2008-04-20,Eden Gardens,Kolkata,1,11,4,Deccan Chargers,Kolkata Knight Riders,A Symonds,M Kartik,SB Styris,0,0,0,0,0,0,0,0,0,"","",""
335986,2008,2008-04-20,Eden Gardens,Kolkata,1,11,5,Deccan Chargers,Kolkata Knight Riders,A Symonds,M Kartik,SB Styris,1,0,1,0,0,0,0,0,0,"","",""
335986,2008,2008-04-20,Eden Gardens,Kolkata,1,11,6,Deccan Chargers,Kolkata Knight Riders,SB Styris,M Kartik,A Symonds,4,0,4,0,0,0,0,0,0,"","",""
335986,2008,2008-04-20,Eden Gardens,Kolkata,1,12,1,Deccan Chargers,Kolkata Knight Riders,A Symonds,Mohammad Hafeez,SB Styris,0,0,0,0,0,0,0,0,0,"","",""
335986,2008,2008-04-20,Eden Gardens,Kolkata,1,12,2,Deccan Chargers,Kolkata Knight Riders,A Symonds,Mohammad Hafeez,SB Styris,0,0,0,0,0,0,0,0,0,"","",""
335986,2008,2008-04-20,Eden Gardens,Kolkata,1,12,3,Deccan Chargers,Kolkata Knight Riders,A Symonds,Mohammad Hafeez,SB Styris,1,0,1,0,0,0,0,0,0,"","",""
335986,2008,2008-04-20,Eden Gardens,Kolkata,1,12,4,Deccan Chargers,Kolkata Knight Riders,SB Styris,Mohammad Hafeez,A Symonds,0,0,0,0,0,0,0,0,1,SB Styris,bowled,""
335986,2008,2008-04-20,Eden Gardens,Kolkata,1,12,5,Deccan Chargers,Kolkata Knight Riders,AS Yadav,Mohammad Hafeez,A Symonds,1,0,1,0,0,0,0,0,0,"","",""
335986,2008,2008-04-20,Eden Gardens,Kolkata,1,12,6,Deccan Chargers,Kolkata Knight Riders,A Symonds,Mohammad Hafeez,AS Yadav,0,0,0,0,0,0,0,0,0,"","",""
335986,2008,2008-04-20,Eden Gardens,Kolkata,1,13,1,Deccan Chargers,Kolkata Knight Riders,AS Yadav,DJ Hussey,A Symonds,1,0,1,0,0,0,0,0,0,"","",""
335986,2008,2008-04-20,Eden Gardens,Kolkata,1,13,2,Deccan Chargers,Kolkata Knight Riders,A Symonds,DJ Hussey,AS Yadav,1,0,1,0,0,0,0,0,0,"","",""
335986,2008,2008-04-20,Eden Gardens,Kolkata,1,13,3,Deccan Chargers,Kolkata Knight Riders,AS Yadav,DJ Hussey,A Symonds,0,0,0,0,0,0,0,0,0,"","",""
335986,2008,2008-04-20,Eden Gardens,Kolkata,1,13,4,Deccan Chargers,Kolkata Knight Riders,AS Yadav,DJ Hussey,A Symonds,1,0,1,0,0,0,0,0,0,"","",""
335986,2008,2008-04-20,Eden Gardens,Kolkata,1,13,5,Deccan Chargers,Kolkata Knight Riders,A Symonds,DJ Hussey,AS Yadav,0,0,0,0,0,0,0,0,0,"","",""
335986,2008,2008-04-20,Eden Gardens,Kolkata,1,13,6,Deccan Chargers,Kolkata Knight Riders,A Symonds,DJ Hussey,AS Yadav,0,0,0,0,0,0,0,0,0,"","",""
335986,2008,2008-04-20,Eden Gardens,Kolkata,1,14,1,Deccan Chargers,Kolkata Knight Riders,AS Yadav,Mohammad Hafeez,A Symonds,0,0,0,0,0,0,0,0,0,"","",""
335986,2008,2008-04-20,Eden Gardens,Kolkata,1,14,2,Deccan Chargers,Kolkata Knight Riders,AS Yadav,Mohammad Hafeez,A Symonds,0,1,1,0,0,0,1,0,0,"","",""
335986,2008,2008-04-20,Eden Gardens,Kolkata,1,14,3,Deccan Chargers,Kolkata Knight Riders,A Symonds,Mohammad Hafeez,AS Yadav,0,0,0,0,0,0,0,0,0,"","",""
335986,2008,2008-04-20,Eden Gardens,Kolkata,1,14,4,Deccan Chargers,Kolkata Knight Riders,A Symonds,Mohammad Hafeez,AS Yadav,0,0,0,0,0,0,0,0,0,"","",""
335986,2008,2008-04-20,Eden Gardens,Kolkata,1,14,5,Deccan Chargers,Kolkata Knight Riders,A Symonds,Mohammad Hafeez,AS Yadav,1,0,1,0,0,0,0,0,0,"","",""
335986,2008,2008-04-20,Eden Gardens,Kolkata,1,14,6,Deccan Chargers,Kolkata Knight Riders,AS Yadav,Mohammad Hafeez,A Symonds,1,0,1,0,0,0,0,0,0,"","",""
335986,2008,2008-04-20,Eden Gardens,Kolkata,1,15,1,Deccan Chargers,Kolkata Knight Riders,AS Yadav,DJ Hussey,A Symonds,6,0,6,0,0,0,0,0,0,"","",""
335986,2008,2008-04-20,Eden Gardens,Kolkata,1,15,2,Deccan Chargers,Kolkata Knight Riders,AS Yadav,DJ Hussey,A Symonds,0,0,0,0,0,0,0,0,0,"","",""
335986,2008,2008-04-20,Eden Gardens,Kolkata,1,15,3,Deccan Chargers,Kolkata Knight Riders,AS Yadav,DJ Hussey,A Symonds,0,0,0,0,0,0,0,0,1,AS Yadav,caught,AB Dinda
335986,2008,2008-04-20,Eden Gardens,Kolkata,1,15,4,Deccan Chargers,Kolkata Knight Riders,A Symonds,DJ Hussey,SB Bangar,1,0,1,0,0,0,0,0,0,"","",""
335986,2008,2008-04-20,Eden Gardens,Kolkata,1,15,5,Deccan Chargers,Kolkata Knight Riders,SB Bangar,DJ Hussey,A Symonds,1,0,1,0,0,0,0,0,0,"","",""
335986,2008,2008-04-20,Eden Gardens,Kolkata,1,15,6,Deccan Chargers,Kolkata Knight Riders,A Symonds,DJ Hussey,SB Bangar,4,0,4,0,0,0,0,0,0,"","",""
335986,2008,2008-04-20,Eden Gardens,Kolkata,1,16,1,Deccan Chargers,Kolkata Knight Riders,SB Bangar,I Sharma,A Symonds,0,0,0,0,0,0,0,0,0,"","",""
335986,2008,2008-04-20,Eden Gardens,Kolkata,1,16,2,Deccan Chargers,Kolkata Knight Riders,SB Bangar,I Sharma,A Symonds,1,0,1,0,0,0,0,0,0,"","",""
335986,2008,2008-04-20,Eden Gardens,Kolkata,1,16,3,Deccan Chargers,Kolkata Knight Riders,A Symonds,I Sharma,SB Bangar,0,0,0,0,0,0,0,0,0,"","",""
335986,2008,2008-04-20,Eden Gardens,Kolkata,1,16,4,Deccan Chargers,Kolkata Knight Riders,A Symonds,I Sharma,SB Bangar,0,0,0,0,0,0,0,0,0,"","",""
335986,2008,2008-04-20,Eden Gardens,Kolkata,1,16,5,Deccan Chargers,Kolkata Knight Riders,A Symonds,I Sharma,SB Bangar,0,1,1,1,0,0,0,0,0,"","",""
335986,2008,2008-04-20,Eden Gardens,Kolkata,1,16,6,Deccan Chargers,Kolkata Knight Riders,A Symonds,I Sharma,SB Bangar,2,0,2,0,0,0,0,0,0,"","",""
335986,2008,2008-04-20,Eden Gardens,Kolkata,1,16,7,Deccan Chargers,Kolkata Knight Riders,A Symonds,I Sharma,SB Bangar,1,0,1,0,0,0,0,0,0,"","",""
335986,2008,2008-04-20,Eden Gardens,Kolkata,1,17,1,Deccan Chargers,Kolkata Knight Riders,A Symonds,DJ Hussey,SB Bangar,0,0,0,0,0,0,0,0,0,"","",""
335986,2008,2008-04-20,Eden Gardens,Kolkata,1,17,2,Deccan Chargers,Kolkata Knight Riders,A Symonds,DJ Hussey,SB Bangar,0,1,1,1,0,0,0,0,0,"","",""
335986,2008,2008-04-20,Eden Gardens,Kolkata,1,17,3,Deccan Chargers,Kolkata Knight Riders,A Symonds,DJ Hussey,SB Bangar,6,0,6,0,0,0,0,0,0,"","",""
335986,2008,2008-04-20,Eden Gardens,Kolkata,1,17,4,Deccan Chargers,Kolkata Knight Riders,A Symonds,DJ Hussey,SB Bangar,6,0,6,0,0,0,0,0,0,"","",""
335986,2008,2008-04-20,Eden Gardens,Kolkata,1,17,5,Deccan Chargers,Kolkata Knight Riders,A Symonds,DJ Hussey,SB Bangar,1,0,1,0,0,0,0,0,0,"","",""
335986,2008,2008-04-20,Eden Gardens,Kolkata,1,17,6,Deccan Chargers,Kolkata Knight Riders,SB Bangar,DJ Hussey,A Symonds,6,0,6,0,0,0,0,0,0,"","",""
335986,2008,2008-04-20,Eden Gardens,Kolkata,1,17,7,Deccan Chargers,Kolkata Knight Riders,SB Bangar,DJ Hussey,A Symonds,0,0,0,0,0,0,0,0,0,"","",""
335986,2008,2008-04-20,Eden Gardens,Kolkata,1,18,1,Deccan Chargers,Kolkata Knight Riders,A Symonds,AB Agarkar,SB Bangar,1,0,1,0,0,0,0,0,0,"","",""
335986,2008,2008-04-20,Eden Gardens,Kolkata,1,18,2,Deccan Chargers,Kolkata Knight Riders,SB Bangar,AB Agarkar,A Symonds,0,0,0,0,0,0,0,0,0,"","",""
335986,2008,2008-04-20,Eden Gardens,Kolkata,1,18,3,Deccan Chargers,Kolkata Knight Riders,SB Bangar,AB Agarkar,A Symonds,1,0,1,0,0,0,0,0,0,"","",""
335986,2008,2008-04-20,Eden Gardens,Kolkata,1,18,4,Deccan Chargers,Kolkata Knight Riders,A Symonds,AB Agarkar,SB Bangar,0,0,0,0,0,0,0,0,1,A Symonds,caught,DJ Hussey
335986,2008,2008-04-20,Eden Gardens,Kolkata,1,18,5,Deccan Chargers,Kolkata Knight Riders,SB Bangar,AB Agarkar,WPUJC Vaas,1,0,1,0,0,0,0,0,0,"","",""
335986,2008,2008-04-20,Eden Gardens,Kolkata,1,18,6,Deccan Chargers,Kolkata Knight Riders,WPUJC Vaas,AB Agarkar,SB Bangar,0,0,0,0,0,0,0,0,1,WPUJC Vaas,caught,SC Ganguly
335986,2008,2008-04-20,Eden Gardens,Kolkata,1,19,1,Deccan Chargers,Kolkata Knight Riders,RP Singh,M Kartik,SB Bangar,1,0,1,0,0,0,0,0,0,"","",""
335986,2008,2008-04-20,Eden Gardens,Kolkata,1,19,2,Deccan Chargers,Kolkata Knight Riders,SB Bangar,M Kartik,RP Singh,4,0,4,0,0,0,0,0,0,"","",""
335986,2008,2008-04-20,Eden Gardens,Kolkata,1,19,3,Deccan Chargers,Kolkata Knight Riders,SB Bangar,M Kartik,RP Singh,0,0,0,0,0,0,0,0,1,SB Bangar,caught,WP Saha
335986,2008,2008-04-20,Eden Gardens,Kolkata,1,19,4,Deccan Chargers,Kolkata Knight Riders,RP Singh,M Kartik,PP Ojha,0,0,0,0,0,0,0,0,1,PP Ojha,run out,Mohammad Hafeez
335986,2008,2008-04-20,Eden Gardens,Kolkata,2,1,1,Kolkata Knight Riders,Deccan Chargers,WP Saha,WPUJC Vaas,BB McCullum,1,0,1,0,0,0,0,0,0,"","",""
335986,2008,2008-04-20,Eden Gardens,Kolkata,2,1,2,Kolkata Knight Riders,Deccan Chargers,BB McCullum,WPUJC Vaas,WP Saha,4,0,4,0,0,0,0,0,0,"","",""
335986,2008,2008-04-20,Eden Gardens,Kolkata,2,1,3,Kolkata Knight Riders,Deccan Chargers,BB McCullum,WPUJC Vaas,WP Saha,0,0,0,0,0,0,0,0,0,"","",""
335986,2008,2008-04-20,Eden Gardens,Kolkata,2,1,4,Kolkata Knight Riders,Deccan Chargers,BB McCullum,WPUJC Vaas,WP Saha,1,0,1,0,0,0,0,0,0,"","",""
335986,2008,2008-04-20,Eden Gardens,Kolkata,2,1,5,Kolkata Knight Riders,Deccan Chargers,WP Saha,WPUJC Vaas,BB McCullum,0,0,0,0,0,0,0,0,0,"","",""
335986,2008,2008-04-20,Eden Gardens,Kolkata,2,1,6,Kolkata Knight Riders,Deccan Chargers,WP Saha,WPUJC Vaas,BB McCullum,0,0,0,0,0,0,0,0,0,"","",""
335986,2008,2008-04-20,Eden Gardens,Kolkata,2,2,1,Kolkata Knight Riders,Deccan Chargers,BB McCullum,RP Singh,WP Saha,0,0,0,0,0,0,0,0,0,"","",""
335986,2008,2008-04-20,Eden Gardens,Kolkata,2,2,2,Kolkata Knight Riders,Deccan Chargers,BB McCullum,RP Singh,WP Saha,0,0,0,0,0,0,0,0,1,BB McCullum,caught,RG Sharma
335986,2008,2008-04-20,Eden Gardens,Kolkata,2,2,3,Kolkata Knight Riders,Deccan Chargers,WP Saha,RP Singh,RT Ponting,0,0,0,0,0,0,0,0,0,"","",""
335986,2008,2008-04-20,Eden Gardens,Kolkata,2,2,4,Kolkata Knight Riders,Deccan Chargers,WP Saha,RP Singh,RT Ponting,2,0,2,0,0,0,0,0,0,"","",""
335986,2008,2008-04-20,Eden Gardens,Kolkata,2,2,5,Kolkata Knight Riders,Deccan Chargers,WP Saha,RP Singh,RT Ponting,0,4,4,0,0,0,4,0,0,"","",""
335986,2008,2008-04-20,Eden Gardens,Kolkata,2,2,6,Kolkata Knight Riders,Deccan Chargers,WP Saha,RP Singh,RT Ponting,4,0,4,0,0,0,0,0,0,"","",""
335986,2008,2008-04-20,Eden Gardens,Kolkata,2,3,1,Kolkata Knight Riders,Deccan Chargers,RT Ponting,WPUJC Vaas,WP Saha,0,0,0,0,0,0,0,0,1,RT Ponting,lbw,""
335986,2008,2008-04-20,Eden Gardens,Kolkata,2,3,2,Kolkata Knight Riders,Deccan Chargers,SC Ganguly,WPUJC Vaas,WP Saha,0,0,0,0,0,0,0,0,0,"","",""
335986,2008,2008-04-20,Eden Gardens,Kolkata,2,3,3,Kolkata Knight Riders,Deccan Chargers,SC Ganguly,WPUJC Vaas,WP Saha,0,1,1,0,0,0,1,0,0,"","",""
335986,2008,2008-04-20,Eden Gardens,Kolkata,2,3,4,Kolkata Knight Riders,Deccan Chargers,WP Saha,WPUJC Vaas,SC Ganguly,0,0,0,0,0,0,0,0,0,"","",""
335986,2008,2008-04-20,Eden Gardens,Kolkata,2,3,5,Kolkata Knight Riders,Deccan Chargers,WP Saha,WPUJC Vaas,SC Ganguly,0,0,0,0,0,0,0,0,0,"","",""
335986,2008,2008-04-20,Eden Gardens,Kolkata,2,3,6,Kolkata Knight Riders,Deccan Chargers,WP Saha,WPUJC Vaas,SC Ganguly,1,0,1,0,0,0,0,0,0,"","",""
335986,2008,2008-04-20,Eden Gardens,Kolkata,2,4,1,Kolkata Knight Riders,Deccan Chargers,WP Saha,RP Singh,SC Ganguly,0,0,0,0,0,0,0,0,0,"","",""
335986,2008,2008-04-20,Eden Gardens,Kolkata,2,4,2,Kolkata Knight Riders,Deccan Chargers,WP Saha,RP Singh,SC Ganguly,0,0,0,0,0,0,0,0,0,"","",""
335986,2008,2008-04-20,Eden Gardens,Kolkata,2,4,3,Kolkata Knight Riders,Deccan Chargers,WP Saha,RP Singh,SC Ganguly,1,0,1,0,0,0,0,0,0,"","",""
335986,2008,2008-04-20,Eden Gardens,Kolkata,2,4,4,Kolkata Knight Riders,Deccan Chargers,SC Ganguly,RP Singh,WP Saha,1,0,1,0,0,0,0,0,0,"","",""
335986,2008,2008-04-20,Eden Gardens,Kolkata,2,4,5,Kolkata Knight Riders,Deccan Chargers,WP Saha,RP Singh,SC Ganguly,0,0,0,0,0,0,0,0,0,"","",""
335986,2008,2008-04-20,Eden Gardens,Kolkata,2,4,6,Kolkata Knight Riders,Deccan Chargers,WP Saha,RP Singh,SC Ganguly,1,0,1,0,0,0,0,0,0,"","",""
335986,2008,2008-04-20,Eden Gardens,Kolkata,2,5,1,Kolkata Knight Riders,Deccan Chargers,WP Saha,WPUJC Vaas,SC Ganguly,0,0,0,0,0,0,0,0,0,"","",""
335986,2008,2008-04-20,Eden Gardens,Kolkata,2,5,2,Kolkata Knight Riders,Deccan Chargers,WP Saha,WPUJC Vaas,SC Ganguly,0,0,0,0,0,0,0,0,1,WP Saha,caught,SB Styris
335986,2008,2008-04-20,Eden Gardens,Kolkata,2,5,3,Kolkata Knight Riders,Deccan Chargers,DJ Hussey,WPUJC Vaas,SC Ganguly,0,0,0,0,0,0,0,0,0,"","",""
335986,2008,2008-04-20,Eden Gardens,Kolkata,2,5,4,Kolkata Knight Riders,Deccan Chargers,DJ Hussey,WPUJC Vaas,SC Ganguly,1,0,1,0,0,0,0,0,0,"","",""
335986,2008,2008-04-20,Eden Gardens,Kolkata,2,5,5,Kolkata Knight Riders,Deccan Chargers,SC Ganguly,WPUJC Vaas,DJ Hussey,0,0,0,0,0,0,0,0,0,"","",""
335986,2008,2008-04-20,Eden Gardens,Kolkata,2,5,6,Kolkata Knight Riders,Deccan Chargers,SC Ganguly,WPUJC Vaas,DJ Hussey,1,0,1,0,0,0,0,0,0,"","",""
335986,2008,2008-04-20,Eden Gardens,Kolkata,2,6,1,Kolkata Knight Riders,Deccan Chargers,SC Ganguly,SB Styris,DJ Hussey,1,0,1,0,0,0,0,0,0,"","",""
335986,2008,2008-04-20,Eden Gardens,Kolkata,2,6,2,Kolkata Knight Riders,Deccan Chargers,DJ Hussey,SB Styris,SC Ganguly,0,0,0,0,0,0,0,0,0,"","",""
335986,2008,2008-04-20,Eden Gardens,Kolkata,2,6,3,Kolkata Knight Riders,Deccan Chargers,DJ Hussey,SB Styris,SC Ganguly,0,0,0,0,0,0,0,0,0,"","",""
335986,2008,2008-04-20,Eden Gardens,Kolkata,2,6,4,Kolkata Knight Riders,Deccan Chargers,DJ Hussey,SB Styris,SC Ganguly,0,0,0,0,0,0,0,0,0,"","",""
335986,2008,2008-04-20,Eden Gardens,Kolkata,2,6,5,Kolkata Knight Riders,Deccan Chargers,DJ Hussey,SB Styris,SC Ganguly,1,0,1,0,0,0,0,0,0,"","",""
335986,2008,2008-04-20,Eden Gardens,Kolkata,2,6,6,Kolkata Knight Riders,Deccan Chargers,SC Ganguly,SB Styris,DJ Hussey,1,0,1,0,0,0,0,0,0,"","",""
335986,2008,2008-04-20,Eden Gardens,Kolkata,2,7,1,Kolkata Knight Riders,Deccan Chargers,SC Ganguly,SB Bangar,DJ Hussey,0,0,0,0,0,0,0,0,0,"","",""
335986,2008,2008-04-20,Eden Gardens,Kolkata,2,7,2,Kolkata Knight Riders,Deccan Chargers,SC Ganguly,SB Bangar,DJ Hussey,0,0,0,0,0,0,0,0,0,"","",""
335986,2008,2008-04-20,Eden Gardens,Kolkata,2,7,3,Kolkata Knight Riders,Deccan Chargers,SC Ganguly,SB Bangar,DJ Hussey,0,0,0,0,0,0,0,0,0,"","",""
335986,2008,2008-04-20,Eden Gardens,Kolkata,2,7,4,Kolkata Knight Riders,Deccan Chargers,SC Ganguly,SB Bangar,DJ Hussey,0,5,5,5,0,0,0,0,0,"","",""
335986,2008,2008-04-20,Eden Gardens,Kolkata,2,7,5,Kolkata Knight Riders,Deccan Chargers,SC Ganguly,SB Bangar,DJ Hussey,0,0,0,0,0,0,0,0,0,"","",""
335986,2008,2008-04-20,Eden Gardens,Kolkata,2,7,6,Kolkata Knight Riders,Deccan Chargers,SC Ganguly,SB Bangar,DJ Hussey,1,0,1,0,0,0,0,0,0,"","",""
335986,2008,2008-04-20,Eden Gardens,Kolkata,2,7,7,Kolkata Knight Riders,Deccan Chargers,DJ Hussey,SB Bangar,SC Ganguly,1,0,1,0,0,0,0,0,0,"","",""
335986,2008,2008-04-20,Eden Gardens,Kolkata,2,8,1,Kolkata Knight Riders,Deccan Chargers,DJ Hussey,SB Styris,SC Ganguly,0,0,0,0,0,0,0,0,0,"","",""
335986,2008,2008-04-20,Eden Gardens,Kolkata,2,8,2,Kolkata Knight Riders,Deccan Chargers,DJ Hussey,SB Styris,SC Ganguly,1,0,1,0,0,0,0,0,0,"","",""
335986,2008,2008-04-20,Eden Gardens,Kolkata,2,8,3,Kolkata Knight Riders,Deccan Chargers,SC Ganguly,SB Styris,DJ Hussey,0,0,0,0,0,0,0,0,0,"","",""
335986,2008,2008-04-20,Eden Gardens,Kolkata,2,8,4,Kolkata Knight Riders,Deccan Chargers,SC Ganguly,SB Styris,DJ Hussey,0,0,0,0,0,0,0,0,0,"","",""
335986,2008,2008-04-20,Eden Gardens,Kolkata,2,8,5,Kolkata Knight Riders,Deccan Chargers,SC Ganguly,SB Styris,DJ Hussey,0,0,0,0,0,0,0,0,0,"","",""
335986,2008,2008-04-20,Eden Gardens,Kolkata,2,8,6,Kolkata Knight Riders,Deccan Chargers,SC Ganguly,SB Styris,DJ Hussey,0,0,0,0,0,0,0,0,0,"","",""
335986,2008,2008-04-20,Eden Gardens,Kolkata,2,9,1,Kolkata Knight Riders,Deccan Chargers,DJ Hussey,SB Bangar,SC Ganguly,0,0,0,0,0,0,0,0,0,"","",""
335986,2008,2008-04-20,Eden Gardens,Kolkata,2,9,2,Kolkata Knight Riders,Deccan Chargers,DJ Hussey,SB Bangar,SC Ganguly,0,0,0,0,0,0,0,0,0,"","",""
335986,2008,2008-04-20,Eden Gardens,Kolkata,2,9,3,Kolkata Knight Riders,Deccan Chargers,DJ Hussey,SB Bangar,SC Ganguly,0,0,0,0,0,0,0,0,0,"","",""
335986,2008,2008-04-20,Eden Gardens,Kolkata,2,9,4,Kolkata Knight Riders,Deccan Chargers,DJ Hussey,SB Bangar,SC Ganguly,0,1,1,1,0,0,0,0,0,"","",""
335986,2008,2008-04-20,Eden Gardens,Kolkata,2,9,5,Kolkata Knight Riders,Deccan Chargers,DJ Hussey,SB Bangar,SC Ganguly,0,0,0,0,0,0,0,0,0,"","",""
335986,2008,2008-04-20,Eden Gardens,Kolkata,2,9,6,Kolkata Knight Riders,Deccan Chargers,DJ Hussey,SB Bangar,SC Ganguly,0,0,0,0,0,0,0,0,0,"","",""
335986,2008,2008-04-20,Eden Gardens,Kolkata,2,9,7,Kolkata Knight Riders,Deccan Chargers,DJ Hussey,SB Bangar,SC Ganguly,0,0,0,0,0,0,0,0,0,"","",""
335986,2008,2008-04-20,Eden Gardens,Kolkata,2,10,1,Kolkata Knight Riders,Deccan Chargers,SC Ganguly,SB Styris,DJ Hussey,2,0,2,0,0,0,0,0,0,"","",""
335986,2008,2008-04-20,Eden Gardens,Kolkata,2,10,2,Kolkata Knight Riders,Deccan Chargers,SC Ganguly,SB Styris,DJ Hussey,0,0,0,0,0,0,0,0,0,"","",""
335986,2008,2008-04-20,Eden Gardens,Kolkata,2,10,3,Kolkata Knight Riders,Deccan Chargers,SC Ganguly,SB Styris,DJ Hussey,0,1,1,1,0,0,0,0,0,"","",""
335986,2008,2008-04-20,Eden Gardens,Kolkata,2,10,4,Kolkata Knight Riders,Deccan Chargers,SC Ganguly,SB Styris,DJ Hussey,0,0,0,0,0,0,0,0,0,"","",""
335986,2008,2008-04-20,Eden Gardens,Kolkata,2,10,5,Kolkata Knight Riders,Deccan Chargers,SC Ganguly,SB Styris,DJ Hussey,0,0,0,0,0,0,0,0,0,"","",""
335986,2008,2008-04-20,Eden Gardens,Kolkata,2,10,6,Kolkata Knight Riders,Deccan Chargers,SC Ganguly,SB Styris,DJ Hussey,0,0,0,0,0,0,0,0,0,"","",""
335986,2008,2008-04-20,Eden Gardens,Kolkata,2,10,7,Kolkata Knight Riders,Deccan Chargers,SC Ganguly,SB Styris,DJ Hussey,0,0,0,0,0,0,0,0,0,"","",""
335986,2008,2008-04-20,Eden Gardens,Kolkata,2,11,1,Kolkata Knight Riders,Deccan Chargers,DJ Hussey,SB Bangar,SC Ganguly,0,0,0,0,0,0,0,0,0,"","",""
335986,2008,2008-04-20,Eden Gardens,Kolkata,2,11,2,Kolkata Knight Riders,Deccan Chargers,DJ Hussey,SB Bangar,SC Ganguly,0,0,0,0,0,0,0,0,0,"","",""
335986,2008,2008-04-20,Eden Gardens,Kolkata,2,11,3,Kolkata Knight Riders,Deccan Chargers,DJ Hussey,SB Bangar,SC Ganguly,6,0,6,0,0,0,0,0,0,"","",""
335986,2008,2008-04-20,Eden Gardens,Kolkata,2,11,4,Kolkata Knight Riders,Deccan Chargers,DJ Hussey,SB Bangar,SC Ganguly,0,0,0,0,0,0,0,0,0,"","",""
335986,2008,2008-04-20,Eden Gardens,Kolkata,2,11,5,Kolkata Knight Riders,Deccan Chargers,DJ Hussey,SB Bangar,SC Ganguly,1,0,1,0,0,0,0,0,0,"","",""
335986,2008,2008-04-20,Eden Gardens,Kolkata,2,11,6,Kolkata Knight Riders,Deccan Chargers,SC Ganguly,SB Bangar,DJ Hussey,4,0,4,0,0,0,0,0,0,"","",""
335986,2008,2008-04-20,Eden Gardens,Kolkata,2,12,1,Kolkata Knight Riders,Deccan Chargers,DJ Hussey,A Symonds,SC Ganguly,0,0,0,0,0,0,0,0,0,"","",""
335986,2008,2008-04-20,Eden Gardens,Kolkata,2,12,2,Kolkata Knight Riders,Deccan Chargers,DJ Hussey,A Symonds,SC Ganguly,0,4,4,0,0,4,0,0,0,"","",""
335986,2008,2008-04-20,Eden Gardens,Kolkata,2,12,3,Kolkata Knight Riders,Deccan Chargers,DJ Hussey,A Symonds,SC Ganguly,1,0,1,0,0,0,0,0,0,"","",""
335986,2008,2008-04-20,Eden Gardens,Kolkata,2,12,4,Kolkata Knight Riders,Deccan Chargers,SC Ganguly,A Symonds,DJ Hussey,0,1,1,1,0,0,0,0,0,"","",""
335986,2008,2008-04-20,Eden Gardens,Kolkata,2,12,5,Kolkata Knight Riders,Deccan Chargers,SC Ganguly,A Symonds,DJ Hussey,0,5,5,5,0,0,0,0,0,"","",""
335986,2008,2008-04-20,Eden Gardens,Kolkata,2,12,6,Kolkata Knight Riders,Deccan Chargers,SC Ganguly,A Symonds,DJ Hussey,1,0,1,0,0,0,0,0,0,"","",""
335986,2008,2008-04-20,Eden Gardens,Kolkata,2,12,7,Kolkata Knight Riders,Deccan Chargers,DJ Hussey,A Symonds,SC Ganguly,1,0,1,0,0,0,0,0,0,"","",""
335986,2008,2008-04-20,Eden Gardens,Kolkata,2,12,8,Kolkata Knight Riders,Deccan Chargers,SC Ganguly,A Symonds,DJ Hussey,0,1,1,0,1,0,0,0,0,"","",""
335986,2008,2008-04-20,Eden Gardens,Kolkata,2,12,9,Kolkata Knight Riders,Deccan Chargers,SC Ganguly,A Symonds,DJ Hussey,1,0,1,0,0,0,0,0,0,"","",""
335986,2008,2008-04-20,Eden Gardens,Kolkata,2,13,1,Kolkata Knight Riders,Deccan Chargers,SC Ganguly,PP Ojha,DJ Hussey,0,1,1,1,0,0,0,0,0,"","",""
335986,2008,2008-04-20,Eden Gardens,Kolkata,2,13,2,Kolkata Knight Riders,Deccan Chargers,SC Ganguly,PP Ojha,DJ Hussey,0,0,0,0,0,0,0,0,0,"","",""
335986,2008,2008-04-20,Eden Gardens,Kolkata,2,13,3,Kolkata Knight Riders,Deccan Chargers,SC Ganguly,PP Ojha,DJ Hussey,0,0,0,0,0,0,0,0,0,"","",""
335986,2008,2008-04-20,Eden Gardens,Kolkata,2,13,4,Kolkata Knight Riders,Deccan Chargers,SC Ganguly,PP Ojha,DJ Hussey,1,0,1,0,0,0,0,0,0,"","",""
335986,2008,2008-04-20,Eden Gardens,Kolkata,2,13,5,Kolkata Knight Riders,Deccan Chargers,DJ Hussey,PP Ojha,SC Ganguly,0,1,1,1,0,0,0,0,0,"","",""
335986,2008,2008-04-20,Eden Gardens,Kolkata,2,13,6,Kolkata Knight Riders,Deccan Chargers,DJ Hussey,PP Ojha,SC Ganguly,0,0,0,0,0,0,0,0,0,"","",""
335986,2008,2008-04-20,Eden Gardens,Kolkata,2,13,7,Kolkata Knight Riders,Deccan Chargers,DJ Hussey,PP Ojha,SC Ganguly,1,0,1,0,0,0,0,0,0,"","",""
335986,2008,2008-04-20,Eden Gardens,Kolkata,2,13,8,Kolkata Knight Riders,Deccan Chargers,SC Ganguly,PP Ojha,DJ Hussey,0,0,0,0,0,0,0,0,1,SC Ganguly,bowled,""
335986,2008,2008-04-20,Eden Gardens,Kolkata,2,14,1,Kolkata Knight Riders,Deccan Chargers,DJ Hussey,A Symonds,Mohammad Hafeez,1,0,1,0,0,0,0,0,0,"","",""
335986,2008,2008-04-20,Eden Gardens,Kolkata,2,14,2,Kolkata Knight Riders,Deccan Chargers,Mohammad Hafeez,A Symonds,DJ Hussey,0,0,0,0,0,0,0,0,0,"","",""
335986,2008,2008-04-20,Eden Gardens,Kolkata,2,14,3,Kolkata Knight Riders,Deccan Chargers,Mohammad Hafeez,A Symonds,DJ Hussey,0,0,0,0,0,0,0,0,0,"","",""
335986,2008,2008-04-20,Eden Gardens,Kolkata,2,14,4,Kolkata Knight Riders,Deccan Chargers,Mohammad Hafeez,A Symonds,DJ Hussey,1,0,1,0,0,0,0,0,0,"","",""
335986,2008,2008-04-20,Eden Gardens,Kolkata,2,14,5,Kolkata Knight Riders,Deccan Chargers,DJ Hussey,A Symonds,Mohammad Hafeez,1,0,1,0,0,0,0,0,0,"","",""
335986,2008,2008-04-20,Eden Gardens,Kolkata,2,14,6,Kolkata Knight Riders,Deccan Chargers,Mohammad Hafeez,A Symonds,DJ Hussey,6,0,6,0,0,0,0,0,0,"","",""
335986,2008,2008-04-20,Eden Gardens,Kolkata,2,15,1,Kolkata Knight Riders,Deccan Chargers,DJ Hussey,PP Ojha,Mohammad Hafeez,1,0,1,0,0,0,0,0,0,"","",""
335986,2008,2008-04-20,Eden Gardens,Kolkata,2,15,2,Kolkata Knight Riders,Deccan Chargers,Mohammad Hafeez,PP Ojha,DJ Hussey,0,0,0,0,0,0,0,0,0,"","",""
335986,2008,2008-04-20,Eden Gardens,Kolkata,2,15,3,Kolkata Knight Riders,Deccan Chargers,Mohammad Hafeez,PP Ojha,DJ Hussey,1,0,1,0,0,0,0,0,0,"","",""
335986,2008,2008-04-20,Eden Gardens,Kolkata,2,15,4,Kolkata Knight Riders,Deccan Chargers,DJ Hussey,PP Ojha,Mohammad Hafeez,1,0,1,0,0,0,0,0,0,"","",""
335986,2008,2008-04-20,Eden Gardens,Kolkata,2,15,5,Kolkata Knight Riders,Deccan Chargers,Mohammad Hafeez,PP Ojha,DJ Hussey,0,1,1,0,0,0,1,0,0,"","",""
335986,2008,2008-04-20,Eden Gardens,Kolkata,2,15,6,Kolkata Knight Riders,Deccan Chargers,DJ Hussey,PP Ojha,Mohammad Hafeez,0,0,0,0,0,0,0,0,0,"","",""
335986,2008,2008-04-20,Eden Gardens,Kolkata,2,16,1,Kolkata Knight Riders,Deccan Chargers,Mohammad Hafeez,RP Singh,DJ Hussey,0,0,0,0,0,0,0,0,0,"","",""
335986,2008,2008-04-20,Eden Gardens,Kolkata,2,16,2,Kolkata Knight Riders,Deccan Chargers,Mohammad Hafeez,RP Singh,DJ Hussey,1,0,1,0,0,0,0,0,0,"","",""
335986,2008,2008-04-20,Eden Gardens,Kolkata,2,16,3,Kolkata Knight Riders,Deccan Chargers,DJ Hussey,RP Singh,Mohammad Hafeez,1,0,1,0,0,0,0,0,0,"","",""
335986,2008,2008-04-20,Eden Gardens,Kolkata,2,16,4,Kolkata Knight Riders,Deccan Chargers,Mohammad Hafeez,RP Singh,DJ Hussey,0,0,0,0,0,0,0,0,0,"","",""
335986,2008,2008-04-20,Eden Gardens,Kolkata,2,16,5,Kolkata Knight Riders,Deccan Chargers,Mohammad Hafeez,RP Singh,DJ Hussey,0,0,0,0,0,0,0,0,0,"","",""
335986,2008,2008-04-20,Eden Gardens,Kolkata,2,16,6,Kolkata Knight Riders,Deccan Chargers,Mohammad Hafeez,RP Singh,DJ Hussey,4,0,4,0,0,0,0,0,0,"","",""
335986,2008,2008-04-20,Eden Gardens,Kolkata,2,17,1,Kolkata Knight Riders,Deccan Chargers,DJ Hussey,PP Ojha,Mohammad Hafeez,0,0,0,0,0,0,0,0,0,"","",""
335986,2008,2008-04-20,Eden Gardens,Kolkata,2,17,2,Kolkata Knight Riders,Deccan Chargers,DJ Hussey,PP Ojha,Mohammad Hafeez,1,0,1,0,0,0,0,0,0,"","",""
335986,2008,2008-04-20,Eden Gardens,Kolkata,2,17,3,Kolkata Knight Riders,Deccan Chargers,Mohammad Hafeez,PP Ojha,DJ Hussey,0,0,0,0,0,0,0,0,1,Mohammad Hafeez,caught,A Symonds
335986,2008,2008-04-20,Eden Gardens,Kolkata,2,17,4,Kolkata Knight Riders,Deccan Chargers,DJ Hussey,PP Ojha,LR Shukla,1,0,1,0,0,0,0,0,0,"","",""
335986,2008,2008-04-20,Eden Gardens,Kolkata,2,17,5,Kolkata Knight Riders,Deccan Chargers,LR Shukla,PP Ojha,DJ Hussey,1,0,1,0,0,0,0,0,0,"","",""
335986,2008,2008-04-20,Eden Gardens,Kolkata,2,17,6,Kolkata Knight Riders,Deccan Chargers,DJ Hussey,PP Ojha,LR Shukla,0,0,0,0,0,0,0,0,0,"","",""
335986,2008,2008-04-20,Eden Gardens,Kolkata,2,18,1,Kolkata Knight Riders,Deccan Chargers,LR Shukla,SB Styris,DJ Hussey,1,0,1,0,0,0,0,0,0,"","",""
335986,2008,2008-04-20,Eden Gardens,Kolkata,2,18,2,Kolkata Knight Riders,Deccan Chargers,DJ Hussey,SB Styris,LR Shukla,1,0,1,0,0,0,0,0,0,"","",""
335986,2008,2008-04-20,Eden Gardens,Kolkata,2,18,3,Kolkata Knight Riders,Deccan Chargers,LR Shukla,SB Styris,DJ Hussey,0,1,1,0,0,0,1,0,0,"","",""
335986,2008,2008-04-20,Eden Gardens,Kolkata,2,18,4,Kolkata Knight Riders,Deccan Chargers,DJ Hussey,SB Styris,LR Shukla,0,0,0,0,0,0,0,0,0,"","",""
335986,2008,2008-04-20,Eden Gardens,Kolkata,2,18,5,Kolkata Knight Riders,Deccan Chargers,DJ Hussey,SB Styris,LR Shukla,6,0,6,0,0,0,0,0,0,"","",""
335986,2008,2008-04-20,Eden Gardens,Kolkata,2,18,6,Kolkata Knight Riders,Deccan Chargers,DJ Hussey,SB Styris,LR Shukla,4,0,4,0,0,0,0,0,0,"","",""
335986,2008,2008-04-20,Eden Gardens,Kolkata,2,19,1,Kolkata Knight Riders,Deccan Chargers,LR Shukla,PP Ojha,DJ Hussey,1,0,1,0,0,0,0,0,0,"","",""
335986,2008,2008-04-20,Eden Gardens,Kolkata,2,19,2,Kolkata Knight Riders,Deccan Chargers,DJ Hussey,PP Ojha,LR Shukla,0,1,1,0,0,0,1,0,0,"","",""
335986,2008,2008-04-20,Eden Gardens,Kolkata,2,19,3,Kolkata Knight Riders,Deccan Chargers,LR Shukla,PP Ojha,DJ Hussey,0,0,0,0,0,0,0,0,0,"","",""
335986,2008,2008-04-20,Eden Gardens,Kolkata,2,19,4,Kolkata Knight Riders,Deccan Chargers,LR Shukla,PP Ojha,DJ Hussey,1,0,1,0,0,0,0,0,0,"","",""
335986,2008,2008-04-20,Eden Gardens,Kolkata,2,19,5,Kolkata Knight Riders,Deccan Chargers,DJ Hussey,PP Ojha,LR Shukla,0,0,0,0,0,0,0,0,0,"","",""
335986,2008,2008-04-20,Eden Gardens,Kolkata,2,19,6,Kolkata Knight Riders,Deccan Chargers,DJ Hussey,PP Ojha,LR Shukla,6,0,6,0,0,0,0,0,0,"","",""
