match_id,season,date,team1,team2,city,venue,toss_winner,toss_decision,winner,win_type,win_margin,result,player_of_match
335982,2008,2008-04-18,Royal Challengers Bengaluru,Kolkata Knight Riders,Bengaluru,M Chinnaswamy Stadium,Royal Challengers Bengaluru,field,Kolkata Knight Riders,runs,140.0,,BB McCullum
335983,2008,2008-04-19,Punjab Kings,Chennai Super Kings,Chandigarh,"Punjab Cricket Association Stadium, Mohali",Chennai Super Kings,bat,Chennai Super Kings,runs,33.0,,MEK Hussey
335984,2008,2008-04-19,Delhi Capitals,Rajasthan Royals,Delhi,Feroz Shah Kotla,Rajasthan Royals,bat,Delhi Capitals,wickets,9.0,,MF Maharoof
335985,2008,2008-04-20,Mumbai Indians,Royal Challengers Bengaluru,Mumbai,Wankhede Stadium,Mumbai Indians,bat,Royal Challengers Bengaluru,wickets,5.0,,MV Boucher
335986,2008,2008-04-20,Kolkata Knight Riders,Deccan Chargers,Kolkata,Eden Gardens,Deccan Chargers,bat,Kolkata Knight Riders,wickets,5.0,,DJ Hussey
335987,2008,2008-04-21,Rajasthan Royals,Punjab Kings,Jaipur,Sawai Mansingh Stadium,Punjab Kings,bat,Rajasthan Royals,wickets,6.0,,SR Watson
335988,2008,2008-04-22,Deccan Chargers,Delhi Capitals,Hyderabad,"Rajiv Gandhi International Stadium, Uppal",Deccan Chargers,bat,Delhi Capitals,wickets,9.0,,V Sehwag
335989,2008,2008-04-23,Chennai Super Kings,Mumbai Indians,Chennai,"MA Chidambaram Stadium, Chepauk",Mumbai Indians,field,Chennai Super Kings,runs,6.0,,ML Hayden
335990,2008,2008-04-24,Deccan Chargers,Rajasthan Royals,Hyderabad,"Rajiv Gandhi International Stadium, Uppal",Rajasthan Royals,field,Rajasthan Royals,wickets,3.0,,YK Pathan
335991,2008,2008-04-25,Punjab Kings,Mumbai Indians,Chandigarh,"Punjab Cricket Association Stadium, Mohali",Mumbai Indians,field,Punjab Kings,runs,66.0,,KC Sangakkara
335992,2008,2008-04-26,Royal Challengers Bengaluru,Rajasthan Royals,Bengaluru,M Chinnaswamy Stadium,Rajasthan Royals,field,Rajasthan Royals,wickets,7.0,,SR Watson
335993,2008,2008-04-26,Chennai Super Kings,Kolkata Knight Riders,Chennai,"MA Chidambaram Stadium, Chepauk",Kolkata Knight Riders,bat,Chennai Super Kings,wickets,9.0,,JDP Oram
335994,2008,2008-04-27,Mumbai Indians,Deccan Chargers,Mumbai,Dr DY Patil Sports Academy,Deccan Chargers,field,Deccan Chargers,wickets,10.0,,AC Gilchrist
335995,2008,2008-04-27,Punjab Kings,Delhi Capitals,Chandigarh,"Punjab Cricket Association Stadium, Mohali",Delhi Capitals,bat,Punjab Kings,wickets,4.0,,SM Katich
335996,2008,2008-04-28,Royal Challengers Bengaluru,Chennai Super Kings,Bengaluru,M Chinnaswamy Stadium,Chennai Super Kings,bat,Chennai Super Kings,runs,13.0,,MS Dhoni
335997,2008,2008-04-29,Kolkata Knight Riders,Mumbai Indians,Kolkata,Eden Gardens,Kolkata Knight Riders,bat,Mumbai Indians,wickets,7.0,,ST Jayasuriya
335998,2008,2008-04-30,Delhi Capitals,Royal Challengers Bengaluru,Delhi,Feroz Shah Kotla,Royal Challengers Bengaluru,field,Delhi Capitals,runs,10.0,,GD McGrath
335999,2008,2008-05-01,Deccan Chargers,Punjab Kings,Hyderabad,"Rajiv Gandhi International Stadium, Uppal",Punjab Kings,field,Punjab Kings,wickets,7.0,,SE Marsh
336000,2008,2008-05-01,Rajasthan Royals,Kolkata Knight Riders,Jaipur,Sawai Mansingh Stadium,Rajasthan Royals,bat,Rajasthan Royals,runs,45.0,,SA Asnodkar
336001,2008,2008-05-02,Chennai Super Kings,Delhi Capitals,Chennai,"MA Chidambaram Stadium, Chepauk",Chennai Super Kings,bat,Delhi Capitals,wickets,8.0,,V Sehwag
336002,2008,2008-05-25,Deccan Chargers,Royal Challengers Bengaluru,Hyderabad,"Rajiv Gandhi International Stadium, Uppal",Deccan Chargers,bat,Royal Challengers Bengaluru,wickets,5.0,,R Vinay Kumar
336003,2008,2008-05-03,Punjab Kings,Kolkata Knight Riders,Chandigarh,"Punjab Cricket Association Stadium, Mohali",Punjab Kings,bat,Punjab Kings,runs,9.0,,IK Pathan
336004,2008,2008-05-04,Mumbai Indians,Delhi Capitals,Mumbai,Dr DY Patil Sports Academy,Delhi Capitals,field,Mumbai Indians,runs,29.0,,SM Pollock
336005,2008,2008-05-04,Rajasthan Royals,Chennai Super Kings,Jaipur,Sawai Mansingh Stadium,Chennai Super Kings,bat,Rajasthan Royals,wickets,8.0,,Sohail Tanvir
336006,2008,2008-05-05,Royal Challengers Bengaluru,Punjab Kings,Bengaluru,M Chinnaswamy Stadium,Punjab Kings,field,Punjab Kings,wickets,6.0,,S Sreesanth
336007,2008,2008-05-06,Chennai Super Kings,Deccan Chargers,Chennai,"MA Chidambaram Stadium, Chepauk",Deccan Chargers,field,Deccan Chargers,wickets,7.0,,AC Gilchrist
336008,2008,2008-05-07,Mumbai Indians,Rajasthan Royals,Mumbai,Dr DY Patil Sports Academy,Mumbai Indians,field,Mumbai Indians,wickets,7.0,,A Nehra
336009,2008,2008-05-08,Delhi Capitals,Chennai Super Kings,Delhi,Feroz Shah Kotla,Chennai Super Kings,field,Chennai Super Kings,wickets,4.0,,MS Dhoni
336010,2008,2008-05-08,Kolkata Knight Riders,Royal Challengers Bengaluru,Kolkata,Eden Gardens,Kolkata Knight Riders,bat,Kolkata Knight Riders,runs,5.0,,SC Ganguly
336011,2008,2008-05-09,Rajasthan Royals,Deccan Chargers,Jaipur,Sawai Mansingh Stadium,Rajasthan Royals,field,Rajasthan Royals,wickets,8.0,,YK Pathan
336012,2008,2008-05-28,Royal Challengers Bengaluru,Mumbai Indians,Bengaluru,M Chinnaswamy Stadium,Mumbai Indians,field,Mumbai Indians,wickets,9.0,,CRD Fernando
336013,2008,2008-05-10,Chennai Super Kings,Punjab Kings,Chennai,"MA Chidambaram Stadium, Chepauk",Punjab Kings,field,Chennai Super Kings,runs,18.0,,L Balaji
336014,2008,2008-05-11,Deccan Chargers,Kolkata Knight Riders,Hyderabad,"Rajiv Gandhi International Stadium, Uppal",Kolkata Knight Riders,bat,Kolkata Knight Riders,runs,23.0,,SC Ganguly
336015,2008,2008-05-11,Rajasthan Royals,Delhi Capitals,Jaipur,Sawai Mansingh Stadium,Rajasthan Royals,field,Rajasthan Royals,wickets,3.0,,SR Watson
336016,2008,2008-05-12,Punjab Kings,Royal Challengers Bengaluru,Chandigarh,"Punjab Cricket Association Stadium, Mohali",Royal Challengers Bengaluru,bat,Punjab Kings,wickets,9.0,,SE Marsh
336017,2008,2008-05-13,Kolkata Knight Riders,Delhi Capitals,Kolkata,Eden Gardens,Kolkata Knight Riders,bat,Kolkata Knight Riders,runs,23.0,,Shoaib Akhtar
336018,2008,2008-05-14,Mumbai Indians,Chennai Super Kings,Mumbai,Wankhede Stadium,Mumbai Indians,field,Mumbai Indians,wickets,9.0,,ST Jayasuriya
336019,2008,2008-05-28,Punjab Kings,Rajasthan Royals,Chandigarh,"Punjab Cricket Association Stadium, Mohali",Rajasthan Royals,field,Punjab Kings,runs,41.0,,SE Marsh
336020,2008,2008-05-15,Delhi Capitals,Deccan Chargers,Delhi,Feroz Shah Kotla,Deccan Chargers,field,Delhi Capitals,runs,12.0,,A Mishra
336021,2008,2008-05-16,Mumbai Indians,Kolkata Knight Riders,Mumbai,Wankhede Stadium,Mumbai Indians,field,Mumbai Indians,wickets,8.0,,SM Pollock
336022,2008,2008-05-17,Delhi Capitals,Punjab Kings,Delhi,Feroz Shah Kotla,Delhi Capitals,bat,Punjab Kings,runs,6.0,,DPMD Jayawardene
336023,2008,2008-05-17,Rajasthan Royals,Royal Challengers Bengaluru,Jaipur,Sawai Mansingh Stadium,Royal Challengers Bengaluru,field,Rajasthan Royals,runs,65.0,,GC Smith
336024,2008,2008-05-18,Deccan Chargers,Mumbai Indians,Hyderabad,"Rajiv Gandhi International Stadium, Uppal",Deccan Chargers,field,Mumbai Indians,runs,25.0,,DJ Bravo
336025,2008,2008-05-18,Kolkata Knight Riders,Chennai Super Kings,Kolkata,Eden Gardens,Kolkata Knight Riders,bat,Chennai Super Kings,runs,3.0,,M Ntini
336026,2008,2008-05-19,Royal Challengers Bengaluru,Delhi Capitals,Bengaluru,M Chinnaswamy Stadium,Delhi Capitals,field,Delhi Capitals,wickets,5.0,,SP Goswami
336027,2008,2008-05-20,Kolkata Knight Riders,Rajasthan Royals,Kolkata,Eden Gardens,Rajasthan Royals,field,Rajasthan Royals,wickets,6.0,,YK Pathan
336028,2008,2008-05-21,Mumbai Indians,Punjab Kings,Mumbai,Wankhede Stadium,Mumbai Indians,field,Punjab Kings,runs,1.0,,SE Marsh
336029,2008,2008-05-21,Chennai Super Kings,Royal Challengers Bengaluru,Chennai,"MA Chidambaram Stadium, Chepauk",Royal Challengers Bengaluru,bat,Royal Challengers Bengaluru,runs,14.0,,A Kumble
336031,2008,2008-05-23,Punjab Kings,Deccan Chargers,Chandigarh,"Punjab Cricket Association Stadium, Mohali",Punjab Kings,field,Punjab Kings,wickets,6.0,,SE Marsh
336032,2008,2008-05-24,Delhi Capitals,Mumbai Indians,Delhi,Feroz Shah Kotla,Delhi Capitals,field,Delhi Capitals,wickets,5.0,,KD Karthik
336033,2008,2008-05-24,Chennai Super Kings,Rajasthan Royals,Chennai,"MA Chidambaram Stadium, Chepauk",Rajasthan Royals,bat,Rajasthan Royals,runs,10.0,,JA Morkel
336034,2008,2008-05-03,Royal Challengers Bengaluru,Deccan Chargers,Bengaluru,M Chinnaswamy Stadium,Deccan Chargers,field,Royal Challengers Bengaluru,runs,3.0,,P Kumar
336035,2008,2008-05-25,Kolkata Knight Riders,Punjab Kings,Kolkata,Eden Gardens,Punjab Kings,bat,Kolkata Knight Riders,wickets,3.0,,Umar Gul
336036,2008,2008-05-26,Rajasthan Royals,Mumbai Indians,Jaipur,Sawai Mansingh Stadium,Rajasthan Royals,field,Rajasthan Royals,wickets,5.0,,Sohail Tanvir
336037,2008,2008-05-27,Deccan Chargers,Chennai Super Kings,Hyderabad,"Rajiv Gandhi International Stadium, Uppal",Deccan Chargers,bat,Chennai Super Kings,wickets,7.0,,SK Raina
336038,2008,2008-05-30,Delhi Capitals,Rajasthan Royals,Mumbai,Wankhede Stadium,Delhi Capitals,field,Rajasthan Royals,runs,105.0,,SR Watson
336039,2008,2008-05-31,Chennai Super Kings,Punjab Kings,Mumbai,Wankhede Stadium,Punjab Kings,bat,Chennai Super Kings,wickets,9.0,,M Ntini
336040,2008,2008-06-01,Chennai Super Kings,Rajasthan Royals,Mumbai,Dr DY Patil Sports Academy,Rajasthan Royals,field,Rajasthan Royals,wickets,3.0,,YK Pathan
392181,2009,2009-04-18,Chennai Super Kings,Mumbai Indians,Cape Town,Newlands,Chennai Super Kings,field,Mumbai Indians,runs,19.0,,SR Tendulkar
392182,2009,2009-04-18,Royal Challengers Bengaluru,Rajasthan Royals,Cape Town,Newlands,Royal Challengers Bengaluru,bat,Royal Challengers Bengaluru,runs,75.0,,R Dravid
392183,2009,2009-04-19,Delhi Capitals,Punjab Kings,Cape Town,Newlands,Delhi Capitals,field,Delhi Capitals,wickets,10.0,,DL Vettori
392184,2009,2009-04-19,Deccan Chargers,Kolkata Knight Riders,Cape Town,Newlands,Kolkata Knight Riders,bat,Deccan Chargers,wickets,8.0,,RP Singh
392185,2009,2009-04-20,Royal Challengers Bengaluru,Chennai Super Kings,Port Elizabeth,St George's Park,Chennai Super Kings,bat,Chennai Super Kings,runs,92.0,,M Muralitharan
392186,2009,2009-04-21,Punjab Kings,Kolkata Knight Riders,Durban,Kingsmead,Kolkata Knight Riders,field,Kolkata Knight Riders,runs,11.0,,CH Gayle
392188,2009,2009-04-22,Royal Challengers Bengaluru,Deccan Chargers,Cape Town,Newlands,Deccan Chargers,bat,Deccan Chargers,runs,24.0,,AC Gilchrist
392189,2009,2009-04-23,Chennai Super Kings,Delhi Capitals,Durban,Kingsmead,Delhi Capitals,bat,Delhi Capitals,runs,9.0,,AB de Villiers
392190,2009,2009-04-23,Kolkata Knight Riders,Rajasthan Royals,Cape Town,Newlands,Kolkata Knight Riders,field,Rajasthan Royals,,,tie,YK Pathan
392191,2009,2009-04-24,Royal Challengers Bengaluru,Punjab Kings,Durban,Kingsmead,Royal Challengers Bengaluru,bat,Punjab Kings,wickets,7.0,,RS Bopara
392192,2009,2009-04-25,Deccan Chargers,Mumbai Indians,Durban,Kingsmead,Deccan Chargers,bat,Deccan Chargers,runs,12.0,,PP Ojha
392194,2009,2009-04-26,Royal Challengers Bengaluru,Delhi Capitals,Port Elizabeth,St George's Park,Royal Challengers Bengaluru,bat,Delhi Capitals,wickets,6.0,,TM Dilshan
392195,2009,2009-04-26,Punjab Kings,Rajasthan Royals,Cape Town,Newlands,Punjab Kings,bat,Punjab Kings,runs,27.0,,KC Sangakkara
392196,2009,2009-04-27,Chennai Super Kings,Deccan Chargers,Durban,Kingsmead,Deccan Chargers,field,Deccan Chargers,wickets,6.0,,HH Gibbs
392197,2009,2009-04-27,Kolkata Knight Riders,Mumbai Indians,Port Elizabeth,St George's Park,Mumbai Indians,bat,Mumbai Indians,runs,92.0,,SR Tendulkar
392198,2009,2009-04-28,Delhi Capitals,Rajasthan Royals,Centurion,SuperSport Park,Delhi Capitals,bat,Rajasthan Royals,wickets,5.0,,YK Pathan
392199,2009,2009-04-29,Royal Challengers Bengaluru,Kolkata Knight Riders,Durban,Kingsmead,Kolkata Knight Riders,bat,Royal Challengers Bengaluru,wickets,5.0,,MV Boucher
392200,2009,2009-04-29,Punjab Kings,Mumbai Indians,Durban,Kingsmead,Punjab Kings,bat,Punjab Kings,runs,3.0,,KC Sangakkara
392201,2009,2009-04-30,Deccan Chargers,Delhi Capitals,Centurion,SuperSport Park,Delhi Capitals,field,Delhi Capitals,wickets,6.0,,DP Nannes
392202,2009,2009-04-30,Chennai Super Kings,Rajasthan Royals,Centurion,SuperSport Park,Rajasthan Royals,field,Chennai Super Kings,runs,38.0,,SK Raina
392203,2009,2009-05-01,Kolkata Knight Riders,Mumbai Indians,East London,Buffalo Park,Mumbai Indians,bat,Mumbai Indians,runs,9.0,,JP Duminy
392204,2009,2009-05-01,Royal Challengers Bengaluru,Punjab Kings,Durban,Kingsmead,Royal Challengers Bengaluru,bat,Royal Challengers Bengaluru,runs,8.0,,Yuvraj Singh
392205,2009,2009-05-02,Deccan Chargers,Rajasthan Royals,Port Elizabeth,St George's Park,Deccan Chargers,bat,Rajasthan Royals,wickets,3.0,,YK Pathan
392206,2009,2009-05-02,Chennai Super Kings,Delhi Capitals,Johannesburg,New Wanderers Stadium,Delhi Capitals,field,Chennai Super Kings,runs,18.0,,SB Jakati
392207,2009,2009-05-03,Punjab Kings,Kolkata Knight Riders,Port Elizabeth,St George's Park,Kolkata Knight Riders,bat,Punjab Kings,wickets,6.0,,DPMD Jayawardene
392208,2009,2009-05-03,Royal Challengers Bengaluru,Mumbai Indians,Johannesburg,New Wanderers Stadium,Mumbai Indians,bat,Royal Challengers Bengaluru,wickets,9.0,,JH Kallis
392209,2009,2009-05-04,Chennai Super Kings,Deccan Chargers,East London,Buffalo Park,Chennai Super Kings,bat,Chennai Super Kings,runs,78.0,,MS Dhoni
392210,2009,2009-05-05,Punjab Kings,Rajasthan Royals,Durban,Kingsmead,Punjab Kings,field,Rajasthan Royals,runs,78.0,,GC Smith
392211,2009,2009-05-05,Delhi Capitals,Kolkata Knight Riders,Durban,Kingsmead,Kolkata Knight Riders,bat,Delhi Capitals,wickets,9.0,,G Gambhir
392212,2009,2009-05-06,Deccan Chargers,Mumbai Indians,Centurion,SuperSport Park,Deccan Chargers,bat,Deccan Chargers,runs,19.0,,RG Sharma
392213,2009,2009-05-07,Royal Challengers Bengaluru,Rajasthan Royals,Centurion,SuperSport Park,Rajasthan Royals,field,Rajasthan Royals,wickets,7.0,,A Singh
392214,2009,2009-05-07,Chennai Super Kings,Punjab Kings,Centurion,SuperSport Park,Chennai Super Kings,bat,Chennai Super Kings,runs,12.0,,ML Hayden
392215,2009,2009-05-08,Delhi Capitals,Mumbai Indians,East London,Buffalo Park,Mumbai Indians,bat,Delhi Capitals,wickets,7.0,,A Nehra
392216,2009,2009-05-09,Deccan Chargers,Punjab Kings,Kimberley,De Beers Diamond Oval,Punjab Kings,field,Punjab Kings,wickets,3.0,,DPMD Jayawardene
392217,2009,2009-05-09,Chennai Super Kings,Rajasthan Royals,Kimberley,De Beers Diamond Oval,Rajasthan Royals,bat,Chennai Super Kings,wickets,7.0,,S Badrinath
392218,2009,2009-05-10,Royal Challengers Bengaluru,Mumbai Indians,Port Elizabeth,St George's Park,Mumbai Indians,bat,Mumbai Indians,runs,16.0,,JP Duminy
392219,2009,2009-05-10,Delhi Capitals,Kolkata Knight Riders,Johannesburg,New Wanderers Stadium,Delhi Capitals,field,Delhi Capitals,wickets,7.0,,A Mishra
392220,2009,2009-05-11,Deccan Chargers,Rajasthan Royals,Kimberley,De Beers Diamond Oval,Deccan Chargers,bat,Deccan Chargers,runs,53.0,,DR Smith
392221,2009,2009-05-12,Royal Challengers Bengaluru,Kolkata Knight Riders,Centurion,SuperSport Park,Royal Challengers Bengaluru,field,Royal Challengers Bengaluru,wickets,6.0,,LRPL Taylor
392222,2009,2009-05-12,Punjab Kings,Mumbai Indians,Centurion,SuperSport Park,Punjab Kings,bat,Mumbai Indians,wickets,8.0,,Harbhajan Singh
392223,2009,2009-05-13,Deccan Chargers,Delhi Capitals,Durban,Kingsmead,Deccan Chargers,field,Delhi Capitals,runs,12.0,,R Bhatia
392224,2009,2009-05-14,Royal Challengers Bengaluru,Chennai Super Kings,Durban,Kingsmead,Chennai Super Kings,bat,Royal Challengers Bengaluru,wickets,2.0,,LRPL Taylor
392225,2009,2009-05-14,Mumbai Indians,Rajasthan Royals,Durban,Kingsmead,Rajasthan Royals,bat,Rajasthan Royals,runs,2.0,,SK Warne
392226,2009,2009-05-15,Delhi Capitals,Punjab Kings,Bloemfontein,OUTsurance Oval,Punjab Kings,field,Punjab Kings,wickets,6.0,,B Lee
392227,2009,2009-05-16,Chennai Super Kings,Mumbai Indians,Port Elizabeth,St George's Park,Mumbai Indians,bat,Chennai Super Kings,wickets,7.0,,ML Hayden
392228,2009,2009-05-16,Deccan Chargers,Kolkata Knight Riders,Johannesburg,New Wanderers Stadium,Deccan Chargers,field,Deccan Chargers,wickets,6.0,,RG Sharma
392229,2009,2009-05-17,Deccan Chargers,Punjab Kings,Johannesburg,New Wanderers Stadium,Deccan Chargers,field,Punjab Kings,runs,1.0,,Yuvraj Singh
392230,2009,2009-05-17,Delhi Capitals,Rajasthan Royals,Bloemfontein,OUTsurance Oval,Delhi Capitals,bat,Delhi Capitals,runs,14.0,,AB de Villiers
392231,2009,2009-05-18,Chennai Super Kings,Kolkata Knight Riders,Centurion,SuperSport Park,Chennai Super Kings,bat,Kolkata Knight Riders,wickets,7.0,,BJ Hodge
392232,2009,2009-05-19,Royal Challengers Bengaluru,Delhi Capitals,Johannesburg,New Wanderers Stadium,Delhi Capitals,bat,Royal Challengers Bengaluru,wickets,7.0,,JH Kallis
392233,2009,2009-05-20,Kolkata Knight Riders,Rajasthan Royals,Durban,Kingsmead,Kolkata Knight Riders,field,Kolkata Knight Riders,wickets,4.0,,LR Shukla
392234,2009,2009-05-20,Chennai Super Kings,Punjab Kings,Durban,Kingsmead,Chennai Super Kings,bat,Chennai Super Kings,runs,24.0,,M Muralitharan
392235,2009,2009-05-21,Delhi Capitals,Mumbai Indians,Centurion,SuperSport Park,Delhi Capitals,field,Delhi Capitals,wickets,4.0,,V Sehwag
392236,2009,2009-05-21,Royal Challengers Bengaluru,Deccan Chargers,Centurion,SuperSport Park,Royal Challengers Bengaluru,bat,Royal Challengers Bengaluru,runs,12.0,,MK Pandey
392237,2009,2009-05-22,Delhi Capitals,Deccan Chargers,Centurion,SuperSport Park,Deccan Chargers,field,Deccan Chargers,wickets,6.0,,AC Gilchrist
392238,2009,2009-05-23,Royal Challengers Bengaluru,Chennai Super Kings,Johannesburg,New Wanderers Stadium,Royal Challengers Bengaluru,field,Royal Challengers Bengaluru,wickets,6.0,,MK Pandey
392239,2009,2009-05-24,Royal Challengers Bengaluru,Deccan Chargers,Johannesburg,New Wanderers Stadium,Royal Challengers Bengaluru,field,Deccan Chargers,runs,6.0,,A Kumble
419106,2010,2010-03-12,Deccan Chargers,Kolkata Knight Riders,Mumbai,Dr DY Patil Sports Academy,Deccan Chargers,field,Kolkata Knight Riders,runs,11.0,,AD Mathews
419107,2010,2010-03-13,Mumbai Indians,Rajasthan Royals,Mumbai,Brabourne Stadium,Mumbai Indians,bat,Mumbai Indians,runs,4.0,,YK Pathan
419108,2010,2010-03-13,Punjab Kings,Delhi Capitals,Chandigarh,"Punjab Cricket Association Stadium, Mohali",Delhi Capitals,field,Delhi Capitals,wickets,5.0,,G Gambhir
419109,2010,2010-03-14,Kolkata Knight Riders,Royal Challengers Bengaluru,Kolkata,Eden Gardens,Kolkata Knight Riders,field,Kolkata Knight Riders,wickets,7.0,,MK Tiwary
419110,2010,2010-03-14,Chennai Super Kings,Deccan Chargers,Chennai,"MA Chidambaram Stadium, Chepauk",Deccan Chargers,bat,Deccan Chargers,runs,31.0,,WPUJC Vaas
419111,2010,2010-03-15,Rajasthan Royals,Delhi Capitals,Ahmedabad,"Sardar Patel Stadium, Motera",Delhi Capitals,field,Delhi Capitals,wickets,6.0,,V Sehwag
419112,2010,2010-03-16,Royal Challengers Bengaluru,Punjab Kings,Bengaluru,M Chinnaswamy Stadium,Punjab Kings,bat,Royal Challengers Bengaluru,wickets,8.0,,JH Kallis
419113,2010,2010-03-16,Kolkata Knight Riders,Chennai Super Kings,Kolkata,Eden Gardens,Chennai Super Kings,bat,Chennai Super Kings,runs,55.0,,MS Dhoni
419114,2010,2010-03-17,Delhi Capitals,Mumbai Indians,Delhi,Feroz Shah Kotla,Delhi Capitals,field,Mumbai Indians,runs,98.0,,SR Tendulkar
419115,2010,2010-03-18,Royal Challengers Bengaluru,Rajasthan Royals,Bengaluru,M Chinnaswamy Stadium,Royal Challengers Bengaluru,field,Royal Challengers Bengaluru,wickets,10.0,,JH Kallis
419116,2010,2010-03-19,Delhi Capitals,Chennai Super Kings,Delhi,Feroz Shah Kotla,Delhi Capitals,bat,Chennai Super Kings,wickets,5.0,,ML Hayden
419117,2010,2010-03-19,Deccan Chargers,Punjab Kings,Cuttack,Barabati Stadium,Punjab Kings,field,Deccan Chargers,runs,6.0,,A Symonds
419118,2010,2010-03-20,Rajasthan Royals,Kolkata Knight Riders,Ahmedabad,"Sardar Patel Stadium, Motera",Rajasthan Royals,bat,Rajasthan Royals,runs,34.0,,AA Jhunjhunwala
419119,2010,2010-03-20,Mumbai Indians,Royal Challengers Bengaluru,Mumbai,Brabourne Stadium,Mumbai Indians,bat,Royal Challengers Bengaluru,wickets,7.0,,JH Kallis
419120,2010,2010-03-21,Deccan Chargers,Delhi Capitals,Cuttack,Barabati Stadium,Deccan Chargers,bat,Deccan Chargers,runs,10.0,,A Symonds
419121,2010,2010-03-21,Chennai Super Kings,Punjab Kings,Chennai,"MA Chidambaram Stadium, Chepauk",Chennai Super Kings,field,Punjab Kings,,,tie,J Theron
419122,2010,2010-03-22,Mumbai Indians,Kolkata Knight Riders,Mumbai,Brabourne Stadium,Kolkata Knight Riders,bat,Mumbai Indians,wickets,7.0,,SR Tendulkar
419123,2010,2010-03-23,Royal Challengers Bengaluru,Chennai Super Kings,Bengaluru,M Chinnaswamy Stadium,Chennai Super Kings,field,Royal Challengers Bengaluru,runs,36.0,,RV Uthappa
419124,2010,2010-03-24,Punjab Kings,Rajasthan Royals,Chandigarh,"Punjab Cricket Association Stadium, Mohali",Punjab Kings,field,Rajasthan Royals,runs,31.0,,AC Voges
419125,2010,2010-03-25,Chennai Super Kings,Mumbai Indians,Mumbai,"Brabourne Stadium, Mumbai",Mumbai Indians,field,Mumbai Indians,wickets,5.0,,SR Tendulkar
419126,2010,2010-03-26,Rajasthan Royals,Deccan Chargers,Ahmedabad,"Sardar Patel Stadium, Motera",Deccan Chargers,bat,Rajasthan Royals,wickets,8.0,,YK Pathan
419127,2010,2010-03-27,Punjab Kings,Kolkata Knight Riders,Chandigarh,"Punjab Cricket Association Stadium, Mohali",Kolkata Knight Riders,bat,Kolkata Knight Riders,runs,39.0,,MK Tiwary
419128,2010,2010-03-25,Royal Challengers Bengaluru,Delhi Capitals,Bengaluru,M Chinnaswamy Stadium,Royal Challengers Bengaluru,field,Delhi Capitals,runs,17.0,,KM Jadhav
419129,2010,2010-03-28,Rajasthan Royals,Chennai Super Kings,Ahmedabad,"Sardar Patel Stadium, Motera",Rajasthan Royals,bat,Rajasthan Royals,runs,17.0,,NV Ojha
419130,2010,2010-03-28,Deccan Chargers,Mumbai Indians,Mumbai,Dr DY Patil Sports Academy,Deccan Chargers,field,Mumbai Indians,runs,41.0,,Harbhajan Singh
419131,2010,2010-03-29,Delhi Capitals,Kolkata Knight Riders,Delhi,Feroz Shah Kotla,Delhi Capitals,bat,Delhi Capitals,runs,40.0,,DA Warner
419132,2010,2010-03-30,Mumbai Indians,Punjab Kings,Mumbai,Brabourne Stadium,Mumbai Indians,field,Mumbai Indians,wickets,4.0,,SL Malinga
419133,2010,2010-03-31,Chennai Super Kings,Royal Challengers Bengaluru,Chennai,"MA Chidambaram Stadium, Chepauk",Royal Challengers Bengaluru,bat,Chennai Super Kings,wickets,5.0,,M Vijay
419134,2010,2010-03-31,Delhi Capitals,Rajasthan Royals,Delhi,Feroz Shah Kotla,Delhi Capitals,bat,Delhi Capitals,runs,67.0,,KD Karthik
419135,2010,2010-04-01,Kolkata Knight Riders,Deccan Chargers,Kolkata,Eden Gardens,Kolkata Knight Riders,bat,Kolkata Knight Riders,runs,24.0,,SC Ganguly
419136,2010,2010-04-02,Punjab Kings,Royal Challengers Bengaluru,Chandigarh,"Punjab Cricket Association Stadium, Mohali",Punjab Kings,bat,Royal Challengers Bengaluru,wickets,6.0,,KP Pietersen
419137,2010,2010-04-03,Chennai Super Kings,Rajasthan Royals,Chennai,"MA Chidambaram Stadium, Chepauk",Chennai Super Kings,bat,Chennai Super Kings,runs,23.0,,M Vijay
419138,2010,2010-04-03,Mumbai Indians,Deccan Chargers,Mumbai,Brabourne Stadium,Mumbai Indians,bat,Mumbai Indians,runs,63.0,,AT Rayudu
419139,2010,2010-04-04,Kolkata Knight Riders,Punjab Kings,Kolkata,Eden Gardens,Kolkata Knight Riders,bat,Punjab Kings,wickets,8.0,,DPMD Jayawardene
419140,2010,2010-04-04,Delhi Capitals,Royal Challengers Bengaluru,Delhi,Feroz Shah Kotla,Delhi Capitals,bat,Delhi Capitals,runs,37.0,,PD Collingwood
419141,2010,2010-04-05,Deccan Chargers,Rajasthan Royals,Nagpur,"Vidarbha Cricket Association Stadium, Jamtha",Rajasthan Royals,bat,Rajasthan Royals,runs,2.0,,SK Warne
419142,2010,2010-04-06,Chennai Super Kings,Mumbai Indians,Chennai,"MA Chidambaram Stadium, Chepauk",Chennai Super Kings,bat,Chennai Super Kings,runs,24.0,,SK Raina
419143,2010,2010-04-07,Rajasthan Royals,Punjab Kings,Jaipur,Sawai Mansingh Stadium,Punjab Kings,bat,Rajasthan Royals,wickets,9.0,,MJ Lumb
419144,2010,2010-04-07,Kolkata Knight Riders,Delhi Capitals,Kolkata,Eden Gardens,Kolkata Knight Riders,bat,Kolkata Knight Riders,runs,14.0,,SC Ganguly
419145,2010,2010-04-08,Royal Challengers Bengaluru,Deccan Chargers,Bengaluru,M Chinnaswamy Stadium,Deccan Chargers,field,Deccan Chargers,wickets,7.0,,TL Suman
419146,2010,2010-04-09,Punjab Kings,Mumbai Indians,Chandigarh,"Punjab Cricket Association Stadium, Mohali",Mumbai Indians,bat,Punjab Kings,wickets,6.0,,KC Sangakkara
419147,2010,2010-04-10,Deccan Chargers,Chennai Super Kings,Nagpur,"Vidarbha Cricket Association Stadium, Jamtha",Chennai Super Kings,bat,Deccan Chargers,wickets,6.0,,RJ Harris
419148,2010,2010-04-10,Royal Challengers Bengaluru,Kolkata Knight Riders,Bengaluru,M Chinnaswamy Stadium,Royal Challengers Bengaluru,field,Royal Challengers Bengaluru,wickets,7.0,,R Vinay Kumar
419149,2010,2010-04-11,Delhi Capitals,Punjab Kings,Delhi,Feroz Shah Kotla,Delhi Capitals,bat,Punjab Kings,wickets,7.0,,PP Chawla
419150,2010,2010-04-11,Rajasthan Royals,Mumbai Indians,Jaipur,Sawai Mansingh Stadium,Rajasthan Royals,field,Mumbai Indians,runs,37.0,,SR Tendulkar
419151,2010,2010-04-12,Deccan Chargers,Royal Challengers Bengaluru,Nagpur,"Vidarbha Cricket Association Stadium, Jamtha",Royal Challengers Bengaluru,field,Deccan Chargers,runs,13.0,,Harmeet Singh
419152,2010,2010-04-13,Mumbai Indians,Delhi Capitals,Mumbai,Brabourne Stadium,Mumbai Indians,bat,Mumbai Indians,runs,39.0,,KA Pollard
419153,2010,2010-04-13,Chennai Super Kings,Kolkata Knight Riders,Chennai,"MA Chidambaram Stadium, Chepauk",Kolkata Knight Riders,bat,Chennai Super Kings,wickets,9.0,,R Ashwin
419154,2010,2010-04-14,Rajasthan Royals,Royal Challengers Bengaluru,Jaipur,Sawai Mansingh Stadium,Rajasthan Royals,bat,Royal Challengers Bengaluru,wickets,5.0,,KP Pietersen
419155,2010,2010-04-15,Chennai Super Kings,Delhi Capitals,Chennai,"MA Chidambaram Stadium, Chepauk",Chennai Super Kings,bat,Delhi Capitals,wickets,6.0,,G Gambhir
419156,2010,2010-04-16,Punjab Kings,Deccan Chargers,Dharamsala,Himachal Pradesh Cricket Association Stadium,Deccan Chargers,field,Deccan Chargers,wickets,5.0,,RG Sharma
419157,2010,2010-04-17,Royal Challengers Bengaluru,Mumbai Indians,Bengaluru,M Chinnaswamy Stadium,Royal Challengers Bengaluru,field,Mumbai Indians,runs,57.0,,R McLaren
419158,2010,2010-04-17,Kolkata Knight Riders,Rajasthan Royals,Kolkata,Eden Gardens,Rajasthan Royals,bat,Kolkata Knight Riders,wickets,8.0,,JD Unadkat
419159,2010,2010-04-18,Punjab Kings,Chennai Super Kings,Dharamsala,Himachal Pradesh Cricket Association Stadium,Chennai Super Kings,field,Chennai Super Kings,wickets,6.0,,MS Dhoni
419160,2010,2010-04-18,Delhi Capitals,Deccan Chargers,Delhi,Feroz Shah Kotla,Deccan Chargers,bat,Deccan Chargers,runs,11.0,,A Symonds
419161,2010,2010-04-19,Kolkata Knight Riders,Mumbai Indians,Kolkata,Eden Gardens,Mumbai Indians,bat,Kolkata Knight Riders,wickets,9.0,,M Kartik
419162,2010,2010-04-21,Royal Challengers Bengaluru,Mumbai Indians,Mumbai,Dr DY Patil Sports Academy,Mumbai Indians,bat,Mumbai Indians,runs,35.0,,KA Pollard
419163,2010,2010-04-22,Chennai Super Kings,Deccan Chargers,Mumbai,Dr DY Patil Sports Academy,Chennai Super Kings,bat,Chennai Super Kings,runs,38.0,,DE Bollinger
419164,2010,2010-04-24,Royal Challengers Bengaluru,Deccan Chargers,Mumbai,Dr DY Patil Sports Academy,Deccan Chargers,bat,Royal Challengers Bengaluru,wickets,9.0,,A Kumble
419165,2010,2010-04-25,Chennai Super Kings,Mumbai Indians,Mumbai,Dr DY Patil Sports Academy,Chennai Super Kings,bat,Chennai Super Kings,runs,22.0,,SK Raina
501198,2011,2011-04-08,Chennai Super Kings,Kolkata Knight Riders,Chennai,"MA Chidambaram Stadium, Chepauk",Chennai Super Kings,bat,Chennai Super Kings,runs,2.0,,S Anirudha
501199,2011,2011-04-09,Deccan Chargers,Rajasthan Royals,Hyderabad,"Rajiv Gandhi International Stadium, Uppal",Rajasthan Royals,field,Rajasthan Royals,wickets,8.0,,SK Trivedi
501200,2011,2011-04-09,Kochi Tuskers Kerala,Royal Challengers Bengaluru,Kochi,Nehru Stadium,Kochi Tuskers Kerala,bat,Royal Challengers Bengaluru,wickets,6.0,,AB de Villiers
501201,2011,2011-04-10,Delhi Capitals,Mumbai Indians,Delhi,Feroz Shah Kotla,Delhi Capitals,bat,Mumbai Indians,wickets,8.0,,SL Malinga
501202,2011,2011-04-10,Pune Warriors,Punjab Kings,Mumbai,Dr DY Patil Sports Academy,Punjab Kings,bat,Pune Warriors,wickets,7.0,,SB Wagh
501203,2011,2011-04-11,Kolkata Knight Riders,Deccan Chargers,Kolkata,Eden Gardens,Kolkata Knight Riders,bat,Kolkata Knight Riders,runs,9.0,,JH Kallis
501204,2011,2011-04-12,Rajasthan Royals,Delhi Capitals,Jaipur,Sawai Mansingh Stadium,Delhi Capitals,bat,Rajasthan Royals,wickets,6.0,,SK Warne
501205,2011,2011-04-12,Royal Challengers Bengaluru,Mumbai Indians,Bengaluru,M Chinnaswamy Stadium,Mumbai Indians,field,Mumbai Indians,wickets,9.0,,SR Tendulkar
501206,2011,2011-04-13,Punjab Kings,Chennai Super Kings,Chandigarh,"Punjab Cricket Association Stadium, Mohali",Punjab Kings,field,Punjab Kings,wickets,6.0,,PC Valthaty
501207,2011,2011-04-13,Pune Warriors,Kochi Tuskers Kerala,Mumbai,Dr DY Patil Sports Academy,Kochi Tuskers Kerala,bat,Pune Warriors,wickets,4.0,,MD Mishra
501208,2011,2011-04-14,Deccan Chargers,Royal Challengers Bengaluru,Hyderabad,"Rajiv Gandhi International Stadium, Uppal",Royal Challengers Bengaluru,field,Deccan Chargers,runs,33.0,,DW Steyn
501209,2011,2011-04-15,Rajasthan Royals,Kolkata Knight Riders,Jaipur,Sawai Mansingh Stadium,Kolkata Knight Riders,field,Kolkata Knight Riders,wickets,9.0,,G Gambhir
501210,2011,2011-04-15,Mumbai Indians,Kochi Tuskers Kerala,Mumbai,Wankhede Stadium,Kochi Tuskers Kerala,field,Kochi Tuskers Kerala,wickets,8.0,,BB McCullum
501211,2011,2011-04-16,Chennai Super Kings,Royal Challengers Bengaluru,Chennai,"MA Chidambaram Stadium, Chepauk",Chennai Super Kings,bat,Chennai Super Kings,runs,21.0,,MEK Hussey
501212,2011,2011-04-16,Deccan Chargers,Punjab Kings,Hyderabad,"Rajiv Gandhi International Stadium, Uppal",Punjab Kings,field,Punjab Kings,wickets,8.0,,PC Valthaty
501213,2011,2011-04-17,Pune Warriors,Delhi Capitals,Mumbai,Dr DY Patil Sports Academy,Delhi Capitals,field,Delhi Capitals,wickets,3.0,,Yuvraj Singh
501214,2011,2011-04-17,Kolkata Knight Riders,Rajasthan Royals,Kolkata,Eden Gardens,Kolkata Knight Riders,field,Kolkata Knight Riders,wickets,8.0,,L Balaji
501215,2011,2011-04-18,Kochi Tuskers Kerala,Chennai Super Kings,Kochi,Nehru Stadium,Kochi Tuskers Kerala,field,Kochi Tuskers Kerala,wickets,7.0,,BB McCullum
501216,2011,2011-04-19,Delhi Capitals,Deccan Chargers,Delhi,Feroz Shah Kotla,Deccan Chargers,bat,Deccan Chargers,runs,16.0,,S Sohal
501218,2011,2011-04-20,Mumbai Indians,Pune Warriors,Mumbai,Wankhede Stadium,Pune Warriors,bat,Mumbai Indians,wickets,7.0,,MM Patel
501219,2011,2011-04-20,Kolkata Knight Riders,Kochi Tuskers Kerala,Kolkata,Eden Gardens,Kolkata Knight Riders,field,Kochi Tuskers Kerala,runs,6.0,,DPMD Jayawardene
501220,2011,2011-04-21,Punjab Kings,Rajasthan Royals,Chandigarh,"Punjab Cricket Association Stadium, Mohali",Rajasthan Royals,field,Punjab Kings,runs,48.0,,SE Marsh
501221,2011,2011-04-22,Mumbai Indians,Chennai Super Kings,Mumbai,Wankhede Stadium,Chennai Super Kings,field,Mumbai Indians,runs,8.0,,Harbhajan Singh
501222,2011,2011-04-22,Kolkata Knight Riders,Royal Challengers Bengaluru,Kolkata,Eden Gardens,Royal Challengers Bengaluru,field,Royal Challengers Bengaluru,wickets,9.0,,CH Gayle
501223,2011,2011-04-23,Delhi Capitals,Punjab Kings,Delhi,Feroz Shah Kotla,Punjab Kings,field,Delhi Capitals,runs,29.0,,DA Warner
501224,2011,2011-04-24,Deccan Chargers,Mumbai Indians,Hyderabad,"Rajiv Gandhi International Stadium, Uppal",Deccan Chargers,field,Mumbai Indians,runs,37.0,,SL Malinga
501225,2011,2011-04-24,Rajasthan Royals,Kochi Tuskers Kerala,Jaipur,Sawai Mansingh Stadium,Rajasthan Royals,field,Rajasthan Royals,wickets,8.0,,SK Warne
501226,2011,2011-04-25,Chennai Super Kings,Pune Warriors,Chennai,"MA Chidambaram Stadium, Chepauk",Pune Warriors,field,Chennai Super Kings,runs,25.0,,MEK Hussey
501227,2011,2011-04-26,Delhi Capitals,Royal Challengers Bengaluru,Delhi,Feroz Shah Kotla,Royal Challengers Bengaluru,field,Royal Challengers Bengaluru,wickets,3.0,,V Kohli
501228,2011,2011-04-27,Pune Warriors,Chennai Super Kings,Mumbai,Dr DY Patil Sports Academy,Pune Warriors,bat,Chennai Super Kings,wickets,8.0,,DE Bollinger
501229,2011,2011-04-27,Kochi Tuskers Kerala,Deccan Chargers,Kochi,Nehru Stadium,Kochi Tuskers Kerala,field,Deccan Chargers,runs,55.0,,I Sharma
501230,2011,2011-04-28,Delhi Capitals,Kolkata Knight Riders,Delhi,Feroz Shah Kotla,Delhi Capitals,field,Kolkata Knight Riders,runs,17.0,,MK Tiwary
501231,2011,2011-04-29,Rajasthan Royals,Mumbai Indians,Jaipur,Sawai Mansingh Stadium,Rajasthan Royals,field,Rajasthan Royals,wickets,7.0,,J Botha
501232,2011,2011-04-29,Royal Challengers Bengaluru,Pune Warriors,Bengaluru,M Chinnaswamy Stadium,Pune Warriors,field,Royal Challengers Bengaluru,runs,26.0,,V Kohli
501233,2011,2011-04-30,Kochi Tuskers Kerala,Delhi Capitals,Kochi,Nehru Stadium,Delhi Capitals,bat,Delhi Capitals,runs,38.0,,V Sehwag
501234,2011,2011-04-30,Kolkata Knight Riders,Punjab Kings,Kolkata,Eden Gardens,Kolkata Knight Riders,field,Kolkata Knight Riders,wickets,8.0,,Iqbal Abdulla
501235,2011,2011-05-01,Rajasthan Royals,Pune Warriors,Jaipur,Sawai Mansingh Stadium,Rajasthan Royals,field,Rajasthan Royals,wickets,6.0,,LRPL Taylor
501236,2011,2011-05-01,Chennai Super Kings,Deccan Chargers,Chennai,"MA Chidambaram Stadium, Chepauk",Chennai Super Kings,bat,Chennai Super Kings,runs,19.0,,JA Morkel
501237,2011,2011-05-02,Mumbai Indians,Punjab Kings,Mumbai,Wankhede Stadium,Punjab Kings,field,Mumbai Indians,runs,23.0,,KA Pollard
501238,2011,2011-05-02,Delhi Capitals,Kochi Tuskers Kerala,Delhi,Feroz Shah Kotla,Kochi Tuskers Kerala,field,Kochi Tuskers Kerala,wickets,7.0,,P Parameswaran
501239,2011,2011-05-03,Deccan Chargers,Kolkata Knight Riders,Hyderabad,"Rajiv Gandhi International Stadium, Uppal",Deccan Chargers,field,Kolkata Knight Riders,runs,20.0,,YK Pathan
501240,2011,2011-05-04,Chennai Super Kings,Rajasthan Royals,Chennai,"MA Chidambaram Stadium, Chepauk",Rajasthan Royals,bat,Chennai Super Kings,wickets,8.0,,MEK Hussey
501241,2011,2011-05-04,Pune Warriors,Mumbai Indians,Mumbai,Dr DY Patil Sports Academy,Pune Warriors,field,Mumbai Indians,runs,21.0,,R Sharma
501242,2011,2011-05-05,Kochi Tuskers Kerala,Kolkata Knight Riders,Kochi,Nehru Stadium,Kolkata Knight Riders,field,Kochi Tuskers Kerala,runs,17.0,,BJ Hodge
501243,2011,2011-05-05,Deccan Chargers,Delhi Capitals,Hyderabad,"Rajiv Gandhi International Stadium, Uppal",Delhi Capitals,field,Delhi Capitals,wickets,4.0,,V Sehwag
501244,2011,2011-05-06,Royal Challengers Bengaluru,Punjab Kings,Bengaluru,M Chinnaswamy Stadium,Punjab Kings,field,Royal Challengers Bengaluru,runs,85.0,,CH Gayle
501245,2011,2011-05-07,Kolkata Knight Riders,Chennai Super Kings,Kolkata,Eden Gardens,Chennai Super Kings,bat,Kolkata Knight Riders,runs,10.0,,Iqbal Abdulla
501246,2011,2011-05-07,Mumbai Indians,Delhi Capitals,Mumbai,Wankhede Stadium,Delhi Capitals,field,Mumbai Indians,runs,32.0,,AT Rayudu
501247,2011,2011-05-08,Royal Challengers Bengaluru,Kochi Tuskers Kerala,Bengaluru,M Chinnaswamy Stadium,Kochi Tuskers Kerala,bat,Royal Challengers Bengaluru,wickets,9.0,,CH Gayle
501248,2011,2011-05-08,Punjab Kings,Pune Warriors,Chandigarh,"Punjab Cricket Association Stadium, Mohali",Punjab Kings,bat,Pune Warriors,wickets,5.0,,R Sharma
501249,2011,2011-05-09,Rajasthan Royals,Chennai Super Kings,Jaipur,Sawai Mansingh Stadium,Rajasthan Royals,field,Chennai Super Kings,runs,63.0,,M Vijay
501250,2011,2011-05-10,Deccan Chargers,Pune Warriors,Hyderabad,"Rajiv Gandhi International Stadium, Uppal",Deccan Chargers,bat,Pune Warriors,wickets,6.0,,MR Marsh
501251,2011,2011-05-10,Punjab Kings,Mumbai Indians,Chandigarh,"Punjab Cricket Association Stadium, Mohali",Mumbai Indians,field,Punjab Kings,runs,76.0,,BA Bhatt
501252,2011,2011-05-11,Rajasthan Royals,Royal Challengers Bengaluru,Jaipur,Sawai Mansingh Stadium,Royal Challengers Bengaluru,field,Royal Challengers Bengaluru,wickets,9.0,,S Aravind
501253,2011,2011-05-12,Chennai Super Kings,Delhi Capitals,Chennai,"MA Chidambaram Stadium, Chepauk",Chennai Super Kings,bat,Chennai Super Kings,runs,18.0,,MS Dhoni
501254,2011,2011-05-13,Kochi Tuskers Kerala,Punjab Kings,Indore,Holkar Cricket Stadium,Punjab Kings,field,Punjab Kings,wickets,6.0,,KD Karthik
501255,2011,2011-05-14,Royal Challengers Bengaluru,Kolkata Knight Riders,Bengaluru,M Chinnaswamy Stadium,Royal Challengers Bengaluru,field,Royal Challengers Bengaluru,wickets,4.0,,CH Gayle
501256,2011,2011-05-14,Mumbai Indians,Deccan Chargers,Mumbai,Wankhede Stadium,Deccan Chargers,bat,Deccan Chargers,runs,10.0,,A Mishra
501257,2011,2011-05-15,Punjab Kings,Delhi Capitals,Dharamsala,Himachal Pradesh Cricket Association Stadium,Delhi Capitals,field,Punjab Kings,runs,29.0,,PP Chawla
501258,2011,2011-05-15,Kochi Tuskers Kerala,Rajasthan Royals,Indore,Holkar Cricket Stadium,Kochi Tuskers Kerala,field,Kochi Tuskers Kerala,wickets,8.0,,BJ Hodge
501259,2011,2011-05-16,Pune Warriors,Deccan Chargers,Mumbai,Dr DY Patil Sports Academy,Deccan Chargers,field,Deccan Chargers,wickets,6.0,,A Mishra
501260,2011,2011-05-17,Punjab Kings,Royal Challengers Bengaluru,Dharamsala,Himachal Pradesh Cricket Association Stadium,Punjab Kings,bat,Punjab Kings,runs,111.0,,AC Gilchrist
501261,2011,2011-05-18,Chennai Super Kings,Kochi Tuskers Kerala,Chennai,"MA Chidambaram Stadium, Chepauk",Chennai Super Kings,bat,Chennai Super Kings,runs,11.0,,WP Saha
501262,2011,2011-05-19,Pune Warriors,Kolkata Knight Riders,Mumbai,Dr DY Patil Sports Academy,Kolkata Knight Riders,field,Kolkata Knight Riders,wickets,7.0,,YK Pathan
501263,2011,2011-05-20,Mumbai Indians,Rajasthan Royals,Mumbai,Wankhede Stadium,Mumbai Indians,bat,Rajasthan Royals,wickets,10.0,,SR Watson
501264,2011,2011-05-21,Punjab Kings,Deccan Chargers,Dharamsala,Himachal Pradesh Cricket Association Stadium,Punjab Kings,field,Deccan Chargers,runs,82.0,,S Dhawan
501265,2011,2011-05-21,Delhi Capitals,Pune Warriors,Delhi,Feroz Shah Kotla,Delhi Capitals,bat,,,,no result,
501266,2011,2011-05-22,Royal Challengers Bengaluru,Chennai Super Kings,Bengaluru,M Chinnaswamy Stadium,Royal Challengers Bengaluru,field,Royal Challengers Bengaluru,wickets,8.0,,CH Gayle
501267,2011,2011-05-22,Kolkata Knight Riders,Mumbai Indians,Kolkata,Eden Gardens,Mumbai Indians,field,Mumbai Indians,wickets,5.0,,JEC Franklin
501268,2011,2011-05-24,Royal Challengers Bengaluru,Chennai Super Kings,Mumbai,Wankhede Stadium,Chennai Super Kings,field,Chennai Super Kings,wickets,6.0,,SK Raina
501269,2011,2011-05-25,Mumbai Indians,Kolkata Knight Riders,Mumbai,Wankhede Stadium,Mumbai Indians,field,Mumbai Indians,wickets,4.0,,MM Patel
501270,2011,2011-05-27,Royal Challengers Bengaluru,Mumbai Indians,Chennai,"MA Chidambaram Stadium, Chepauk",Mumbai Indians,field,Royal Challengers Bengaluru,runs,43.0,,CH Gayle
501271,2011,2011-05-28,Chennai Super Kings,Royal Challengers Bengaluru,Chennai,"MA Chidambaram Stadium, Chepauk",Chennai Super Kings,bat,Chennai Super Kings,runs,58.0,,M Vijay
548306,2012,2012-04-04,Chennai Super Kings,Mumbai Indians,Chennai,"MA Chidambaram Stadium, Chepauk",Mumbai Indians,field,Mumbai Indians,wickets,8.0,,RE Levi
548307,2012,2012-04-05,Kolkata Knight Riders,Delhi Capitals,Kolkata,Eden Gardens,Delhi Capitals,field,Delhi Capitals,wickets,8.0,,IK Pathan
548308,2012,2012-04-06,Mumbai Indians,Pune Warriors,Mumbai,Wankhede Stadium,Mumbai Indians,field,Pune Warriors,runs,28.0,,SPD Smith
548309,2012,2012-04-06,Rajasthan Royals,Punjab Kings,Jaipur,Sawai Mansingh Stadium,Punjab Kings,field,Rajasthan Royals,runs,31.0,,AM Rahane
548310,2012,2012-04-07,Royal Challengers Bengaluru,Delhi Capitals,Bengaluru,M Chinnaswamy Stadium,Delhi Capitals,field,Royal Challengers Bengaluru,runs,20.0,,AB de Villiers
548311,2012,2012-04-07,Deccan Chargers,Chennai Super Kings,Visakhapatnam,Dr. Y.S. Rajasekhara Reddy ACA-VDCA Cricket Stadium,Deccan Chargers,field,Chennai Super Kings,runs,74.0,,RA Jadeja
548312,2012,2012-04-08,Rajasthan Royals,Kolkata Knight Riders,Jaipur,Sawai Mansingh Stadium,Kolkata Knight Riders,field,Rajasthan Royals,runs,22.0,,BJ Hodge
548313,2012,2012-04-08,Pune Warriors,Punjab Kings,Pune,Subrata Roy Sahara Stadium,Pune Warriors,bat,Pune Warriors,runs,22.0,,MN Samuels
548314,2012,2012-04-09,Deccan Chargers,Mumbai Indians,Visakhapatnam,Dr. Y.S. Rajasekhara Reddy ACA-VDCA Cricket Stadium,Deccan Chargers,bat,Mumbai Indians,wickets,5.0,,RG Sharma
548315,2012,2012-04-10,Royal Challengers Bengaluru,Kolkata Knight Riders,Bengaluru,M Chinnaswamy Stadium,Royal Challengers Bengaluru,field,Kolkata Knight Riders,runs,42.0,,L Balaji
548316,2012,2012-04-10,Delhi Capitals,Chennai Super Kings,Delhi,Feroz Shah Kotla,Delhi Capitals,field,Delhi Capitals,wickets,8.0,,M Morkel
548317,2012,2012-04-11,Mumbai Indians,Rajasthan Royals,Mumbai,Wankhede Stadium,Rajasthan Royals,field,Mumbai Indians,runs,27.0,,KA Pollard
548318,2012,2012-04-12,Chennai Super Kings,Royal Challengers Bengaluru,Chennai,"MA Chidambaram Stadium, Chepauk",Royal Challengers Bengaluru,bat,Chennai Super Kings,wickets,5.0,,F du Plessis
548319,2012,2012-04-12,Punjab Kings,Pune Warriors,Chandigarh,"Punjab Cricket Association Stadium, Mohali",Punjab Kings,field,Punjab Kings,wickets,7.0,,AD Mascarenhas
548320,2012,2012-04-13,Kolkata Knight Riders,Rajasthan Royals,Kolkata,Eden Gardens,Rajasthan Royals,bat,Kolkata Knight Riders,wickets,5.0,,Shakib Al Hasan
548321,2012,2012-04-19,Delhi Capitals,Deccan Chargers,Delhi,Feroz Shah Kotla,Deccan Chargers,bat,Delhi Capitals,wickets,5.0,,KP Pietersen
548322,2012,2012-04-14,Pune Warriors,Chennai Super Kings,Pune,Subrata Roy Sahara Stadium,Chennai Super Kings,bat,Pune Warriors,wickets,7.0,,JD Ryder
548323,2012,2012-04-15,Kolkata Knight Riders,Punjab Kings,Kolkata,Eden Gardens,Kolkata Knight Riders,field,Punjab Kings,runs,2.0,,SP Narine
548324,2012,2012-04-15,Royal Challengers Bengaluru,Rajasthan Royals,Bengaluru,M Chinnaswamy Stadium,Rajasthan Royals,bat,Rajasthan Royals,runs,59.0,,AM Rahane
548325,2012,2012-04-16,Mumbai Indians,Delhi Capitals,Mumbai,Wankhede Stadium,Delhi Capitals,field,Delhi Capitals,wickets,7.0,,S Nadeem
548326,2012,2012-04-17,Rajasthan Royals,Deccan Chargers,Jaipur,Sawai Mansingh Stadium,Deccan Chargers,bat,Rajasthan Royals,wickets,5.0,,BJ Hodge
548327,2012,2012-04-17,Royal Challengers Bengaluru,Pune Warriors,Bengaluru,M Chinnaswamy Stadium,Pune Warriors,bat,Royal Challengers Bengaluru,wickets,6.0,,CH Gayle
548328,2012,2012-04-18,Punjab Kings,Kolkata Knight Riders,Chandigarh,"Punjab Cricket Association Stadium, Mohali",Punjab Kings,bat,Kolkata Knight Riders,wickets,8.0,,G Gambhir
548329,2012,2012-05-10,Deccan Chargers,Delhi Capitals,Hyderabad,"Rajiv Gandhi International Stadium, Uppal",Deccan Chargers,bat,Delhi Capitals,wickets,9.0,,DA Warner
548330,2012,2012-04-19,Chennai Super Kings,Pune Warriors,Chennai,"MA Chidambaram Stadium, Chepauk",Pune Warriors,field,Chennai Super Kings,runs,13.0,,KMDN Kulasekara
548331,2012,2012-04-20,Punjab Kings,Royal Challengers Bengaluru,Chandigarh,"Punjab Cricket Association Stadium, Mohali",Royal Challengers Bengaluru,field,Royal Challengers Bengaluru,wickets,5.0,,CH Gayle
548332,2012,2012-04-21,Chennai Super Kings,Rajasthan Royals,Chennai,"MA Chidambaram Stadium, Chepauk",Rajasthan Royals,bat,Chennai Super Kings,wickets,7.0,,F du Plessis
548333,2012,2012-04-21,Delhi Capitals,Pune Warriors,Delhi,Feroz Shah Kotla,Delhi Capitals,field,Pune Warriors,runs,20.0,,SC Ganguly
548334,2012,2012-04-22,Mumbai Indians,Punjab Kings,Mumbai,Wankhede Stadium,Mumbai Indians,bat,Punjab Kings,wickets,6.0,,SE Marsh
548335,2012,2012-04-22,Deccan Chargers,Kolkata Knight Riders,Cuttack,Barabati Stadium,Kolkata Knight Riders,field,Kolkata Knight Riders,wickets,5.0,,B Lee
548336,2012,2012-04-23,Rajasthan Royals,Royal Challengers Bengaluru,Jaipur,Sawai Mansingh Stadium,Rajasthan Royals,field,Royal Challengers Bengaluru,runs,46.0,,AB de Villiers
548337,2012,2012-04-24,Pune Warriors,Delhi Capitals,Pune,Subrata Roy Sahara Stadium,Pune Warriors,bat,Delhi Capitals,wickets,8.0,,V Sehwag
548339,2012,2012-04-25,Punjab Kings,Mumbai Indians,Chandigarh,"Punjab Cricket Association Stadium, Mohali",Punjab Kings,bat,Mumbai Indians,wickets,4.0,,AT Rayudu
548341,2012,2012-04-26,Pune Warriors,Deccan Chargers,Pune,Subrata Roy Sahara Stadium,Deccan Chargers,bat,Deccan Chargers,runs,18.0,,CL White
548342,2012,2012-04-27,Delhi Capitals,Mumbai Indians,Delhi,Feroz Shah Kotla,Mumbai Indians,field,Delhi Capitals,runs,37.0,,V Sehwag
548343,2012,2012-04-28,Chennai Super Kings,Punjab Kings,Chennai,"MA Chidambaram Stadium, Chepauk",Punjab Kings,bat,Punjab Kings,runs,7.0,,Mandeep Singh
548344,2012,2012-04-28,Kolkata Knight Riders,Royal Challengers Bengaluru,Kolkata,Eden Gardens,Kolkata Knight Riders,bat,Kolkata Knight Riders,runs,47.0,,G Gambhir
548345,2012,2012-04-29,Delhi Capitals,Rajasthan Royals,Delhi,Feroz Shah Kotla,Delhi Capitals,bat,Delhi Capitals,runs,1.0,,V Sehwag
548346,2012,2012-04-29,Mumbai Indians,Deccan Chargers,Mumbai,Wankhede Stadium,Mumbai Indians,field,Mumbai Indians,wickets,5.0,,DW Steyn
548347,2012,2012-04-30,Chennai Super Kings,Kolkata Knight Riders,Chennai,"MA Chidambaram Stadium, Chepauk",Chennai Super Kings,bat,Kolkata Knight Riders,wickets,5.0,,G Gambhir
548348,2012,2012-05-01,Deccan Chargers,Pune Warriors,Cuttack,Barabati Stadium,Deccan Chargers,bat,Deccan Chargers,runs,13.0,,KC Sangakkara
548349,2012,2012-05-01,Rajasthan Royals,Delhi Capitals,Jaipur,Sawai Mansingh Stadium,Rajasthan Royals,bat,Delhi Capitals,wickets,6.0,,P Negi
548350,2012,2012-05-02,Royal Challengers Bengaluru,Punjab Kings,Bengaluru,M Chinnaswamy Stadium,Punjab Kings,field,Punjab Kings,wickets,4.0,,Azhar Mahmood
548351,2012,2012-05-03,Pune Warriors,Mumbai Indians,Pune,Subrata Roy Sahara Stadium,Mumbai Indians,bat,Mumbai Indians,runs,1.0,,SL Malinga
548352,2012,2012-05-04,Chennai Super Kings,Deccan Chargers,Chennai,"MA Chidambaram Stadium, Chepauk",Chennai Super Kings,bat,Chennai Super Kings,runs,10.0,,SK Raina
548353,2012,2012-05-05,Kolkata Knight Riders,Pune Warriors,Kolkata,Eden Gardens,Kolkata Knight Riders,bat,Kolkata Knight Riders,runs,7.0,,SP Narine
548354,2012,2012-05-05,Punjab Kings,Rajasthan Royals,Chandigarh,"Punjab Cricket Association Stadium, Mohali",Rajasthan Royals,bat,Rajasthan Royals,runs,43.0,,SR Watson
548355,2012,2012-05-06,Mumbai Indians,Chennai Super Kings,Mumbai,Wankhede Stadium,Mumbai Indians,field,Mumbai Indians,wickets,2.0,,DR Smith
548356,2012,2012-05-06,Royal Challengers Bengaluru,Deccan Chargers,Bengaluru,M Chinnaswamy Stadium,Royal Challengers Bengaluru,field,Royal Challengers Bengaluru,wickets,5.0,,AB de Villiers
548357,2012,2012-05-07,Delhi Capitals,Kolkata Knight Riders,Delhi,Feroz Shah Kotla,Delhi Capitals,bat,Kolkata Knight Riders,wickets,6.0,,JH Kallis
548358,2012,2012-05-08,Pune Warriors,Rajasthan Royals,Pune,Subrata Roy Sahara Stadium,Pune Warriors,bat,Rajasthan Royals,wickets,7.0,,SR Watson
548359,2012,2012-05-08,Deccan Chargers,Punjab Kings,Hyderabad,"Rajiv Gandhi International Stadium, Uppal",Deccan Chargers,field,Punjab Kings,runs,25.0,,Mandeep Singh
548360,2012,2012-05-09,Mumbai Indians,Royal Challengers Bengaluru,Mumbai,Wankhede Stadium,Royal Challengers Bengaluru,field,Royal Challengers Bengaluru,wickets,9.0,,CH Gayle
548361,2012,2012-05-10,Rajasthan Royals,Chennai Super Kings,Jaipur,Sawai Mansingh Stadium,Chennai Super Kings,field,Chennai Super Kings,wickets,4.0,,BW Hilfenhaus
548362,2012,2012-05-11,Pune Warriors,Royal Challengers Bengaluru,Pune,Subrata Roy Sahara Stadium,Pune Warriors,field,Royal Challengers Bengaluru,runs,35.0,,CH Gayle
548363,2012,2012-05-12,Kolkata Knight Riders,Mumbai Indians,Kolkata,Eden Gardens,Mumbai Indians,bat,Mumbai Indians,runs,27.0,,RG Sharma
548364,2012,2012-05-12,Chennai Super Kings,Delhi Capitals,Chennai,"MA Chidambaram Stadium, Chepauk",Chennai Super Kings,field,Chennai Super Kings,wickets,9.0,,BW Hilfenhaus
548365,2012,2012-05-13,Rajasthan Royals,Pune Warriors,Jaipur,Sawai Mansingh Stadium,Rajasthan Royals,bat,Rajasthan Royals,runs,45.0,,A Chandila
548366,2012,2012-05-13,Punjab Kings,Deccan Chargers,Chandigarh,"Punjab Cricket Association Stadium, Mohali",Deccan Chargers,bat,Punjab Kings,wickets,4.0,,DJ Hussey
548367,2012,2012-05-14,Royal Challengers Bengaluru,Mumbai Indians,Bengaluru,M Chinnaswamy Stadium,Mumbai Indians,field,Mumbai Indians,wickets,5.0,,AT Rayudu
548368,2012,2012-05-14,Kolkata Knight Riders,Chennai Super Kings,Kolkata,Eden Gardens,Chennai Super Kings,field,Chennai Super Kings,wickets,5.0,,MEK Hussey
548369,2012,2012-05-15,Delhi Capitals,Punjab Kings,Delhi,Feroz Shah Kotla,Punjab Kings,bat,Delhi Capitals,wickets,5.0,,UT Yadav
548370,2012,2012-05-16,Mumbai Indians,Kolkata Knight Riders,Mumbai,Wankhede Stadium,Mumbai Indians,field,Kolkata Knight Riders,runs,32.0,,SP Narine
548371,2012,2012-05-17,Punjab Kings,Chennai Super Kings,Dharamsala,Himachal Pradesh Cricket Association Stadium,Punjab Kings,field,Punjab Kings,wickets,6.0,,AC Gilchrist
548372,2012,2012-05-17,Delhi Capitals,Royal Challengers Bengaluru,Delhi,Feroz Shah Kotla,Delhi Capitals,field,Royal Challengers Bengaluru,runs,21.0,,CH Gayle
548373,2012,2012-05-18,Deccan Chargers,Rajasthan Royals,Hyderabad,"Rajiv Gandhi International Stadium, Uppal",Rajasthan Royals,bat,Deccan Chargers,wickets,5.0,,DW Steyn
548374,2012,2012-05-19,Punjab Kings,Delhi Capitals,Dharamsala,Himachal Pradesh Cricket Association Stadium,Delhi Capitals,field,Delhi Capitals,wickets,6.0,,UT Yadav
548375,2012,2012-05-19,Pune Warriors,Kolkata Knight Riders,Pune,Subrata Roy Sahara Stadium,Kolkata Knight Riders,bat,Kolkata Knight Riders,runs,34.0,,Shakib Al Hasan
548376,2012,2012-05-20,Deccan Chargers,Royal Challengers Bengaluru,Hyderabad,"Rajiv Gandhi International Stadium, Uppal",Royal Challengers Bengaluru,field,Deccan Chargers,runs,9.0,,DW Steyn
548377,2012,2012-05-20,Rajasthan Royals,Mumbai Indians,Jaipur,Sawai Mansingh Stadium,Rajasthan Royals,bat,Mumbai Indians,wickets,10.0,,DR Smith
548378,2012,2012-05-22,Delhi Capitals,Kolkata Knight Riders,Pune,Subrata Roy Sahara Stadium,Kolkata Knight Riders,bat,Kolkata Knight Riders,runs,18.0,,YK Pathan
548379,2012,2012-05-23,Chennai Super Kings,Mumbai Indians,Bengaluru,M Chinnaswamy Stadium,Mumbai Indians,field,Chennai Super Kings,runs,38.0,,MS Dhoni
548380,2012,2012-05-25,Delhi Capitals,Chennai Super Kings,Chennai,"MA Chidambaram Stadium, Chepauk",Delhi Capitals,field,Chennai Super Kings,runs,86.0,,M Vijay
548381,2012,2012-05-27,Kolkata Knight Riders,Chennai Super Kings,Chennai,"MA Chidambaram Stadium, Chepauk",Chennai Super Kings,bat,Kolkata Knight Riders,wickets,5.0,,MS Bisla
597998,2013,2013-04-03,Kolkata Knight Riders,Delhi Capitals,Kolkata,Eden Gardens,Kolkata Knight Riders,field,Kolkata Knight Riders,wickets,6.0,,SP Narine
597999,2013,2013-04-04,Royal Challengers Bengaluru,Mumbai Indians,Bengaluru,M Chinnaswamy Stadium,Mumbai Indians,field,Royal Challengers Bengaluru,runs,2.0,,CH Gayle
598000,2013,2013-04-05,Sunrisers Hyderabad,Pune Warriors,Hyderabad,"Rajiv Gandhi International Stadium, Uppal",Pune Warriors,field,Sunrisers Hyderabad,runs,22.0,,A Mishra
598001,2013,2013-04-06,Delhi Capitals,Rajasthan Royals,Delhi,Feroz Shah Kotla,Rajasthan Royals,bat,Rajasthan Royals,runs,5.0,,R Dravid
598002,2013,2013-04-06,Chennai Super Kings,Mumbai Indians,Chennai,"MA Chidambaram Stadium, Chepauk",Mumbai Indians,bat,Mumbai Indians,runs,9.0,,KA Pollard
598003,2013,2013-04-07,Pune Warriors,Punjab Kings,Pune,Subrata Roy Sahara Stadium,Pune Warriors,bat,Punjab Kings,wickets,8.0,,M Vohra
598004,2013,2013-04-07,Sunrisers Hyderabad,Royal Challengers Bengaluru,Hyderabad,"Rajiv Gandhi International Stadium, Uppal",Royal Challengers Bengaluru,bat,Sunrisers Hyderabad,,,tie,GH Vihari
598005,2013,2013-04-08,Rajasthan Royals,Kolkata Knight Riders,Jaipur,Sawai Mansingh Stadium,Kolkata Knight Riders,field,Rajasthan Royals,runs,19.0,,SK Trivedi
598006,2013,2013-04-09,Mumbai Indians,Delhi Capitals,Mumbai,Wankhede Stadium,Mumbai Indians,bat,Mumbai Indians,runs,44.0,,KD Karthik
598007,2013,2013-04-10,Punjab Kings,Chennai Super Kings,Chandigarh,"Punjab Cricket Association Stadium, Mohali",Chennai Super Kings,field,Chennai Super Kings,wickets,10.0,,MEK Hussey
598008,2013,2013-04-11,Royal Challengers Bengaluru,Kolkata Knight Riders,Bengaluru,M Chinnaswamy Stadium,Royal Challengers Bengaluru,field,Royal Challengers Bengaluru,wickets,8.0,,CH Gayle
598009,2013,2013-04-11,Pune Warriors,Rajasthan Royals,Pune,Subrata Roy Sahara Stadium,Rajasthan Royals,bat,Pune Warriors,wickets,7.0,,AJ Finch
598010,2013,2013-04-12,Delhi Capitals,Sunrisers Hyderabad,Delhi,Feroz Shah Kotla,Delhi Capitals,bat,Sunrisers Hyderabad,wickets,3.0,,A Mishra
598011,2013,2013-04-13,Mumbai Indians,Pune Warriors,Mumbai,Wankhede Stadium,Mumbai Indians,bat,Mumbai Indians,runs,41.0,,RG Sharma
598012,2013,2013-04-13,Chennai Super Kings,Royal Challengers Bengaluru,Chennai,"MA Chidambaram Stadium, Chepauk",Chennai Super Kings,field,Chennai Super Kings,wickets,4.0,,RA Jadeja
598013,2013,2013-04-14,Kolkata Knight Riders,Sunrisers Hyderabad,Kolkata,Eden Gardens,Kolkata Knight Riders,bat,Kolkata Knight Riders,runs,48.0,,G Gambhir
598014,2013,2013-04-14,Rajasthan Royals,Punjab Kings,Jaipur,Sawai Mansingh Stadium,Rajasthan Royals,field,Rajasthan Royals,wickets,6.0,,JP Faulkner
598015,2013,2013-04-15,Chennai Super Kings,Pune Warriors,Chennai,"MA Chidambaram Stadium, Chepauk",Pune Warriors,bat,Pune Warriors,runs,24.0,,SPD Smith
598016,2013,2013-04-16,Punjab Kings,Kolkata Knight Riders,Chandigarh,"Punjab Cricket Association Stadium, Mohali",Kolkata Knight Riders,field,Punjab Kings,runs,4.0,,MS Gony
598017,2013,2013-04-16,Royal Challengers Bengaluru,Delhi Capitals,Bengaluru,M Chinnaswamy Stadium,Royal Challengers Bengaluru,field,Royal Challengers Bengaluru,,,tie,V Kohli
598018,2013,2013-04-17,Pune Warriors,Sunrisers Hyderabad,Pune,Maharashtra Cricket Association Stadium,Pune Warriors,field,Sunrisers Hyderabad,runs,11.0,,A Mishra
598019,2013,2013-04-17,Rajasthan Royals,Mumbai Indians,Jaipur,Sawai Mansingh Stadium,Rajasthan Royals,bat,Rajasthan Royals,runs,87.0,,AM Rahane
598020,2013,2013-04-18,Delhi Capitals,Chennai Super Kings,Delhi,Feroz Shah Kotla,Chennai Super Kings,bat,Chennai Super Kings,runs,86.0,,MEK Hussey
598021,2013,2013-04-19,Sunrisers Hyderabad,Punjab Kings,Hyderabad,"Rajiv Gandhi International Stadium, Uppal",Punjab Kings,bat,Sunrisers Hyderabad,wickets,5.0,,GH Vihari
598022,2013,2013-04-20,Kolkata Knight Riders,Chennai Super Kings,Kolkata,Eden Gardens,Kolkata Knight Riders,bat,Chennai Super Kings,wickets,4.0,,RA Jadeja
598023,2013,2013-04-20,Royal Challengers Bengaluru,Rajasthan Royals,Bengaluru,M Chinnaswamy Stadium,Royal Challengers Bengaluru,field,Royal Challengers Bengaluru,wickets,7.0,,R Vinay Kumar
598024,2013,2013-04-21,Delhi Capitals,Mumbai Indians,Delhi,Feroz Shah Kotla,Mumbai Indians,bat,Delhi Capitals,wickets,9.0,,V Sehwag
598025,2013,2013-04-21,Punjab Kings,Pune Warriors,Chandigarh,"Punjab Cricket Association Stadium, Mohali",Punjab Kings,field,Punjab Kings,wickets,7.0,,DA Miller
598026,2013,2013-04-22,Chennai Super Kings,Rajasthan Royals,Chennai,"MA Chidambaram Stadium, Chepauk",Rajasthan Royals,bat,Chennai Super Kings,wickets,5.0,,MEK Hussey
598027,2013,2013-04-23,Royal Challengers Bengaluru,Pune Warriors,Bengaluru,M Chinnaswamy Stadium,Pune Warriors,field,Royal Challengers Bengaluru,runs,130.0,,CH Gayle
598028,2013,2013-05-16,Punjab Kings,Delhi Capitals,Dharamsala,Himachal Pradesh Cricket Association Stadium,Delhi Capitals,field,Punjab Kings,runs,7.0,,DA Miller
598029,2013,2013-04-24,Kolkata Knight Riders,Mumbai Indians,Kolkata,Eden Gardens,Kolkata Knight Riders,bat,Mumbai Indians,wickets,5.0,,DR Smith
598030,2013,2013-04-25,Chennai Super Kings,Sunrisers Hyderabad,Chennai,"MA Chidambaram Stadium, Chepauk",Sunrisers Hyderabad,bat,Chennai Super Kings,wickets,5.0,,MS Dhoni
598031,2013,2013-04-26,Kolkata Knight Riders,Punjab Kings,Kolkata,Eden Gardens,Punjab Kings,bat,Kolkata Knight Riders,wickets,6.0,,JH Kallis
598032,2013,2013-04-27,Rajasthan Royals,Sunrisers Hyderabad,Jaipur,Sawai Mansingh Stadium,Sunrisers Hyderabad,bat,Rajasthan Royals,wickets,8.0,,JP Faulkner
598033,2013,2013-04-27,Mumbai Indians,Royal Challengers Bengaluru,Mumbai,Wankhede Stadium,Mumbai Indians,bat,Mumbai Indians,runs,58.0,,DR Smith
598034,2013,2013-04-28,Chennai Super Kings,Kolkata Knight Riders,Chennai,"MA Chidambaram Stadium, Chepauk",Kolkata Knight Riders,field,Chennai Super Kings,runs,14.0,,MEK Hussey
598035,2013,2013-04-28,Delhi Capitals,Pune Warriors,Raipur,Shaheed Veer Narayan Singh International Stadium,Pune Warriors,field,Delhi Capitals,runs,15.0,,DA Warner
598036,2013,2013-04-29,Rajasthan Royals,Royal Challengers Bengaluru,Jaipur,Sawai Mansingh Stadium,Rajasthan Royals,field,Rajasthan Royals,wickets,4.0,,SV Samson
598037,2013,2013-04-29,Mumbai Indians,Punjab Kings,Mumbai,Wankhede Stadium,Mumbai Indians,bat,Mumbai Indians,runs,4.0,,RG Sharma
598038,2013,2013-04-30,Pune Warriors,Chennai Super Kings,Pune,Subrata Roy Sahara Stadium,Chennai Super Kings,bat,Chennai Super Kings,runs,37.0,,MS Dhoni
598039,2013,2013-05-01,Sunrisers Hyderabad,Mumbai Indians,Hyderabad,"Rajiv Gandhi International Stadium, Uppal",Mumbai Indians,bat,Sunrisers Hyderabad,wickets,7.0,,I Sharma
598040,2013,2013-05-01,Delhi Capitals,Kolkata Knight Riders,Raipur,Shaheed Veer Narayan Singh International Stadium,Kolkata Knight Riders,bat,Delhi Capitals,wickets,7.0,,DA Warner
598041,2013,2013-05-02,Chennai Super Kings,Punjab Kings,Chennai,"MA Chidambaram Stadium, Chepauk",Chennai Super Kings,bat,Chennai Super Kings,runs,15.0,,SK Raina
598042,2013,2013-05-02,Pune Warriors,Royal Challengers Bengaluru,Pune,Subrata Roy Sahara Stadium,Royal Challengers Bengaluru,bat,Royal Challengers Bengaluru,runs,17.0,,AB de Villiers
598043,2013,2013-05-03,Kolkata Knight Riders,Rajasthan Royals,Kolkata,Eden Gardens,Rajasthan Royals,bat,Kolkata Knight Riders,wickets,8.0,,YK Pathan
598044,2013,2013-05-04,Sunrisers Hyderabad,Delhi Capitals,Hyderabad,"Rajiv Gandhi International Stadium, Uppal",Delhi Capitals,bat,Sunrisers Hyderabad,wickets,6.0,,DJG Sammy
598045,2013,2013-05-14,Royal Challengers Bengaluru,Punjab Kings,Bengaluru,M Chinnaswamy Stadium,Punjab Kings,field,Punjab Kings,wickets,7.0,,AC Gilchrist
598046,2013,2013-05-05,Mumbai Indians,Chennai Super Kings,Mumbai,Wankhede Stadium,Mumbai Indians,bat,Mumbai Indians,runs,60.0,,MG Johnson
598047,2013,2013-05-05,Rajasthan Royals,Pune Warriors,Jaipur,Sawai Mansingh Stadium,Pune Warriors,bat,Rajasthan Royals,wickets,5.0,,AM Rahane
598048,2013,2013-04-09,Royal Challengers Bengaluru,Sunrisers Hyderabad,Bengaluru,M Chinnaswamy Stadium,Sunrisers Hyderabad,bat,Royal Challengers Bengaluru,wickets,7.0,,V Kohli
598049,2013,2013-05-07,Rajasthan Royals,Delhi Capitals,Jaipur,Sawai Mansingh Stadium,Delhi Capitals,bat,Rajasthan Royals,wickets,9.0,,AM Rahane
598050,2013,2013-05-07,Mumbai Indians,Kolkata Knight Riders,Mumbai,Wankhede Stadium,Mumbai Indians,bat,Mumbai Indians,runs,65.0,,SR Tendulkar
598051,2013,2013-05-08,Sunrisers Hyderabad,Chennai Super Kings,Hyderabad,"Rajiv Gandhi International Stadium, Uppal",Sunrisers Hyderabad,field,Chennai Super Kings,runs,77.0,,SK Raina
598052,2013,2013-05-09,Punjab Kings,Rajasthan Royals,Chandigarh,"Punjab Cricket Association Stadium, Mohali",Rajasthan Royals,field,Rajasthan Royals,wickets,8.0,,KK Cooper
598053,2013,2013-05-09,Pune Warriors,Kolkata Knight Riders,Pune,Subrata Roy Sahara Stadium,Kolkata Knight Riders,bat,Kolkata Knight Riders,runs,46.0,,G Gambhir
598054,2013,2013-05-10,Delhi Capitals,Royal Challengers Bengaluru,Delhi,Feroz Shah Kotla,Delhi Capitals,field,Royal Challengers Bengaluru,runs,4.0,,JD Unadkat
598055,2013,2013-05-11,Pune Warriors,Mumbai Indians,Pune,Subrata Roy Sahara Stadium,Pune Warriors,bat,Mumbai Indians,wickets,5.0,,MG Johnson
598056,2013,2013-05-11,Punjab Kings,Sunrisers Hyderabad,Chandigarh,"Punjab Cricket Association Stadium, Mohali",Punjab Kings,field,Sunrisers Hyderabad,runs,30.0,,PA Patel
598057,2013,2013-05-12,Kolkata Knight Riders,Royal Challengers Bengaluru,Ranchi,JSCA International Stadium Complex,Kolkata Knight Riders,field,Kolkata Knight Riders,wickets,5.0,,JH Kallis
598058,2013,2013-05-12,Rajasthan Royals,Chennai Super Kings,Jaipur,Sawai Mansingh Stadium,Rajasthan Royals,field,Rajasthan Royals,wickets,5.0,,SR Watson
598059,2013,2013-04-23,Delhi Capitals,Punjab Kings,Delhi,Feroz Shah Kotla,Punjab Kings,field,Punjab Kings,wickets,5.0,,Harmeet Singh
598060,2013,2013-05-13,Mumbai Indians,Sunrisers Hyderabad,Mumbai,Wankhede Stadium,Sunrisers Hyderabad,bat,Mumbai Indians,wickets,7.0,,KA Pollard
598061,2013,2013-05-15,Kolkata Knight Riders,Pune Warriors,Ranchi,JSCA International Stadium Complex,Kolkata Knight Riders,field,Pune Warriors,runs,7.0,,MK Pandey
598062,2013,2013-05-14,Chennai Super Kings,Delhi Capitals,Chennai,"MA Chidambaram Stadium, Chepauk",Chennai Super Kings,bat,Chennai Super Kings,runs,33.0,,MS Dhoni
598063,2013,2013-05-15,Mumbai Indians,Rajasthan Royals,Mumbai,Wankhede Stadium,Rajasthan Royals,field,Mumbai Indians,runs,14.0,,AP Tare
598064,2013,2013-05-06,Punjab Kings,Royal Challengers Bengaluru,Chandigarh,"Punjab Cricket Association Stadium, Mohali",Punjab Kings,field,Punjab Kings,wickets,6.0,,DA Miller
598065,2013,2013-05-17,Sunrisers Hyderabad,Rajasthan Royals,Hyderabad,"Rajiv Gandhi International Stadium, Uppal",Sunrisers Hyderabad,bat,Sunrisers Hyderabad,runs,23.0,,A Mishra
598066,2013,2013-05-18,Punjab Kings,Mumbai Indians,Dharamsala,Himachal Pradesh Cricket Association Stadium,Mumbai Indians,field,Punjab Kings,runs,50.0,,Azhar Mahmood
598067,2013,2013-05-19,Pune Warriors,Delhi Capitals,Pune,Subrata Roy Sahara Stadium,Pune Warriors,bat,Pune Warriors,runs,38.0,,LJ Wright
598068,2013,2013-05-18,Royal Challengers Bengaluru,Chennai Super Kings,Bengaluru,M Chinnaswamy Stadium,Chennai Super Kings,field,Royal Challengers Bengaluru,runs,24.0,,V Kohli
598069,2013,2013-05-19,Sunrisers Hyderabad,Kolkata Knight Riders,Hyderabad,"Rajiv Gandhi International Stadium, Uppal",Kolkata Knight Riders,bat,Sunrisers Hyderabad,wickets,5.0,,PA Patel
598070,2013,2013-05-21,Chennai Super Kings,Mumbai Indians,Delhi,Feroz Shah Kotla,Chennai Super Kings,bat,Chennai Super Kings,runs,48.0,,MEK Hussey
598071,2013,2013-05-22,Rajasthan Royals,Sunrisers Hyderabad,Delhi,Feroz Shah Kotla,Sunrisers Hyderabad,bat,Rajasthan Royals,wickets,4.0,,BJ Hodge
598072,2013,2013-05-24,Mumbai Indians,Rajasthan Royals,Kolkata,Eden Gardens,Rajasthan Royals,bat,Mumbai Indians,wickets,4.0,,Harbhajan Singh
598073,2013,2013-05-26,Chennai Super Kings,Mumbai Indians,Kolkata,Eden Gardens,Mumbai Indians,bat,Mumbai Indians,runs,23.0,,KA Pollard
729279,2014,2014-04-16,Mumbai Indians,Kolkata Knight Riders,Abu Dhabi,Sheikh Zayed Stadium,Kolkata Knight Riders,bat,Kolkata Knight Riders,runs,41.0,,JH Kallis
729281,2014,2014-04-17,Delhi Capitals,Royal Challengers Bengaluru,,Sharjah Cricket Stadium,Royal Challengers Bengaluru,field,Royal Challengers Bengaluru,wickets,8.0,,YS Chahal
729283,2014,2014-04-18,Chennai Super Kings,Punjab Kings,Abu Dhabi,Sheikh Zayed Stadium,Chennai Super Kings,bat,Punjab Kings,wickets,6.0,,GJ Maxwell
729285,2014,2014-04-18,Sunrisers Hyderabad,Rajasthan Royals,Abu Dhabi,Sheikh Zayed Stadium,Rajasthan Royals,field,Rajasthan Royals,wickets,4.0,,AM Rahane
729287,2014,2014-04-19,Royal Challengers Bengaluru,Mumbai Indians,,Dubai International Cricket Stadium,Royal Challengers Bengaluru,field,Royal Challengers Bengaluru,wickets,7.0,,PA Patel
729289,2014,2014-04-19,Kolkata Knight Riders,Delhi Capitals,,Dubai International Cricket Stadium,Kolkata Knight Riders,bat,Delhi Capitals,wickets,4.0,,JP Duminy
729291,2014,2014-04-20,Rajasthan Royals,Punjab Kings,,Sharjah Cricket Stadium,Punjab Kings,field,Punjab Kings,wickets,7.0,,GJ Maxwell
729293,2014,2014-04-21,Chennai Super Kings,Delhi Capitals,Abu Dhabi,Sheikh Zayed Stadium,Chennai Super Kings,bat,Chennai Super Kings,runs,93.0,,SK Raina
729295,2014,2014-04-22,Punjab Kings,Sunrisers Hyderabad,,Sharjah Cricket Stadium,Sunrisers Hyderabad,field,Punjab Kings,runs,72.0,,GJ Maxwell
729297,2014,2014-04-23,Rajasthan Royals,Chennai Super Kings,,Dubai International Cricket Stadium,Rajasthan Royals,field,Chennai Super Kings,runs,7.0,,RA Jadeja
729299,2014,2014-04-24,Royal Challengers Bengaluru,Kolkata Knight Riders,,Sharjah Cricket Stadium,Royal Challengers Bengaluru,field,Kolkata Knight Riders,runs,2.0,,CA Lynn
729301,2014,2014-04-25,Sunrisers Hyderabad,Delhi Capitals,,Dubai International Cricket Stadium,Sunrisers Hyderabad,bat,Sunrisers Hyderabad,runs,4.0,,AJ Finch
729303,2014,2014-04-25,Chennai Super Kings,Mumbai Indians,,Dubai International Cricket Stadium,Mumbai Indians,bat,Chennai Super Kings,wickets,7.0,,MM Sharma
729305,2014,2014-04-26,Rajasthan Royals,Royal Challengers Bengaluru,Abu Dhabi,Sheikh Zayed Stadium,Rajasthan Royals,field,Rajasthan Royals,wickets,6.0,,PV Tambe
729307,2014,2014-04-26,Kolkata Knight Riders,Punjab Kings,Abu Dhabi,Sheikh Zayed Stadium,Kolkata Knight Riders,field,Punjab Kings,runs,23.0,,Sandeep Sharma
729309,2014,2014-04-27,Delhi Capitals,Mumbai Indians,,Sharjah Cricket Stadium,Mumbai Indians,bat,Delhi Capitals,wickets,6.0,,M Vijay
729311,2014,2014-04-27,Sunrisers Hyderabad,Chennai Super Kings,,Sharjah Cricket Stadium,Sunrisers Hyderabad,bat,Chennai Super Kings,wickets,5.0,,DR Smith
729313,2014,2014-04-28,Punjab Kings,Royal Challengers Bengaluru,,Dubai International Cricket Stadium,Punjab Kings,field,Punjab Kings,wickets,5.0,,Sandeep Sharma
729315,2014,2014-04-29,Kolkata Knight Riders,Rajasthan Royals,Abu Dhabi,Sheikh Zayed Stadium,Rajasthan Royals,bat,Rajasthan Royals,,,tie,JP Faulkner
729317,2014,2014-04-30,Mumbai Indians,Sunrisers Hyderabad,,Dubai International Cricket Stadium,Mumbai Indians,field,Sunrisers Hyderabad,runs,15.0,,B Kumar
733971,2014,2014-05-02,Chennai Super Kings,Kolkata Knight Riders,Ranchi,JSCA International Stadium Complex,Chennai Super Kings,bat,Chennai Super Kings,runs,34.0,,RA Jadeja
733973,2014,2014-05-03,Mumbai Indians,Punjab Kings,Mumbai,Wankhede Stadium,Punjab Kings,bat,Mumbai Indians,wickets,5.0,,CJ Anderson
733975,2014,2014-05-03,Delhi Capitals,Rajasthan Royals,Delhi,Feroz Shah Kotla,Rajasthan Royals,field,Rajasthan Royals,wickets,7.0,,KK Nair
733977,2014,2014-05-04,Royal Challengers Bengaluru,Sunrisers Hyderabad,Bengaluru,M Chinnaswamy Stadium,Royal Challengers Bengaluru,field,Royal Challengers Bengaluru,wickets,4.0,,AB de Villiers
733979,2014,2014-05-05,Rajasthan Royals,Kolkata Knight Riders,Ahmedabad,"Sardar Patel Stadium, Motera",Kolkata Knight Riders,field,Rajasthan Royals,runs,10.0,,PV Tambe
733981,2014,2014-05-05,Delhi Capitals,Chennai Super Kings,Delhi,Feroz Shah Kotla,Chennai Super Kings,field,Chennai Super Kings,wickets,8.0,,DR Smith
733983,2014,2014-05-06,Mumbai Indians,Royal Challengers Bengaluru,Mumbai,Wankhede Stadium,Royal Challengers Bengaluru,field,Mumbai Indians,runs,19.0,,RG Sharma
733985,2014,2014-05-07,Delhi Capitals,Kolkata Knight Riders,Delhi,Feroz Shah Kotla,Delhi Capitals,bat,Kolkata Knight Riders,wickets,8.0,,G Gambhir
733987,2014,2014-05-07,Punjab Kings,Chennai Super Kings,Cuttack,Barabati Stadium,Chennai Super Kings,field,Punjab Kings,runs,44.0,,GJ Maxwell
733989,2014,2014-05-08,Rajasthan Royals,Sunrisers Hyderabad,Ahmedabad,"Sardar Patel Stadium, Motera",Rajasthan Royals,field,Sunrisers Hyderabad,runs,32.0,,B Kumar
733991,2014,2014-05-09,Royal Challengers Bengaluru,Punjab Kings,Bengaluru,M Chinnaswamy Stadium,Royal Challengers Bengaluru,field,Punjab Kings,runs,32.0,,Sandeep Sharma
733993,2014,2014-05-10,Delhi Capitals,Sunrisers Hyderabad,Delhi,Feroz Shah Kotla,Sunrisers Hyderabad,field,Sunrisers Hyderabad,wickets,8.0,,DW Steyn
733995,2014,2014-05-10,Mumbai Indians,Chennai Super Kings,Mumbai,Wankhede Stadium,Chennai Super Kings,field,Chennai Super Kings,wickets,4.0,,DR Smith
733997,2014,2014-05-11,Punjab Kings,Kolkata Knight Riders,Cuttack,Barabati Stadium,Kolkata Knight Riders,field,Kolkata Knight Riders,wickets,9.0,,G Gambhir
733999,2014,2014-05-11,Royal Challengers Bengaluru,Rajasthan Royals,Bengaluru,M Chinnaswamy Stadium,Royal Challengers Bengaluru,bat,Rajasthan Royals,wickets,5.0,,JP Faulkner
734001,2014,2014-05-12,Sunrisers Hyderabad,Mumbai Indians,Hyderabad,"Rajiv Gandhi International Stadium, Uppal",Sunrisers Hyderabad,bat,Mumbai Indians,wickets,7.0,,AT Rayudu
734003,2014,2014-05-13,Chennai Super Kings,Rajasthan Royals,Ranchi,JSCA International Stadium Complex,Rajasthan Royals,bat,Chennai Super Kings,wickets,5.0,,RA Jadeja
734005,2014,2014-05-13,Royal Challengers Bengaluru,Delhi Capitals,Bengaluru,M Chinnaswamy Stadium,Delhi Capitals,field,Royal Challengers Bengaluru,runs,16.0,,Yuvraj Singh
734007,2014,2014-05-14,Sunrisers Hyderabad,Punjab Kings,Hyderabad,"Rajiv Gandhi International Stadium, Uppal",Punjab Kings,field,Punjab Kings,wickets,6.0,,WP Saha
734009,2014,2014-05-14,Kolkata Knight Riders,Mumbai Indians,Cuttack,Barabati Stadium,Kolkata Knight Riders,field,Kolkata Knight Riders,wickets,6.0,,RV Uthappa
734011,2014,2014-05-15,Rajasthan Royals,Delhi Capitals,Ahmedabad,"Sardar Patel Stadium, Motera",Delhi Capitals,field,Rajasthan Royals,runs,62.0,,AM Rahane
734013,2014,2014-05-18,Chennai Super Kings,Royal Challengers Bengaluru,Ranchi,JSCA International Stadium Complex,Chennai Super Kings,bat,Royal Challengers Bengaluru,wickets,5.0,,AB de Villiers
734015,2014,2014-05-18,Sunrisers Hyderabad,Kolkata Knight Riders,Hyderabad,"Rajiv Gandhi International Stadium, Uppal",Sunrisers Hyderabad,bat,Kolkata Knight Riders,wickets,7.0,,UT Yadav
734017,2014,2014-05-19,Rajasthan Royals,Mumbai Indians,Ahmedabad,"Sardar Patel Stadium, Motera",Mumbai Indians,bat,Mumbai Indians,runs,25.0,,MEK Hussey
734019,2014,2014-05-19,Delhi Capitals,Punjab Kings,Delhi,Feroz Shah Kotla,Punjab Kings,field,Punjab Kings,wickets,4.0,,AR Patel
734021,2014,2014-05-20,Sunrisers Hyderabad,Royal Challengers Bengaluru,Hyderabad,"Rajiv Gandhi International Stadium, Uppal",Royal Challengers Bengaluru,bat,Sunrisers Hyderabad,wickets,7.0,,DA Warner
734023,2014,2014-05-20,Kolkata Knight Riders,Chennai Super Kings,Kolkata,Eden Gardens,Kolkata Knight Riders,field,Kolkata Knight Riders,wickets,8.0,,RV Uthappa
734025,2014,2014-05-21,Punjab Kings,Mumbai Indians,Chandigarh,"Punjab Cricket Association Stadium, Mohali",Mumbai Indians,field,Mumbai Indians,wickets,7.0,,LMP Simmons
734027,2014,2014-05-22,Kolkata Knight Riders,Royal Challengers Bengaluru,Kolkata,Eden Gardens,Royal Challengers Bengaluru,field,Kolkata Knight Riders,runs,30.0,,RV Uthappa
734029,2014,2014-05-22,Chennai Super Kings,Sunrisers Hyderabad,Ranchi,JSCA International Stadium Complex,Sunrisers Hyderabad,field,Sunrisers Hyderabad,wickets,6.0,,DA Warner
734031,2014,2014-05-23,Mumbai Indians,Delhi Capitals,Mumbai,Wankhede Stadium,Delhi Capitals,field,Mumbai Indians,runs,15.0,,MEK Hussey
734033,2014,2014-05-23,Punjab Kings,Rajasthan Royals,Chandigarh,"Punjab Cricket Association Stadium, Mohali",Rajasthan Royals,field,Punjab Kings,runs,16.0,,SE Marsh
734035,2014,2014-05-24,Royal Challengers Bengaluru,Chennai Super Kings,Bengaluru,M Chinnaswamy Stadium,Chennai Super Kings,field,Chennai Super Kings,wickets,8.0,,MS Dhoni
734037,2014,2014-05-24,Kolkata Knight Riders,Sunrisers Hyderabad,Kolkata,Eden Gardens,Kolkata Knight Riders,field,Kolkata Knight Riders,wickets,4.0,,YK Pathan
734039,2014,2014-05-25,Punjab Kings,Delhi Capitals,Chandigarh,"Punjab Cricket Association Stadium, Mohali",Punjab Kings,field,Punjab Kings,wickets,7.0,,M Vohra
734041,2014,2014-05-25,Mumbai Indians,Rajasthan Royals,Mumbai,Wankhede Stadium,Mumbai Indians,field,Mumbai Indians,wickets,5.0,,CJ Anderson
734043,2014,2014-05-27,Punjab Kings,Kolkata Knight Riders,Kolkata,Eden Gardens,Punjab Kings,field,Kolkata Knight Riders,runs,28.0,,UT Yadav
734045,2014,2014-05-28,Chennai Super Kings,Mumbai Indians,Mumbai,Brabourne Stadium,Chennai Super Kings,field,Chennai Super Kings,wickets,7.0,,SK Raina
734047,2014,2014-05-30,Chennai Super Kings,Punjab Kings,Mumbai,Wankhede Stadium,Chennai Super Kings,field,Punjab Kings,runs,24.0,,V Sehwag
734049,2014,2014-06-01,Kolkata Knight Riders,Punjab Kings,Bengaluru,M Chinnaswamy Stadium,Kolkata Knight Riders,field,Kolkata Knight Riders,wickets,3.0,,MK Pandey
829705,2015,2015-04-08,Kolkata Knight Riders,Mumbai Indians,Kolkata,Eden Gardens,Kolkata Knight Riders,field,Kolkata Knight Riders,wickets,7.0,,M Morkel
829707,2015,2015-04-09,Chennai Super Kings,Delhi Capitals,Chennai,"MA Chidambaram Stadium, Chepauk",Delhi Capitals,field,Chennai Super Kings,runs,1.0,,A Nehra
829709,2015,2015-04-10,Punjab Kings,Rajasthan Royals,Pune,Maharashtra Cricket Association Stadium,Punjab Kings,field,Rajasthan Royals,runs,26.0,,JP Faulkner
829711,2015,2015-04-11,Chennai Super Kings,Sunrisers Hyderabad,Chennai,"MA Chidambaram Stadium, Chepauk",Chennai Super Kings,bat,Chennai Super Kings,runs,45.0,,BB McCullum
829713,2015,2015-04-11,Kolkata Knight Riders,Royal Challengers Bengaluru,Kolkata,Eden Gardens,Royal Challengers Bengaluru,field,Royal Challengers Bengaluru,wickets,3.0,,CH Gayle
829715,2015,2015-04-12,Delhi Capitals,Rajasthan Royals,Delhi,Feroz Shah Kotla,Rajasthan Royals,field,Rajasthan Royals,wickets,3.0,,DJ Hooda
829717,2015,2015-04-12,Mumbai Indians,Punjab Kings,Mumbai,Wankhede Stadium,Mumbai Indians,field,Punjab Kings,runs,18.0,,GJ Bailey
829719,2015,2015-04-13,Royal Challengers Bengaluru,Sunrisers Hyderabad,Bengaluru,M Chinnaswamy Stadium,Sunrisers Hyderabad,field,Sunrisers Hyderabad,wickets,8.0,,DA Warner
829721,2015,2015-04-14,Rajasthan Royals,Mumbai Indians,Ahmedabad,"Sardar Patel Stadium, Motera",Mumbai Indians,bat,Rajasthan Royals,wickets,7.0,,SPD Smith
829723,2015,2015-04-30,Kolkata Knight Riders,Chennai Super Kings,Kolkata,Eden Gardens,Kolkata Knight Riders,field,Kolkata Knight Riders,wickets,7.0,,AD Russell
829725,2015,2015-04-15,Punjab Kings,Delhi Capitals,Pune,Maharashtra Cricket Association Stadium,Punjab Kings,bat,Delhi Capitals,wickets,5.0,,MA Agarwal
829727,2015,2015-04-16,Sunrisers Hyderabad,Rajasthan Royals,Visakhapatnam,Dr. Y.S. Rajasekhara Reddy ACA-VDCA Cricket Stadium,Rajasthan Royals,field,Rajasthan Royals,wickets,6.0,,AM Rahane
829729,2015,2015-04-17,Mumbai Indians,Chennai Super Kings,Mumbai,Wankhede Stadium,Mumbai Indians,bat,Chennai Super Kings,wickets,6.0,,A Nehra
829731,2015,2015-04-18,Sunrisers Hyderabad,Delhi Capitals,Visakhapatnam,Dr. Y.S. Rajasekhara Reddy ACA-VDCA Cricket Stadium,Delhi Capitals,bat,Delhi Capitals,runs,4.0,,JP Duminy
829733,2015,2015-04-18,Punjab Kings,Kolkata Knight Riders,Pune,Maharashtra Cricket Association Stadium,Kolkata Knight Riders,field,Kolkata Knight Riders,wickets,4.0,,AD Russell
829735,2015,2015-04-19,Rajasthan Royals,Chennai Super Kings,Ahmedabad,"Sardar Patel Stadium, Motera",Chennai Super Kings,bat,Rajasthan Royals,wickets,8.0,,AM Rahane
829737,2015,2015-04-19,Royal Challengers Bengaluru,Mumbai Indians,Bengaluru,M Chinnaswamy Stadium,Royal Challengers Bengaluru,field,Mumbai Indians,runs,18.0,,Harbhajan Singh
829739,2015,2015-04-20,Delhi Capitals,Kolkata Knight Riders,Delhi,Feroz Shah Kotla,Kolkata Knight Riders,field,Kolkata Knight Riders,wickets,6.0,,UT Yadav
829741,2015,2015-04-21,Rajasthan Royals,Punjab Kings,Ahmedabad,"Sardar Patel Stadium, Motera",Punjab Kings,field,Punjab Kings,,,tie,SE Marsh
829743,2015,2015-04-22,Sunrisers Hyderabad,Kolkata Knight Riders,Visakhapatnam,Dr. Y.S. Rajasekhara Reddy ACA-VDCA Cricket Stadium,Kolkata Knight Riders,field,Sunrisers Hyderabad,runs,16.0,,DA Warner
829745,2015,2015-04-22,Royal Challengers Bengaluru,Chennai Super Kings,Bengaluru,M Chinnaswamy Stadium,Royal Challengers Bengaluru,field,Chennai Super Kings,runs,27.0,,SK Raina
829747,2015,2015-04-23,Delhi Capitals,Mumbai Indians,Delhi,Feroz Shah Kotla,Mumbai Indians,field,Delhi Capitals,runs,37.0,,SS Iyer
829749,2015,2015-04-24,Rajasthan Royals,Royal Challengers Bengaluru,Ahmedabad,"Sardar Patel Stadium, Motera",Royal Challengers Bengaluru,field,Royal Challengers Bengaluru,wickets,9.0,,MA Starc
829751,2015,2015-04-25,Mumbai Indians,Sunrisers Hyderabad,Mumbai,Wankhede Stadium,Mumbai Indians,bat,Mumbai Indians,runs,20.0,,SL Malinga
829753,2015,2015-04-25,Chennai Super Kings,Punjab Kings,Chennai,"MA Chidambaram Stadium, Chepauk",Chennai Super Kings,bat,Chennai Super Kings,runs,97.0,,BB McCullum
829757,2015,2015-04-26,Delhi Capitals,Royal Challengers Bengaluru,Delhi,Feroz Shah Kotla,Royal Challengers Bengaluru,field,Royal Challengers Bengaluru,wickets,10.0,,VR Aaron
829759,2015,2015-04-27,Punjab Kings,Sunrisers Hyderabad,Chandigarh,"Punjab Cricket Association Stadium, Mohali",Punjab Kings,field,Sunrisers Hyderabad,runs,20.0,,TA Boult
829761,2015,2015-05-07,Kolkata Knight Riders,Delhi Capitals,Kolkata,Eden Gardens,Kolkata Knight Riders,bat,Kolkata Knight Riders,runs,13.0,,PP Chawla
829763,2015,2015-04-29,Royal Challengers Bengaluru,Rajasthan Royals,Bengaluru,M Chinnaswamy Stadium,Rajasthan Royals,field,,,,no result,
829765,2015,2015-04-28,Chennai Super Kings,Kolkata Knight Riders,Chennai,"MA Chidambaram Stadium, Chepauk",Kolkata Knight Riders,field,Chennai Super Kings,runs,2.0,,DJ Bravo
829767,2015,2015-05-01,Delhi Capitals,Punjab Kings,Delhi,Feroz Shah Kotla,Delhi Capitals,field,Delhi Capitals,wickets,9.0,,NM Coulter-Nile
829769,2015,2015-05-01,Mumbai Indians,Rajasthan Royals,Mumbai,Wankhede Stadium,Rajasthan Royals,field,Mumbai Indians,runs,8.0,,AT Rayudu
829771,2015,2015-05-02,Royal Challengers Bengaluru,Kolkata Knight Riders,Bengaluru,M Chinnaswamy Stadium,Royal Challengers Bengaluru,field,Royal Challengers Bengaluru,wickets,7.0,,Mandeep Singh
829773,2015,2015-05-02,Sunrisers Hyderabad,Chennai Super Kings,Hyderabad,"Rajiv Gandhi International Stadium, Uppal",Chennai Super Kings,field,Sunrisers Hyderabad,runs,22.0,,DA Warner
829775,2015,2015-05-03,Punjab Kings,Mumbai Indians,Chandigarh,"Punjab Cricket Association Stadium, Mohali",Mumbai Indians,bat,Mumbai Indians,runs,23.0,,LMP Simmons
829777,2015,2015-05-03,Rajasthan Royals,Delhi Capitals,Mumbai,Brabourne Stadium,Delhi Capitals,field,Rajasthan Royals,runs,14.0,,AM Rahane
829779,2015,2015-05-04,Chennai Super Kings,Royal Challengers Bengaluru,Chennai,"MA Chidambaram Stadium, Chepauk",Chennai Super Kings,bat,Chennai Super Kings,runs,24.0,,SK Raina
829781,2015,2015-05-04,Kolkata Knight Riders,Sunrisers Hyderabad,Kolkata,Eden Gardens,Sunrisers Hyderabad,field,Kolkata Knight Riders,runs,35.0,,UT Yadav
829783,2015,2015-05-05,Mumbai Indians,Delhi Capitals,Mumbai,Wankhede Stadium,Delhi Capitals,bat,Mumbai Indians,wickets,5.0,,Harbhajan Singh
829785,2015,2015-05-06,Royal Challengers Bengaluru,Punjab Kings,Bengaluru,M Chinnaswamy Stadium,Punjab Kings,field,Royal Challengers Bengaluru,runs,138.0,,CH Gayle
829787,2015,2015-05-07,Rajasthan Royals,Sunrisers Hyderabad,Mumbai,Brabourne Stadium,Rajasthan Royals,field,Sunrisers Hyderabad,runs,7.0,,EJG Morgan
829789,2015,2015-05-08,Chennai Super Kings,Mumbai Indians,Chennai,"MA Chidambaram Stadium, Chepauk",Chennai Super Kings,bat,Mumbai Indians,wickets,6.0,,HH Pandya
829791,2015,2015-05-09,Kolkata Knight Riders,Punjab Kings,Kolkata,Eden Gardens,Punjab Kings,bat,Kolkata Knight Riders,wickets,1.0,,AD Russell
829793,2015,2015-05-09,Delhi Capitals,Sunrisers Hyderabad,Raipur,Shaheed Veer Narayan Singh International Stadium,Sunrisers Hyderabad,bat,Sunrisers Hyderabad,runs,6.0,,MC Henriques
829795,2015,2015-05-10,Mumbai Indians,Royal Challengers Bengaluru,Mumbai,Wankhede Stadium,Royal Challengers Bengaluru,bat,Royal Challengers Bengaluru,runs,39.0,,AB de Villiers
829797,2015,2015-05-10,Chennai Super Kings,Rajasthan Royals,Chennai,"MA Chidambaram Stadium, Chepauk",Chennai Super Kings,bat,Chennai Super Kings,runs,12.0,,RA Jadeja
829799,2015,2015-05-11,Sunrisers Hyderabad,Punjab Kings,Hyderabad,"Rajiv Gandhi International Stadium, Uppal",Sunrisers Hyderabad,bat,Sunrisers Hyderabad,runs,5.0,,DA Warner
829801,2015,2015-05-12,Delhi Capitals,Chennai Super Kings,Raipur,Shaheed Veer Narayan Singh International Stadium,Chennai Super Kings,bat,Delhi Capitals,wickets,6.0,,Z Khan
829803,2015,2015-05-13,Punjab Kings,Royal Challengers Bengaluru,Chandigarh,"Punjab Cricket Association Stadium, Mohali",Royal Challengers Bengaluru,field,Punjab Kings,runs,22.0,,AR Patel
829805,2015,2015-05-14,Mumbai Indians,Kolkata Knight Riders,Mumbai,Wankhede Stadium,Kolkata Knight Riders,field,Mumbai Indians,runs,5.0,,HH Pandya
829807,2015,2015-05-15,Sunrisers Hyderabad,Royal Challengers Bengaluru,Hyderabad,"Rajiv Gandhi International Stadium, Uppal",Sunrisers Hyderabad,bat,Royal Challengers Bengaluru,wickets,6.0,,V Kohli
829809,2015,2015-05-16,Punjab Kings,Chennai Super Kings,Chandigarh,"Punjab Cricket Association Stadium, Mohali",Punjab Kings,bat,Chennai Super Kings,wickets,7.0,,P Negi
829811,2015,2015-05-16,Rajasthan Royals,Kolkata Knight Riders,Mumbai,Brabourne Stadium,Rajasthan Royals,bat,Rajasthan Royals,runs,9.0,,SR Watson
829813,2015,2015-05-17,Royal Challengers Bengaluru,Delhi Capitals,Bengaluru,M Chinnaswamy Stadium,Royal Challengers Bengaluru,field,,,,no result,
829815,2015,2015-05-17,Sunrisers Hyderabad,Mumbai Indians,Hyderabad,"Rajiv Gandhi International Stadium, Uppal",Sunrisers Hyderabad,bat,Mumbai Indians,wickets,9.0,,MJ McClenaghan
829817,2015,2015-05-19,Chennai Super Kings,Mumbai Indians,Mumbai,Wankhede Stadium,Mumbai Indians,bat,Mumbai Indians,runs,25.0,,KA Pollard
829819,2015,2015-05-20,Royal Challengers Bengaluru,Rajasthan Royals,Pune,Maharashtra Cricket Association Stadium,Royal Challengers Bengaluru,bat,Royal Challengers Bengaluru,runs,71.0,,AB de Villiers
829821,2015,2015-05-22,Chennai Super Kings,Royal Challengers Bengaluru,Ranchi,JSCA International Stadium Complex,Chennai Super Kings,field,Chennai Super Kings,wickets,3.0,,A Nehra
829823,2015,2015-05-24,Mumbai Indians,Chennai Super Kings,Kolkata,Eden Gardens,Chennai Super Kings,field,Mumbai Indians,runs,41.0,,RG Sharma
980901,2016,2016-04-09,Mumbai Indians,Rising Pune Supergiant,Mumbai,Wankhede Stadium,Mumbai Indians,bat,Rising Pune Supergiant,wickets,9.0,,AM Rahane
980903,2016,2016-04-10,Kolkata Knight Riders,Delhi Capitals,Kolkata,Eden Gardens,Kolkata Knight Riders,field,Kolkata Knight Riders,wickets,9.0,,AD Russell
980905,2016,2016-04-11,Punjab Kings,Gujarat Lions,Chandigarh,"Punjab Cricket Association IS Bindra Stadium, Mohali",Gujarat Lions,field,Gujarat Lions,wickets,5.0,,AJ Finch
980907,2016,2016-04-12,Royal Challengers Bengaluru,Sunrisers Hyderabad,Bengaluru,M Chinnaswamy Stadium,Sunrisers Hyderabad,field,Royal Challengers Bengaluru,runs,45.0,,AB de Villiers
980909,2016,2016-04-13,Kolkata Knight Riders,Mumbai Indians,Kolkata,Eden Gardens,Mumbai Indians,field,Mumbai Indians,wickets,6.0,,RG Sharma
980911,2016,2016-04-14,Gujarat Lions,Rising Pune Supergiant,Rajkot,Saurashtra Cricket Association Stadium,Rising Pune Supergiant,bat,Gujarat Lions,wickets,7.0,,AJ Finch
980913,2016,2016-04-15,Delhi Capitals,Punjab Kings,Delhi,Feroz Shah Kotla,Delhi Capitals,field,Delhi Capitals,wickets,8.0,,A Mishra
980915,2016,2016-04-16,Sunrisers Hyderabad,Kolkata Knight Riders,Hyderabad,"Rajiv Gandhi International Stadium, Uppal",Sunrisers Hyderabad,bat,Kolkata Knight Riders,wickets,8.0,,G Gambhir
980917,2016,2016-04-16,Mumbai Indians,Gujarat Lions,Mumbai,Wankhede Stadium,Gujarat Lions,field,Gujarat Lions,wickets,3.0,,AJ Finch
980919,2016,2016-04-17,Punjab Kings,Rising Pune Supergiant,Chandigarh,"Punjab Cricket Association IS Bindra Stadium, Mohali",Rising Pune Supergiant,bat,Punjab Kings,wickets,6.0,,M Vohra
980921,2016,2016-04-17,Royal Challengers Bengaluru,Delhi Capitals,Bengaluru,M Chinnaswamy Stadium,Delhi Capitals,field,Delhi Capitals,wickets,7.0,,Q de Kock
980923,2016,2016-04-18,Sunrisers Hyderabad,Mumbai Indians,Hyderabad,"Rajiv Gandhi International Stadium, Uppal",Sunrisers Hyderabad,field,Sunrisers Hyderabad,wickets,7.0,,DA Warner
980925,2016,2016-04-19,Punjab Kings,Kolkata Knight Riders,Chandigarh,"Punjab Cricket Association IS Bindra Stadium, Mohali",Kolkata Knight Riders,field,Kolkata Knight Riders,wickets,6.0,,RV Uthappa
980927,2016,2016-04-20,Mumbai Indians,Royal Challengers Bengaluru,Mumbai,Wankhede Stadium,Mumbai Indians,field,Mumbai Indians,wickets,6.0,,RG Sharma
980929,2016,2016-04-21,Gujarat Lions,Sunrisers Hyderabad,Rajkot,Saurashtra Cricket Association Stadium,Sunrisers Hyderabad,field,Sunrisers Hyderabad,wickets,10.0,,B Kumar
980931,2016,2016-04-22,Rising Pune Supergiant,Royal Challengers Bengaluru,Pune,Maharashtra Cricket Association Stadium,Rising Pune Supergiant,field,Royal Challengers Bengaluru,runs,13.0,,AB de Villiers
980933,2016,2016-04-23,Delhi Capitals,Mumbai Indians,Delhi,Feroz Shah Kotla,Mumbai Indians,field,Delhi Capitals,runs,10.0,,SV Samson
980935,2016,2016-04-23,Sunrisers Hyderabad,Punjab Kings,Hyderabad,"Rajiv Gandhi International Stadium, Uppal",Sunrisers Hyderabad,field,Sunrisers Hyderabad,wickets,5.0,,Mustafizur Rahman
980937,2016,2016-04-24,Gujarat Lions,Royal Challengers Bengaluru,Rajkot,Saurashtra Cricket Association Stadium,Royal Challengers Bengaluru,bat,Gujarat Lions,wickets,6.0,,V Kohli
980939,2016,2016-04-24,Rising Pune Supergiant,Kolkata Knight Riders,Pune,Maharashtra Cricket Association Stadium,Kolkata Knight Riders,field,Kolkata Knight Riders,wickets,2.0,,SA Yadav
980941,2016,2016-04-25,Punjab Kings,Mumbai Indians,Chandigarh,"Punjab Cricket Association IS Bindra Stadium, Mohali",Punjab Kings,field,Mumbai Indians,runs,25.0,,PA Patel
980943,2016,2016-04-26,Sunrisers Hyderabad,Rising Pune Supergiant,Hyderabad,"Rajiv Gandhi International Stadium, Uppal",Rising Pune Supergiant,field,Rising Pune Supergiant,runs,34.0,,AB Dinda
980945,2016,2016-04-27,Delhi Capitals,Gujarat Lions,Delhi,Feroz Shah Kotla,Delhi Capitals,field,Gujarat Lions,runs,1.0,,CH Morris
980947,2016,2016-04-28,Mumbai Indians,Kolkata Knight Riders,Mumbai,Wankhede Stadium,Mumbai Indians,field,Mumbai Indians,wickets,6.0,,RG Sharma
980949,2016,2016-04-29,Rising Pune Supergiant,Gujarat Lions,Pune,Maharashtra Cricket Association Stadium,Gujarat Lions,field,Gujarat Lions,wickets,3.0,,DR Smith
980951,2016,2016-04-30,Delhi Capitals,Kolkata Knight Riders,Delhi,Feroz Shah Kotla,Kolkata Knight Riders,field,Delhi Capitals,runs,27.0,,CR Brathwaite
980953,2016,2016-04-30,Sunrisers Hyderabad,Royal Challengers Bengaluru,Hyderabad,"Rajiv Gandhi International Stadium, Uppal",Royal Challengers Bengaluru,field,Sunrisers Hyderabad,runs,15.0,,DA Warner
980955,2016,2016-05-01,Gujarat Lions,Punjab Kings,Rajkot,Saurashtra Cricket Association Stadium,Gujarat Lions,field,Punjab Kings,runs,23.0,,AR Patel
980957,2016,2016-05-01,Rising Pune Supergiant,Mumbai Indians,Pune,Maharashtra Cricket Association Stadium,Mumbai Indians,field,Mumbai Indians,wickets,8.0,,RG Sharma
980959,2016,2016-05-02,Royal Challengers Bengaluru,Kolkata Knight Riders,Bengaluru,M Chinnaswamy Stadium,Kolkata Knight Riders,field,Kolkata Knight Riders,wickets,5.0,,AD Russell
980961,2016,2016-05-03,Gujarat Lions,Delhi Capitals,Rajkot,Saurashtra Cricket Association Stadium,Delhi Capitals,field,Delhi Capitals,wickets,8.0,,RR Pant
980963,2016,2016-05-04,Kolkata Knight Riders,Punjab Kings,Kolkata,Eden Gardens,Punjab Kings,field,Kolkata Knight Riders,runs,7.0,,AD Russell
980965,2016,2016-05-05,Delhi Capitals,Rising Pune Supergiant,Delhi,Feroz Shah Kotla,Rising Pune Supergiant,field,Rising Pune Supergiant,wickets,7.0,,AM Rahane
980967,2016,2016-05-06,Sunrisers Hyderabad,Gujarat Lions,Hyderabad,"Rajiv Gandhi International Stadium, Uppal",Sunrisers Hyderabad,field,Sunrisers Hyderabad,wickets,5.0,,B Kumar
980969,2016,2016-05-07,Royal Challengers Bengaluru,Rising Pune Supergiant,Bengaluru,M Chinnaswamy Stadium,Royal Challengers Bengaluru,field,Royal Challengers Bengaluru,wickets,7.0,,V Kohli
980971,2016,2016-05-07,Punjab Kings,Delhi Capitals,Chandigarh,"Punjab Cricket Association IS Bindra Stadium, Mohali",Delhi Capitals,field,Punjab Kings,runs,9.0,,MP Stoinis
980973,2016,2016-05-08,Mumbai Indians,Sunrisers Hyderabad,Visakhapatnam,Dr. Y.S. Rajasekhara Reddy ACA-VDCA Cricket Stadium,Mumbai Indians,field,Sunrisers Hyderabad,runs,85.0,,A Nehra
980975,2016,2016-05-08,Kolkata Knight Riders,Gujarat Lions,Kolkata,Eden Gardens,Gujarat Lions,field,Gujarat Lions,wickets,5.0,,P Kumar
980977,2016,2016-05-09,Punjab Kings,Royal Challengers Bengaluru,Chandigarh,"Punjab Cricket Association IS Bindra Stadium, Mohali",Punjab Kings,field,Royal Challengers Bengaluru,runs,1.0,,SR Watson
980979,2016,2016-05-10,Rising Pune Supergiant,Sunrisers Hyderabad,Visakhapatnam,Dr. Y.S. Rajasekhara Reddy ACA-VDCA Cricket Stadium,Sunrisers Hyderabad,bat,Sunrisers Hyderabad,runs,4.0,,A Zampa
980981,2016,2016-05-11,Royal Challengers Bengaluru,Mumbai Indians,Bengaluru,M Chinnaswamy Stadium,Mumbai Indians,field,Mumbai Indians,wickets,6.0,,KH Pandya
980983,2016,2016-05-12,Sunrisers Hyderabad,Delhi Capitals,Hyderabad,"Rajiv Gandhi International Stadium, Uppal",Delhi Capitals,field,Delhi Capitals,wickets,7.0,,CH Morris
980985,2016,2016-05-13,Mumbai Indians,Punjab Kings,Visakhapatnam,Dr. Y.S. Rajasekhara Reddy ACA-VDCA Cricket Stadium,Mumbai Indians,bat,Punjab Kings,wickets,7.0,,MP Stoinis
980987,2016,2016-05-14,Royal Challengers Bengaluru,Gujarat Lions,Bengaluru,M Chinnaswamy Stadium,Gujarat Lions,field,Royal Challengers Bengaluru,runs,144.0,,AB de Villiers
980989,2016,2016-05-14,Kolkata Knight Riders,Rising Pune Supergiant,Kolkata,Eden Gardens,Rising Pune Supergiant,bat,Kolkata Knight Riders,wickets,8.0,,YK Pathan
980991,2016,2016-05-15,Punjab Kings,Sunrisers Hyderabad,Chandigarh,"Punjab Cricket Association IS Bindra Stadium, Mohali",Punjab Kings,bat,Sunrisers Hyderabad,wickets,7.0,,HM Amla
980993,2016,2016-05-15,Mumbai Indians,Delhi Capitals,Visakhapatnam,Dr. Y.S. Rajasekhara Reddy ACA-VDCA Cricket Stadium,Delhi Capitals,field,Mumbai Indians,runs,80.0,,KH Pandya
980995,2016,2016-05-16,Kolkata Knight Riders,Royal Challengers Bengaluru,Kolkata,Eden Gardens,Royal Challengers Bengaluru,field,Royal Challengers Bengaluru,wickets,9.0,,V Kohli
980997,2016,2016-05-17,Rising Pune Supergiant,Delhi Capitals,Visakhapatnam,Dr. Y.S. Rajasekhara Reddy ACA-VDCA Cricket Stadium,Rising Pune Supergiant,field,Rising Pune Supergiant,runs,19.0,,AB Dinda
980999,2016,2016-05-18,Royal Challengers Bengaluru,Punjab Kings,Bengaluru,M Chinnaswamy Stadium,Punjab Kings,field,Royal Challengers Bengaluru,runs,82.0,,V Kohli
981001,2016,2016-05-19,Gujarat Lions,Kolkata Knight Riders,Kanpur,Green Park,Gujarat Lions,field,Gujarat Lions,wickets,6.0,,DR Smith
981003,2016,2016-05-20,Delhi Capitals,Sunrisers Hyderabad,Raipur,Shaheed Veer Narayan Singh International Stadium,Delhi Capitals,field,Delhi Capitals,wickets,6.0,,KK Nair
981005,2016,2016-05-21,Rising Pune Supergiant,Punjab Kings,Visakhapatnam,Dr. Y.S. Rajasekhara Reddy ACA-VDCA Cricket Stadium,Punjab Kings,bat,Rising Pune Supergiant,wickets,4.0,,MS Dhoni
981007,2016,2016-05-21,Gujarat Lions,Mumbai Indians,Kanpur,Green Park,Gujarat Lions,field,Gujarat Lions,wickets,6.0,,SK Raina
981009,2016,2016-05-22,Kolkata Knight Riders,Sunrisers Hyderabad,Kolkata,Eden Gardens,Sunrisers Hyderabad,field,Kolkata Knight Riders,runs,22.0,,YK Pathan
981011,2016,2016-05-22,Delhi Capitals,Royal Challengers Bengaluru,Raipur,Shaheed Veer Narayan Singh International Stadium,Royal Challengers Bengaluru,field,Royal Challengers Bengaluru,wickets,6.0,,V Kohli
981013,2016,2016-05-24,Gujarat Lions,Royal Challengers Bengaluru,Bengaluru,M Chinnaswamy Stadium,Royal Challengers Bengaluru,field,Royal Challengers Bengaluru,wickets,4.0,,AB de Villiers
981015,2016,2016-05-25,Sunrisers Hyderabad,Kolkata Knight Riders,Delhi,Feroz Shah Kotla,Kolkata Knight Riders,field,Sunrisers Hyderabad,runs,22.0,,MC Henriques
981017,2016,2016-05-27,Gujarat Lions,Sunrisers Hyderabad,Delhi,Feroz Shah Kotla,Sunrisers Hyderabad,field,Sunrisers Hyderabad,wickets,4.0,,DA Warner
981019,2016,2016-05-29,Royal Challengers Bengaluru,Sunrisers Hyderabad,Bengaluru,M Chinnaswamy Stadium,Sunrisers Hyderabad,bat,Sunrisers Hyderabad,runs,8.0,,BCJ Cutting
1082591,2017,2017-04-05,Sunrisers Hyderabad,Royal Challengers Bengaluru,Hyderabad,"Rajiv Gandhi International Stadium, Uppal",Royal Challengers Bengaluru,field,Sunrisers Hyderabad,runs,35.0,,Yuvraj Singh
1082592,2017,2017-04-06,Rising Pune Supergiant,Mumbai Indians,Pune,Maharashtra Cricket Association Stadium,Rising Pune Supergiant,field,Rising Pune Supergiant,wickets,7.0,,SPD Smith
1082593,2017,2017-04-07,Gujarat Lions,Kolkata Knight Riders,Rajkot,Saurashtra Cricket Association Stadium,Kolkata Knight Riders,field,Kolkata Knight Riders,wickets,10.0,,CA Lynn
1082594,2017,2017-04-08,Punjab Kings,Rising Pune Supergiant,Indore,Holkar Cricket Stadium,Punjab Kings,field,Punjab Kings,wickets,6.0,,GJ Maxwell
1082595,2017,2017-04-08,Royal Challengers Bengaluru,Delhi Capitals,Bengaluru,M.Chinnaswamy Stadium,Royal Challengers Bengaluru,bat,Royal Challengers Bengaluru,runs,15.0,,KM Jadhav
1082596,2017,2017-04-09,Sunrisers Hyderabad,Gujarat Lions,Hyderabad,"Rajiv Gandhi International Stadium, Uppal",Sunrisers Hyderabad,field,Sunrisers Hyderabad,wickets,9.0,,Rashid Khan
1082597,2017,2017-04-09,Mumbai Indians,Kolkata Knight Riders,Mumbai,Wankhede Stadium,Mumbai Indians,field,Mumbai Indians,wickets,4.0,,N Rana
1082598,2017,2017-04-10,Punjab Kings,Royal Challengers Bengaluru,Indore,Holkar Cricket Stadium,Royal Challengers Bengaluru,bat,Punjab Kings,wickets,8.0,,AR Patel
1082599,2017,2017-04-11,Rising Pune Supergiant,Delhi Capitals,Pune,Maharashtra Cricket Association Stadium,Rising Pune Supergiant,field,Delhi Capitals,runs,97.0,,SV Samson
1082600,2017,2017-04-12,Mumbai Indians,Sunrisers Hyderabad,Mumbai,Wankhede Stadium,Mumbai Indians,field,Mumbai Indians,wickets,4.0,,JJ Bumrah
1082601,2017,2017-04-13,Kolkata Knight Riders,Punjab Kings,Kolkata,Eden Gardens,Kolkata Knight Riders,field,Kolkata Knight Riders,wickets,8.0,,SP Narine
1082602,2017,2017-04-14,Royal Challengers Bengaluru,Mumbai Indians,Bengaluru,M Chinnaswamy Stadium,Mumbai Indians,field,Mumbai Indians,wickets,4.0,,KA Pollard
1082603,2017,2017-04-14,Gujarat Lions,Rising Pune Supergiant,Rajkot,Saurashtra Cricket Association Stadium,Gujarat Lions,field,Gujarat Lions,wickets,7.0,,AJ Tye
1082604,2017,2017-04-15,Kolkata Knight Riders,Sunrisers Hyderabad,Kolkata,Eden Gardens,Sunrisers Hyderabad,field,Kolkata Knight Riders,runs,17.0,,RV Uthappa
1082605,2017,2017-04-15,Delhi Capitals,Punjab Kings,Delhi,Feroz Shah Kotla,Delhi Capitals,bat,Delhi Capitals,runs,51.0,,CJ Anderson
1082606,2017,2017-04-16,Mumbai Indians,Gujarat Lions,Mumbai,Wankhede Stadium,Mumbai Indians,field,Mumbai Indians,wickets,6.0,,N Rana
1082607,2017,2017-04-16,Royal Challengers Bengaluru,Rising Pune Supergiant,Bengaluru,M Chinnaswamy Stadium,Royal Challengers Bengaluru,field,Rising Pune Supergiant,runs,27.0,,BA Stokes
1082608,2017,2017-04-17,Delhi Capitals,Kolkata Knight Riders,Delhi,Feroz Shah Kotla,Delhi Capitals,bat,Kolkata Knight Riders,wickets,4.0,,NM Coulter-Nile
1082609,2017,2017-04-17,Sunrisers Hyderabad,Punjab Kings,Hyderabad,"Rajiv Gandhi International Stadium, Uppal",Punjab Kings,field,Sunrisers Hyderabad,runs,5.0,,B Kumar
1082610,2017,2017-04-18,Gujarat Lions,Royal Challengers Bengaluru,Rajkot,Saurashtra Cricket Association Stadium,Gujarat Lions,field,Royal Challengers Bengaluru,runs,21.0,,CH Gayle
1082611,2017,2017-04-19,Sunrisers Hyderabad,Delhi Capitals,Hyderabad,"Rajiv Gandhi International Stadium, Uppal",Sunrisers Hyderabad,bat,Sunrisers Hyderabad,runs,15.0,,KS Williamson
1082612,2017,2017-04-20,Punjab Kings,Mumbai Indians,Indore,Holkar Cricket Stadium,Mumbai Indians,field,Mumbai Indians,wickets,8.0,,JC Buttler
1082613,2017,2017-04-21,Kolkata Knight Riders,Gujarat Lions,Kolkata,Eden Gardens,Gujarat Lions,field,Gujarat Lions,wickets,4.0,,SK Raina
1082614,2017,2017-04-22,Mumbai Indians,Delhi Capitals,Mumbai,Wankhede Stadium,Delhi Capitals,field,Mumbai Indians,runs,14.0,,MJ McClenaghan
1082615,2017,2017-04-22,Rising Pune Supergiant,Sunrisers Hyderabad,Pune,Maharashtra Cricket Association Stadium,Rising Pune Supergiant,field,Rising Pune Supergiant,wickets,6.0,,MS Dhoni
1082616,2017,2017-04-23,Gujarat Lions,Punjab Kings,Rajkot,Saurashtra Cricket Association Stadium,Gujarat Lions,field,Punjab Kings,runs,26.0,,HM Amla
1082617,2017,2017-04-23,Kolkata Knight Riders,Royal Challengers Bengaluru,Kolkata,Eden Gardens,Royal Challengers Bengaluru,field,Kolkata Knight Riders,runs,82.0,,NM Coulter-Nile
1082618,2017,2017-04-24,Mumbai Indians,Rising Pune Supergiant,Mumbai,Wankhede Stadium,Mumbai Indians,field,Rising Pune Supergiant,runs,3.0,,BA Stokes
1082620,2017,2017-04-26,Rising Pune Supergiant,Kolkata Knight Riders,Pune,Maharashtra Cricket Association Stadium,Kolkata Knight Riders,field,Kolkata Knight Riders,wickets,7.0,,RV Uthappa
1082621,2017,2017-04-27,Royal Challengers Bengaluru,Gujarat Lions,Bengaluru,M Chinnaswamy Stadium,Gujarat Lions,field,Gujarat Lions,wickets,7.0,,AJ Tye
1082622,2017,2017-04-28,Kolkata Knight Riders,Delhi Capitals,Kolkata,Eden Gardens,Kolkata Knight Riders,field,Kolkata Knight Riders,wickets,7.0,,G Gambhir
1082623,2017,2017-04-28,Punjab Kings,Sunrisers Hyderabad,Chandigarh,"Punjab Cricket Association IS Bindra Stadium, Mohali",Punjab Kings,field,Sunrisers Hyderabad,runs,26.0,,Rashid Khan
1082624,2017,2017-04-29,Rising Pune Supergiant,Royal Challengers Bengaluru,Pune,Maharashtra Cricket Association Stadium,Royal Challengers Bengaluru,field,Rising Pune Supergiant,runs,61.0,,LH Ferguson
1082625,2017,2017-04-29,Gujarat Lions,Mumbai Indians,Rajkot,Saurashtra Cricket Association Stadium,Gujarat Lions,bat,Mumbai Indians,,,tie,KH Pandya
1082626,2017,2017-04-30,Punjab Kings,Delhi Capitals,Chandigarh,"Punjab Cricket Association IS Bindra Stadium, Mohali",Punjab Kings,field,Punjab Kings,wickets,10.0,,Sandeep Sharma
1082627,2017,2017-04-30,Sunrisers Hyderabad,Kolkata Knight Riders,Hyderabad,"Rajiv Gandhi International Stadium, Uppal",Kolkata Knight Riders,field,Sunrisers Hyderabad,runs,48.0,,DA Warner
1082628,2017,2017-05-01,Mumbai Indians,Royal Challengers Bengaluru,Mumbai,Wankhede Stadium,Royal Challengers Bengaluru,bat,Mumbai Indians,wickets,5.0,,RG Sharma
1082629,2017,2017-05-01,Rising Pune Supergiant,Gujarat Lions,Pune,Maharashtra Cricket Association Stadium,Rising Pune Supergiant,field,Rising Pune Supergiant,wickets,5.0,,BA Stokes
1082630,2017,2017-05-02,Delhi Capitals,Sunrisers Hyderabad,Delhi,Feroz Shah Kotla,Delhi Capitals,field,Delhi Capitals,wickets,6.0,,Mohammed Shami
1082631,2017,2017-05-03,Kolkata Knight Riders,Rising Pune Supergiant,Kolkata,Eden Gardens,Rising Pune Supergiant,field,Rising Pune Supergiant,wickets,4.0,,RA Tripathi
1082632,2017,2017-05-04,Delhi Capitals,Gujarat Lions,Delhi,Feroz Shah Kotla,Delhi Capitals,field,Delhi Capitals,wickets,7.0,,RR Pant
1082633,2017,2017-05-05,Royal Challengers Bengaluru,Punjab Kings,Bengaluru,M Chinnaswamy Stadium,Royal Challengers Bengaluru,field,Punjab Kings,runs,19.0,,Sandeep Sharma
1082634,2017,2017-05-06,Sunrisers Hyderabad,Rising Pune Supergiant,Hyderabad,"Rajiv Gandhi International Stadium, Uppal",Sunrisers Hyderabad,field,Rising Pune Supergiant,runs,12.0,,JD Unadkat
1082635,2017,2017-05-06,Delhi Capitals,Mumbai Indians,Delhi,Feroz Shah Kotla,Delhi Capitals,field,Mumbai Indians,runs,146.0,,LMP Simmons
1082636,2017,2017-05-07,Royal Challengers Bengaluru,Kolkata Knight Riders,Bengaluru,M Chinnaswamy Stadium,Kolkata Knight Riders,field,Kolkata Knight Riders,wickets,6.0,,SP Narine
1082637,2017,2017-05-07,Punjab Kings,Gujarat Lions,Chandigarh,"Punjab Cricket Association IS Bindra Stadium, Mohali",Gujarat Lions,field,Gujarat Lions,wickets,6.0,,DR Smith
1082638,2017,2017-05-08,Sunrisers Hyderabad,Mumbai Indians,Hyderabad,"Rajiv Gandhi International Stadium, Uppal",Mumbai Indians,bat,Sunrisers Hyderabad,wickets,7.0,,S Dhawan
1082639,2017,2017-05-09,Punjab Kings,Kolkata Knight Riders,Chandigarh,"Punjab Cricket Association IS Bindra Stadium, Mohali",Kolkata Knight Riders,field,Punjab Kings,runs,14.0,,MM Sharma
1082640,2017,2017-05-10,Gujarat Lions,Delhi Capitals,Kanpur,Green Park,Delhi Capitals,field,Delhi Capitals,wickets,2.0,,SS Iyer
1082641,2017,2017-05-11,Mumbai Indians,Punjab Kings,Mumbai,Wankhede Stadium,Mumbai Indians,field,Punjab Kings,runs,7.0,,WP Saha
1082642,2017,2017-05-12,Delhi Capitals,Rising Pune Supergiant,Delhi,Feroz Shah Kotla,Delhi Capitals,bat,Delhi Capitals,runs,7.0,,KK Nair
1082643,2017,2017-05-13,Gujarat Lions,Sunrisers Hyderabad,Kanpur,Green Park,Sunrisers Hyderabad,field,Sunrisers Hyderabad,wickets,8.0,,Mohammed Siraj
1082644,2017,2017-05-13,Kolkata Knight Riders,Mumbai Indians,Kolkata,Eden Gardens,Kolkata Knight Riders,field,Mumbai Indians,runs,9.0,,AT Rayudu
1082645,2017,2017-05-14,Rising Pune Supergiant,Punjab Kings,Pune,Maharashtra Cricket Association Stadium,Rising Pune Supergiant,field,Rising Pune Supergiant,wickets,9.0,,JD Unadkat
1082646,2017,2017-05-14,Delhi Capitals,Royal Challengers Bengaluru,Delhi,Feroz Shah Kotla,Royal Challengers Bengaluru,bat,Royal Challengers Bengaluru,runs,10.0,,HV Patel
1082647,2017,2017-05-16,Mumbai Indians,Rising Pune Supergiant,Mumbai,Wankhede Stadium,Mumbai Indians,field,Rising Pune Supergiant,runs,20.0,,Washington Sundar
1082648,2017,2017-05-17,Sunrisers Hyderabad,Kolkata Knight Riders,Bengaluru,M Chinnaswamy Stadium,Kolkata Knight Riders,field,Kolkata Knight Riders,wickets,7.0,,NM Coulter-Nile
1082649,2017,2017-05-19,Mumbai Indians,Kolkata Knight Riders,Bengaluru,M Chinnaswamy Stadium,Mumbai Indians,field,Mumbai Indians,wickets,6.0,,KV Sharma
1082650,2017,2017-05-21,Mumbai Indians,Rising Pune Supergiant,Hyderabad,"Rajiv Gandhi International Stadium, Uppal",Mumbai Indians,bat,Mumbai Indians,runs,1.0,,KH Pandya
1136561,2018,2018-04-07,Mumbai Indians,Chennai Super Kings,Mumbai,Wankhede Stadium,Chennai Super Kings,field,Chennai Super Kings,wickets,1.0,,DJ Bravo
1136562,2018,2018-04-08,Delhi Capitals,Punjab Kings,Chandigarh,Punjab Cricket Association IS Bindra Stadium,Punjab Kings,field,Punjab Kings,wickets,6.0,,KL Rahul
1136563,2018,2018-04-08,Royal Challengers Bengaluru,Kolkata Knight Riders,Kolkata,Eden Gardens,Kolkata Knight Riders,field,Kolkata Knight Riders,wickets,4.0,,SP Narine
1136564,2018,2018-04-09,Rajasthan Royals,Sunrisers Hyderabad,Hyderabad,Rajiv Gandhi International Stadium,Sunrisers Hyderabad,field,Sunrisers Hyderabad,wickets,9.0,,S Dhawan
1136565,2018,2018-04-10,Kolkata Knight Riders,Chennai Super Kings,Chennai,MA Chidambaram Stadium,Chennai Super Kings,field,Chennai Super Kings,wickets,5.0,,SW Billings
1136566,2018,2018-04-11,Rajasthan Royals,Delhi Capitals,Jaipur,Sawai Mansingh Stadium,Delhi Capitals,field,Rajasthan Royals,runs,10.0,,SV Samson
1136567,2018,2018-04-12,Mumbai Indians,Sunrisers Hyderabad,Hyderabad,Rajiv Gandhi International Stadium,Sunrisers Hyderabad,field,Sunrisers Hyderabad,wickets,1.0,,Rashid Khan
1136568,2018,2018-04-13,Punjab Kings,Royal Challengers Bengaluru,Bengaluru,M.Chinnaswamy Stadium,Royal Challengers Bengaluru,field,Royal Challengers Bengaluru,wickets,4.0,,UT Yadav
1136569,2018,2018-04-14,Mumbai Indians,Delhi Capitals,Mumbai,Wankhede Stadium,Delhi Capitals,field,Delhi Capitals,wickets,7.0,,JJ Roy
1136570,2018,2018-04-14,Kolkata Knight Riders,Sunrisers Hyderabad,Kolkata,Eden Gardens,Sunrisers Hyderabad,field,Sunrisers Hyderabad,wickets,5.0,,B Stanlake
1136571,2018,2018-04-15,Rajasthan Royals,Royal Challengers Bengaluru,Bengaluru,M.Chinnaswamy Stadium,Royal Challengers Bengaluru,field,Rajasthan Royals,runs,19.0,,SV Samson
1136572,2018,2018-04-15,Punjab Kings,Chennai Super Kings,Chandigarh,Punjab Cricket Association IS Bindra Stadium,Chennai Super Kings,field,Punjab Kings,runs,4.0,,CH Gayle
1136573,2018,2018-04-16,Kolkata Knight Riders,Delhi Capitals,Kolkata,Eden Gardens,Delhi Capitals,field,Kolkata Knight Riders,runs,71.0,,N Rana
1136574,2018,2018-04-17,Mumbai Indians,Royal Challengers Bengaluru,Mumbai,Wankhede Stadium,Royal Challengers Bengaluru,field,Mumbai Indians,runs,46.0,,RG Sharma
1136575,2018,2018-04-18,Rajasthan Royals,Kolkata Knight Riders,Jaipur,Sawai Mansingh Stadium,Kolkata Knight Riders,field,Kolkata Knight Riders,wickets,7.0,,N Rana
1136576,2018,2018-04-19,Punjab Kings,Sunrisers Hyderabad,Chandigarh,Punjab Cricket Association IS Bindra Stadium,Punjab Kings,bat,Punjab Kings,runs,15.0,,CH Gayle
1136577,2018,2018-04-20,Chennai Super Kings,Rajasthan Royals,Pune,Maharashtra Cricket Association Stadium,Rajasthan Royals,field,Chennai Super Kings,runs,64.0,,SR Watson
1136578,2018,2018-04-21,Kolkata Knight Riders,Punjab Kings,Kolkata,Eden Gardens,Punjab Kings,field,Punjab Kings,wickets,9.0,,KL Rahul
1136579,2018,2018-04-21,Delhi Capitals,Royal Challengers Bengaluru,Bengaluru,M.Chinnaswamy Stadium,Royal Challengers Bengaluru,field,Royal Challengers Bengaluru,wickets,6.0,,AB de Villiers
1136580,2018,2018-04-22,Chennai Super Kings,Sunrisers Hyderabad,Hyderabad,Rajiv Gandhi International Stadium,Sunrisers Hyderabad,field,Chennai Super Kings,runs,4.0,,AT Rayudu
1136581,2018,2018-04-22,Mumbai Indians,Rajasthan Royals,Jaipur,Sawai Mansingh Stadium,Mumbai Indians,bat,Rajasthan Royals,wickets,3.0,,JC Archer
1136582,2018,2018-04-23,Punjab Kings,Delhi Capitals,Delhi,Arun Jaitley Stadium,Delhi Capitals,field,Punjab Kings,runs,4.0,,AS Rajpoot
1136583,2018,2018-04-24,Sunrisers Hyderabad,Mumbai Indians,Mumbai,Wankhede Stadium,Mumbai Indians,field,Sunrisers Hyderabad,runs,31.0,,Rashid Khan
1136584,2018,2018-04-25,Royal Challengers Bengaluru,Chennai Super Kings,Bengaluru,M.Chinnaswamy Stadium,Chennai Super Kings,field,Chennai Super Kings,wickets,5.0,,MS Dhoni
1136585,2018,2018-04-26,Sunrisers Hyderabad,Punjab Kings,Hyderabad,Rajiv Gandhi International Stadium,Punjab Kings,field,Sunrisers Hyderabad,runs,13.0,,AS Rajpoot
1136586,2018,2018-04-27,Delhi Capitals,Kolkata Knight Riders,Delhi,Arun Jaitley Stadium,Kolkata Knight Riders,field,Delhi Capitals,runs,55.0,,SS Iyer
1136587,2018,2018-04-28,Chennai Super Kings,Mumbai Indians,Pune,Maharashtra Cricket Association Stadium,Mumbai Indians,field,Mumbai Indians,wickets,8.0,,RG Sharma
1136588,2018,2018-04-29,Sunrisers Hyderabad,Rajasthan Royals,Jaipur,Sawai Mansingh Stadium,Sunrisers Hyderabad,bat,Sunrisers Hyderabad,runs,11.0,,KS Williamson
1136589,2018,2018-04-29,Royal Challengers Bengaluru,Kolkata Knight Riders,Bengaluru,M.Chinnaswamy Stadium,Kolkata Knight Riders,field,Kolkata Knight Riders,wickets,6.0,,CA Lynn
1136590,2018,2018-04-30,Chennai Super Kings,Delhi Capitals,Pune,Maharashtra Cricket Association Stadium,Delhi Capitals,field,Chennai Super Kings,runs,13.0,,SR Watson
1136591,2018,2018-05-01,Royal Challengers Bengaluru,Mumbai Indians,Bengaluru,M.Chinnaswamy Stadium,Mumbai Indians,field,Royal Challengers Bengaluru,runs,14.0,,TG Southee
1136592,2018,2018-05-02,Delhi Capitals,Rajasthan Royals,Delhi,Arun Jaitley Stadium,Rajasthan Royals,field,Delhi Capitals,runs,4.0,,RR Pant
1136593,2018,2018-05-03,Chennai Super Kings,Kolkata Knight Riders,Kolkata,Eden Gardens,Kolkata Knight Riders,field,Kolkata Knight Riders,wickets,6.0,,SP Narine
1136594,2018,2018-05-04,Punjab Kings,Mumbai Indians,Indore,Holkar Cricket Stadium,Mumbai Indians,field,Mumbai Indians,wickets,6.0,,SA Yadav
1136595,2018,2018-05-05,Royal Challengers Bengaluru,Chennai Super Kings,Pune,Maharashtra Cricket Association Stadium,Chennai Super Kings,field,Chennai Super Kings,wickets,6.0,,RA Jadeja
1136596,2018,2018-05-05,Delhi Capitals,Sunrisers Hyderabad,Hyderabad,Rajiv Gandhi International Stadium,Delhi Capitals,bat,Sunrisers Hyderabad,wickets,7.0,,Rashid Khan
1136597,2018,2018-05-06,Mumbai Indians,Kolkata Knight Riders,Mumbai,Wankhede Stadium,Kolkata Knight Riders,field,Mumbai Indians,runs,13.0,,HH Pandya
1136598,2018,2018-05-06,Rajasthan Royals,Punjab Kings,Indore,Holkar Cricket Stadium,Punjab Kings,field,Punjab Kings,wickets,6.0,,Mujeeb Ur Rahman
1136599,2018,2018-05-07,Sunrisers Hyderabad,Royal Challengers Bengaluru,Hyderabad,Rajiv Gandhi International Stadium,Royal Challengers Bengaluru,field,Sunrisers Hyderabad,runs,5.0,,KS Williamson
1136600,2018,2018-05-08,Rajasthan Royals,Punjab Kings,Jaipur,Sawai Mansingh Stadium,Rajasthan Royals,bat,Rajasthan Royals,runs,15.0,,JC Buttler
1136601,2018,2018-05-09,Mumbai Indians,Kolkata Knight Riders,Kolkata,Eden Gardens,Kolkata Knight Riders,field,Mumbai Indians,runs,102.0,,Ishan Kishan
1136602,2018,2018-05-10,Delhi Capitals,Sunrisers Hyderabad,Delhi,Arun Jaitley Stadium,Delhi Capitals,bat,Sunrisers Hyderabad,wickets,9.0,,S Dhawan
1136603,2018,2018-05-11,Chennai Super Kings,Rajasthan Royals,Jaipur,Sawai Mansingh Stadium,Chennai Super Kings,bat,Rajasthan Royals,wickets,4.0,,JC Buttler
1136604,2018,2018-05-12,Kolkata Knight Riders,Punjab Kings,Indore,Holkar Cricket Stadium,Punjab Kings,field,Kolkata Knight Riders,runs,31.0,,SP Narine
1136605,2018,2018-05-12,Delhi Capitals,Royal Challengers Bengaluru,Delhi,Arun Jaitley Stadium,Royal Challengers Bengaluru,field,Royal Challengers Bengaluru,wickets,5.0,,AB de Villiers
1136606,2018,2018-05-13,Sunrisers Hyderabad,Chennai Super Kings,Pune,Maharashtra Cricket Association Stadium,Chennai Super Kings,field,Chennai Super Kings,wickets,8.0,,AT Rayudu
1136607,2018,2018-05-13,Mumbai Indians,Rajasthan Royals,Mumbai,Wankhede Stadium,Rajasthan Royals,field,Rajasthan Royals,wickets,7.0,,JC Buttler
1136608,2018,2018-05-14,Punjab Kings,Royal Challengers Bengaluru,Indore,Holkar Cricket Stadium,Royal Challengers Bengaluru,field,Royal Challengers Bengaluru,wickets,10.0,,UT Yadav
1136609,2018,2018-05-15,Rajasthan Royals,Kolkata Knight Riders,Kolkata,Eden Gardens,Kolkata Knight Riders,field,Kolkata Knight Riders,wickets,6.0,,Kuldeep Yadav
1136610,2018,2018-05-16,Mumbai Indians,Punjab Kings,Mumbai,Wankhede Stadium,Punjab Kings,field,Mumbai Indians,runs,3.0,,JJ Bumrah
1136611,2018,2018-05-17,Royal Challengers Bengaluru,Sunrisers Hyderabad,Bengaluru,M.Chinnaswamy Stadium,Sunrisers Hyderabad,field,Royal Challengers Bengaluru,runs,14.0,,AB de Villiers
1136612,2018,2018-05-18,Delhi Capitals,Chennai Super Kings,Delhi,Arun Jaitley Stadium,Chennai Super Kings,field,Delhi Capitals,runs,34.0,,HV Patel
1136613,2018,2018-05-19,Rajasthan Royals,Royal Challengers Bengaluru,Jaipur,Sawai Mansingh Stadium,Rajasthan Royals,bat,Rajasthan Royals,runs,30.0,,S Gopal
1136614,2018,2018-05-19,Sunrisers Hyderabad,Kolkata Knight Riders,Hyderabad,Rajiv Gandhi International Stadium,Sunrisers Hyderabad,bat,Kolkata Knight Riders,wickets,5.0,,CA Lynn
1136615,2018,2018-05-20,Delhi Capitals,Mumbai Indians,Delhi,Arun Jaitley Stadium,Delhi Capitals,bat,Delhi Capitals,runs,11.0,,A Mishra
1136616,2018,2018-05-20,Punjab Kings,Chennai Super Kings,Pune,Maharashtra Cricket Association Stadium,Chennai Super Kings,field,Chennai Super Kings,wickets,5.0,,L Ngidi
1136617,2018,2018-05-22,Sunrisers Hyderabad,Chennai Super Kings,Mumbai,Wankhede Stadium,Chennai Super Kings,field,Chennai Super Kings,wickets,2.0,,F du Plessis
1136618,2018,2018-05-23,Kolkata Knight Riders,Rajasthan Royals,Kolkata,Eden Gardens,Rajasthan Royals,field,Kolkata Knight Riders,runs,25.0,,AD Russell
1136619,2018,2018-05-25,Sunrisers Hyderabad,Kolkata Knight Riders,Kolkata,Eden Gardens,Kolkata Knight Riders,field,Sunrisers Hyderabad,runs,14.0,,Rashid Khan
1136620,2018,2018-05-27,Sunrisers Hyderabad,Chennai Super Kings,Mumbai,Wankhede Stadium,Chennai Super Kings,field,Chennai Super Kings,wickets,8.0,,SR Watson
1175356,2019,2019-03-23,Royal Challengers Bengaluru,Chennai Super Kings,Chennai,MA Chidambaram Stadium,Chennai Super Kings,field,Chennai Super Kings,wickets,7.0,,Harbhajan Singh
1175357,2019,2019-03-24,Sunrisers Hyderabad,Kolkata Knight Riders,Kolkata,Eden Gardens,Kolkata Knight Riders,field,Kolkata Knight Riders,wickets,6.0,,AD Russell
1175358,2019,2019-03-24,Delhi Capitals,Mumbai Indians,Mumbai,Wankhede Stadium,Mumbai Indians,field,Delhi Capitals,runs,37.0,,RR Pant
1175359,2019,2019-03-25,Punjab Kings,Rajasthan Royals,Jaipur,Sawai Mansingh Stadium,Rajasthan Royals,field,Punjab Kings,runs,14.0,,CH Gayle
1175360,2019,2019-03-26,Delhi Capitals,Chennai Super Kings,Delhi,Arun Jaitley Stadium,Delhi Capitals,bat,Chennai Super Kings,wickets,6.0,,SR Watson
1175361,2019,2019-03-27,Kolkata Knight Riders,Punjab Kings,Kolkata,Eden Gardens,Punjab Kings,field,Kolkata Knight Riders,runs,28.0,,AD Russell
1175362,2019,2019-03-28,Mumbai Indians,Royal Challengers Bengaluru,Bengaluru,M.Chinnaswamy Stadium,Royal Challengers Bengaluru,field,Mumbai Indians,runs,6.0,,JJ Bumrah
1175363,2019,2019-03-29,Rajasthan Royals,Sunrisers Hyderabad,Hyderabad,Rajiv Gandhi International Stadium,Rajasthan Royals,bat,Sunrisers Hyderabad,wickets,5.0,,Rashid Khan
1175364,2019,2019-03-30,Mumbai Indians,Punjab Kings,Chandigarh,Punjab Cricket Association IS Bindra Stadium,Punjab Kings,field,Punjab Kings,wickets,8.0,,MA Agarwal
1175365,2019,2019-03-30,Kolkata Knight Riders,Delhi Capitals,Delhi,Arun Jaitley Stadium,Delhi Capitals,field,Delhi Capitals,,,tie,PP Shaw
1175366,2019,2019-03-31,Sunrisers Hyderabad,Royal Challengers Bengaluru,Hyderabad,Rajiv Gandhi International Stadium,Royal Challengers Bengaluru,field,Sunrisers Hyderabad,runs,118.0,,JM Bairstow
1175367,2019,2019-03-31,Chennai Super Kings,Rajasthan Royals,Chennai,MA Chidambaram Stadium,Rajasthan Royals,field,Chennai Super Kings,runs,8.0,,MS Dhoni
1175368,2019,2019-04-01,Punjab Kings,Delhi Capitals,Chandigarh,Punjab Cricket Association IS Bindra Stadium,Delhi Capitals,field,Punjab Kings,runs,14.0,,SM Curran
1175369,2019,2019-04-02,Royal Challengers Bengaluru,Rajasthan Royals,Jaipur,Sawai Mansingh Stadium,Rajasthan Royals,field,Rajasthan Royals,wickets,7.0,,S Gopal
1175370,2019,2019-04-03,Mumbai Indians,Chennai Super Kings,Mumbai,Wankhede Stadium,Chennai Super Kings,field,Mumbai Indians,runs,37.0,,HH Pandya
1175371,2019,2019-04-04,Delhi Capitals,Sunrisers Hyderabad,Delhi,Arun Jaitley Stadium,Sunrisers Hyderabad,field,Sunrisers Hyderabad,wickets,5.0,,JM Bairstow
1175372,2019,2019-04-05,Royal Challengers Bengaluru,Kolkata Knight Riders,Bengaluru,M.Chinnaswamy Stadium,Kolkata Knight Riders,field,Kolkata Knight Riders,wickets,5.0,,AD Russell
1178393,2019,2019-04-06,Chennai Super Kings,Punjab Kings,Chennai,MA Chidambaram Stadium,Chennai Super Kings,bat,Chennai Super Kings,runs,22.0,,Harbhajan Singh
1178394,2019,2019-04-06,Mumbai Indians,Sunrisers Hyderabad,Hyderabad,Rajiv Gandhi International Stadium,Sunrisers Hyderabad,field,Mumbai Indians,runs,40.0,,AS Joseph
1178395,2019,2019-04-07,Royal Challengers Bengaluru,Delhi Capitals,Bengaluru,M.Chinnaswamy Stadium,Delhi Capitals,field,Delhi Capitals,wickets,4.0,,K Rabada
1178396,2019,2019-04-07,Rajasthan Royals,Kolkata Knight Riders,Jaipur,Sawai Mansingh Stadium,Kolkata Knight Riders,field,Kolkata Knight Riders,wickets,8.0,,HF Gurney
1178397,2019,2019-04-08,Sunrisers Hyderabad,Punjab Kings,Chandigarh,Punjab Cricket Association IS Bindra Stadium,Punjab Kings,field,Punjab Kings,wickets,6.0,,KL Rahul
1178398,2019,2019-04-09,Kolkata Knight Riders,Chennai Super Kings,Chennai,MA Chidambaram Stadium,Chennai Super Kings,field,Chennai Super Kings,wickets,7.0,,DL Chahar
1178399,2019,2019-04-10,Punjab Kings,Mumbai Indians,Mumbai,Wankhede Stadium,Mumbai Indians,field,Mumbai Indians,wickets,3.0,,KA Pollard
1178400,2019,2019-04-11,Rajasthan Royals,Chennai Super Kings,Jaipur,Sawai Mansingh Stadium,Chennai Super Kings,field,Chennai Super Kings,wickets,4.0,,MS Dhoni
1178401,2019,2019-04-12,Kolkata Knight Riders,Delhi Capitals,Kolkata,Eden Gardens,Delhi Capitals,field,Delhi Capitals,wickets,7.0,,S Dhawan
1178402,2019,2019-04-13,Mumbai Indians,Rajasthan Royals,Mumbai,Wankhede Stadium,Rajasthan Royals,field,Rajasthan Royals,wickets,4.0,,JC Buttler
1178403,2019,2019-04-13,Punjab Kings,Royal Challengers Bengaluru,Chandigarh,Punjab Cricket Association IS Bindra Stadium,Royal Challengers Bengaluru,field,Royal Challengers Bengaluru,wickets,8.0,,AB de Villiers
1178404,2019,2019-04-14,Kolkata Knight Riders,Chennai Super Kings,Kolkata,Eden Gardens,Chennai Super Kings,field,Chennai Super Kings,wickets,5.0,,Imran Tahir
1178405,2019,2019-04-14,Delhi Capitals,Sunrisers Hyderabad,Hyderabad,Rajiv Gandhi International Stadium,Sunrisers Hyderabad,field,Delhi Capitals,runs,39.0,,KMA Paul
1178406,2019,2019-04-15,Royal Challengers Bengaluru,Mumbai Indians,Mumbai,Wankhede Stadium,Mumbai Indians,field,Mumbai Indians,wickets,5.0,,SL Malinga
1178407,2019,2019-04-16,Punjab Kings,Rajasthan Royals,Chandigarh,Punjab Cricket Association IS Bindra Stadium,Rajasthan Royals,field,Punjab Kings,runs,12.0,,R Ashwin
1178408,2019,2019-04-17,Chennai Super Kings,Sunrisers Hyderabad,Hyderabad,Rajiv Gandhi International Stadium,Chennai Super Kings,bat,Sunrisers Hyderabad,wickets,6.0,,DA Warner
1178409,2019,2019-04-18,Mumbai Indians,Delhi Capitals,Delhi,Arun Jaitley Stadium,Mumbai Indians,bat,Mumbai Indians,runs,40.0,,HH Pandya
1178410,2019,2019-04-19,Royal Challengers Bengaluru,Kolkata Knight Riders,Kolkata,Eden Gardens,Kolkata Knight Riders,field,Royal Challengers Bengaluru,runs,10.0,,V Kohli
1178411,2019,2019-04-20,Mumbai Indians,Rajasthan Royals,Jaipur,Sawai Mansingh Stadium,Rajasthan Royals,field,Rajasthan Royals,wickets,5.0,,SPD Smith
1178412,2019,2019-04-20,Punjab Kings,Delhi Capitals,Delhi,Arun Jaitley Stadium,Delhi Capitals,field,Delhi Capitals,wickets,5.0,,SS Iyer
1178413,2019,2019-04-21,Kolkata Knight Riders,Sunrisers Hyderabad,Hyderabad,Rajiv Gandhi International Stadium,Sunrisers Hyderabad,field,Sunrisers Hyderabad,wickets,9.0,,KK Ahmed
1178414,2019,2019-04-21,Royal Challengers Bengaluru,Chennai Super Kings,Bengaluru,M.Chinnaswamy Stadium,Chennai Super Kings,field,Royal Challengers Bengaluru,runs,1.0,,PA Patel
1178415,2019,2019-04-22,Rajasthan Royals,Delhi Capitals,Jaipur,Sawai Mansingh Stadium,Delhi Capitals,field,Delhi Capitals,wickets,6.0,,RR Pant
1178416,2019,2019-04-23,Sunrisers Hyderabad,Chennai Super Kings,Chennai,MA Chidambaram Stadium,Chennai Super Kings,field,Chennai Super Kings,wickets,6.0,,SR Watson
1178417,2019,2019-04-24,Royal Challengers Bengaluru,Punjab Kings,Bengaluru,M.Chinnaswamy Stadium,Punjab Kings,field,Royal Challengers Bengaluru,runs,17.0,,AB de Villiers
1178418,2019,2019-04-25,Kolkata Knight Riders,Rajasthan Royals,Kolkata,Eden Gardens,Rajasthan Royals,field,Rajasthan Royals,wickets,3.0,,VR Aaron
1178419,2019,2019-04-26,Mumbai Indians,Chennai Super Kings,Chennai,MA Chidambaram Stadium,Chennai Super Kings,field,Mumbai Indians,runs,46.0,,RG Sharma
1178420,2019,2019-04-27,Sunrisers Hyderabad,Rajasthan Royals,Jaipur,Sawai Mansingh Stadium,Rajasthan Royals,field,Rajasthan Royals,wickets,7.0,,JD Unadkat
1178421,2019,2019-04-28,Delhi Capitals,Royal Challengers Bengaluru,Delhi,Arun Jaitley Stadium,Delhi Capitals,bat,Delhi Capitals,runs,16.0,,S Dhawan
1178422,2019,2019-04-28,Kolkata Knight Riders,Mumbai Indians,Kolkata,Eden Gardens,Mumbai Indians,field,Kolkata Knight Riders,runs,34.0,,AD Russell
1178423,2019,2019-04-29,Sunrisers Hyderabad,Punjab Kings,Hyderabad,Rajiv Gandhi International Stadium,Punjab Kings,field,Sunrisers Hyderabad,runs,45.0,,DA Warner
1178424,2019,2019-04-30,Royal Challengers Bengaluru,Rajasthan Royals,Bengaluru,M.Chinnaswamy Stadium,Rajasthan Royals,field,,,,no result,
1178425,2019,2019-05-01,Chennai Super Kings,Delhi Capitals,Chennai,MA Chidambaram Stadium,Delhi Capitals,field,Chennai Super Kings,runs,80.0,,MS Dhoni
1178426,2019,2019-05-02,Mumbai Indians,Sunrisers Hyderabad,Mumbai,Wankhede Stadium,Mumbai Indians,bat,Mumbai Indians,,,tie,JJ Bumrah
1178427,2019,2019-05-03,Punjab Kings,Kolkata Knight Riders,Chandigarh,Punjab Cricket Association IS Bindra Stadium,Kolkata Knight Riders,field,Kolkata Knight Riders,wickets,7.0,,Shubman Gill
1178428,2019,2019-05-04,Rajasthan Royals,Delhi Capitals,Delhi,Arun Jaitley Stadium,Rajasthan Royals,bat,Delhi Capitals,wickets,5.0,,A Mishra
1178429,2019,2019-05-04,Sunrisers Hyderabad,Royal Challengers Bengaluru,Bengaluru,M.Chinnaswamy Stadium,Royal Challengers Bengaluru,field,Royal Challengers Bengaluru,wickets,4.0,,SO Hetmyer
1178430,2019,2019-05-05,Chennai Super Kings,Punjab Kings,Chandigarh,Punjab Cricket Association IS Bindra Stadium,Punjab Kings,field,Punjab Kings,wickets,6.0,,KL Rahul
1178431,2019,2019-05-05,Kolkata Knight Riders,Mumbai Indians,Mumbai,Wankhede Stadium,Mumbai Indians,field,Mumbai Indians,wickets,9.0,,HH Pandya
1181764,2019,2019-05-07,Chennai Super Kings,Mumbai Indians,Chennai,MA Chidambaram Stadium,Chennai Super Kings,bat,Mumbai Indians,wickets,6.0,,SA Yadav
1181766,2019,2019-05-08,Sunrisers Hyderabad,Delhi Capitals,Visakhapatnam,Dr. Y.S. Rajasekhara Reddy ACA-VDCA Cricket Stadium,Delhi Capitals,field,Delhi Capitals,wickets,2.0,,RR Pant
1181767,2019,2019-05-10,Delhi Capitals,Chennai Super Kings,Visakhapatnam,Dr. Y.S. Rajasekhara Reddy ACA-VDCA Cricket Stadium,Chennai Super Kings,field,Chennai Super Kings,wickets,6.0,,F du Plessis
1181768,2019,2019-05-12,Mumbai Indians,Chennai Super Kings,Hyderabad,Rajiv Gandhi International Stadium,Mumbai Indians,bat,Mumbai Indians,runs,1.0,,JJ Bumrah
1216492,2021,2020-09-19,Mumbai Indians,Chennai Super Kings,Abu Dhabi,Sheikh Zayed Stadium,Chennai Super Kings,field,Chennai Super Kings,wickets,5.0,,AT Rayudu
1216493,2021,2020-09-20,Delhi Capitals,Punjab Kings,,Dubai International Cricket Stadium,Punjab Kings,field,Delhi Capitals,,,tie,MP Stoinis
1216494,2021,2020-10-21,Kolkata Knight Riders,Royal Challengers Bengaluru,Abu Dhabi,Sheikh Zayed Stadium,Kolkata Knight Riders,bat,Royal Challengers Bengaluru,wickets,8.0,,Mohammed Siraj
1216495,2021,2020-11-03,Mumbai Indians,Sunrisers Hyderabad,,Sharjah Cricket Stadium,Sunrisers Hyderabad,field,Sunrisers Hyderabad,wickets,10.0,,S Nadeem
1216496,2021,2020-09-22,Rajasthan Royals,Chennai Super Kings,,Sharjah Cricket Stadium,Chennai Super Kings,field,Rajasthan Royals,runs,16.0,,SV Samson
1216497,2021,2020-10-24,Kolkata Knight Riders,Delhi Capitals,Abu Dhabi,Sheikh Zayed Stadium,Delhi Capitals,field,Kolkata Knight Riders,runs,59.0,,CV Varun
1216498,2021,2020-10-24,Punjab Kings,Sunrisers Hyderabad,,Dubai International Cricket Stadium,Sunrisers Hyderabad,field,Punjab Kings,runs,12.0,,CJ Jordan
1216499,2021,2020-10-28,Royal Challengers Bengaluru,Mumbai Indians,Abu Dhabi,Sheikh Zayed Stadium,Mumbai Indians,field,Mumbai Indians,wickets,5.0,,SA Yadav
1216500,2021,2020-10-09,Delhi Capitals,Rajasthan Royals,,Sharjah Cricket Stadium,Rajasthan Royals,field,Delhi Capitals,runs,46.0,,R Ashwin
1216501,2021,2020-10-07,Kolkata Knight Riders,Chennai Super Kings,Abu Dhabi,Sheikh Zayed Stadium,Kolkata Knight Riders,bat,Kolkata Knight Riders,runs,10.0,,RA Tripathi
1216502,2021,2020-10-31,Royal Challengers Bengaluru,Sunrisers Hyderabad,,Sharjah Cricket Stadium,Sunrisers Hyderabad,field,Sunrisers Hyderabad,wickets,5.0,,Sandeep Sharma
1216503,2021,2020-10-01,Mumbai Indians,Punjab Kings,Abu Dhabi,Sheikh Zayed Stadium,Punjab Kings,field,Mumbai Indians,runs,48.0,,KA Pollard
1216504,2021,2020-09-30,Kolkata Knight Riders,Rajasthan Royals,,Dubai International Cricket Stadium,Rajasthan Royals,field,Kolkata Knight Riders,runs,37.0,,Shivam Mavi
1216505,2021,2020-11-02,Royal Challengers Bengaluru,Delhi Capitals,Abu Dhabi,Sheikh Zayed Stadium,Delhi Capitals,field,Delhi Capitals,wickets,6.0,,A Nortje
1216506,2021,2020-11-01,Punjab Kings,Chennai Super Kings,Abu Dhabi,Sheikh Zayed Stadium,Chennai Super Kings,field,Chennai Super Kings,wickets,9.0,,RD Gaikwad
1216507,2021,2020-10-11,Sunrisers Hyderabad,Rajasthan Royals,,Dubai International Cricket Stadium,Sunrisers Hyderabad,bat,Rajasthan Royals,wickets,5.0,,R Tewatia
1216508,2021,2020-09-23,Mumbai Indians,Kolkata Knight Riders,Abu Dhabi,Sheikh Zayed Stadium,Kolkata Knight Riders,field,Mumbai Indians,runs,49.0,,RG Sharma
1216509,2021,2020-10-17,Chennai Super Kings,Delhi Capitals,,Sharjah Cricket Stadium,Chennai Super Kings,bat,Delhi Capitals,wickets,5.0,,S Dhawan
1216510,2021,2020-09-24,Punjab Kings,Royal Challengers Bengaluru,,Dubai International Cricket Stadium,Royal Challengers Bengaluru,field,Punjab Kings,runs,97.0,,KL Rahul
1216511,2021,2020-10-06,Mumbai Indians,Rajasthan Royals,Abu Dhabi,Sheikh Zayed Stadium,Mumbai Indians,bat,Mumbai Indians,runs,57.0,,SA Yadav
1216512,2021,2020-10-18,Kolkata Knight Riders,Sunrisers Hyderabad,Abu Dhabi,Sheikh Zayed Stadium,Sunrisers Hyderabad,field,Kolkata Knight Riders,,,tie,LH Ferguson
1216513,2021,2020-10-04,Punjab Kings,Chennai Super Kings,,Dubai International Cricket Stadium,Punjab Kings,bat,Chennai Super Kings,wickets,10.0,,SR Watson
1216514,2021,2020-10-03,Rajasthan Royals,Royal Challengers Bengaluru,Abu Dhabi,Sheikh Zayed Stadium,Rajasthan Royals,bat,Royal Challengers Bengaluru,wickets,8.0,,YS Chahal
1216515,2021,2020-10-03,Delhi Capitals,Kolkata Knight Riders,,Sharjah Cricket Stadium,Kolkata Knight Riders,field,Delhi Capitals,runs,18.0,,SS Iyer
1216516,2021,2020-10-02,Sunrisers Hyderabad,Chennai Super Kings,,Dubai International Cricket Stadium,Sunrisers Hyderabad,bat,Sunrisers Hyderabad,runs,7.0,,PK Garg
1216517,2021,2020-10-18,Mumbai Indians,Punjab Kings,,Dubai International Cricket Stadium,Mumbai Indians,bat,Punjab Kings,,,tie,KL Rahul
1216518,2021,2020-10-22,Rajasthan Royals,Sunrisers Hyderabad,,Dubai International Cricket Stadium,Sunrisers Hyderabad,field,Sunrisers Hyderabad,wickets,8.0,,MK Pandey
1216519,2021,2020-10-05,Delhi Capitals,Royal Challengers Bengaluru,,Dubai International Cricket Stadium,Royal Challengers Bengaluru,field,Delhi Capitals,runs,59.0,,AR Patel
1216520,2021,2020-10-26,Kolkata Knight Riders,Punjab Kings,,Sharjah Cricket Stadium,Punjab Kings,field,Punjab Kings,wickets,8.0,,CH Gayle
1216521,2021,2020-10-23,Chennai Super Kings,Mumbai Indians,,Sharjah Cricket Stadium,Mumbai Indians,field,Mumbai Indians,wickets,10.0,,TA Boult
1216522,2021,2020-10-17,Rajasthan Royals,Royal Challengers Bengaluru,,Dubai International Cricket Stadium,Rajasthan Royals,bat,Royal Challengers Bengaluru,wickets,7.0,,AB de Villiers
1216523,2021,2020-10-10,Kolkata Knight Riders,Punjab Kings,Abu Dhabi,Sheikh Zayed Stadium,Kolkata Knight Riders,bat,Kolkata Knight Riders,runs,2.0,,KD Karthik
1216524,2021,2020-10-27,Sunrisers Hyderabad,Delhi Capitals,,Dubai International Cricket Stadium,Delhi Capitals,field,Sunrisers Hyderabad,runs,88.0,,WP Saha
1216525,2021,2020-10-10,Royal Challengers Bengaluru,Chennai Super Kings,,Dubai International Cricket Stadium,Royal Challengers Bengaluru,bat,Royal Challengers Bengaluru,runs,37.0,,V Kohli
1216526,2021,2020-10-16,Kolkata Knight Riders,Mumbai Indians,Abu Dhabi,Sheikh Zayed Stadium,Kolkata Knight Riders,bat,Mumbai Indians,wickets,8.0,,Q de Kock
1216527,2021,2020-09-27,Punjab Kings,Rajasthan Royals,,Sharjah Cricket Stadium,Rajasthan Royals,field,Rajasthan Royals,wickets,4.0,,SV Samson
1216528,2021,2020-10-13,Chennai Super Kings,Sunrisers Hyderabad,,Dubai International Cricket Stadium,Chennai Super Kings,bat,Chennai Super Kings,runs,20.0,,RA Jadeja
1216529,2021,2020-10-11,Delhi Capitals,Mumbai Indians,Abu Dhabi,Sheikh Zayed Stadium,Delhi Capitals,bat,Mumbai Indians,wickets,5.0,,Q de Kock
1216530,2021,2020-11-01,Kolkata Knight Riders,Rajasthan Royals,,Dubai International Cricket Stadium,Rajasthan Royals,field,Kolkata Knight Riders,runs,60.0,,PJ Cummins
1216531,2021,2020-10-15,Royal Challengers Bengaluru,Punjab Kings,,Sharjah Cricket Stadium,Royal Challengers Bengaluru,bat,Punjab Kings,wickets,8.0,,KL Rahul
1216532,2021,2020-09-29,Sunrisers Hyderabad,Delhi Capitals,Abu Dhabi,Sheikh Zayed Stadium,Delhi Capitals,field,Sunrisers Hyderabad,runs,15.0,,Rashid Khan
1216533,2021,2020-10-19,Chennai Super Kings,Rajasthan Royals,Abu Dhabi,Sheikh Zayed Stadium,Chennai Super Kings,bat,Rajasthan Royals,wickets,7.0,,JC Buttler
1216534,2021,2020-09-21,Royal Challengers Bengaluru,Sunrisers Hyderabad,,Dubai International Cricket Stadium,Sunrisers Hyderabad,field,Royal Challengers Bengaluru,runs,10.0,,YS Chahal
1216535,2021,2020-10-31,Delhi Capitals,Mumbai Indians,,Dubai International Cricket Stadium,Mumbai Indians,field,Mumbai Indians,wickets,9.0,,Ishan Kishan
1216536,2021,2020-10-29,Kolkata Knight Riders,Chennai Super Kings,,Dubai International Cricket Stadium,Chennai Super Kings,field,Chennai Super Kings,wickets,6.0,,RD Gaikwad
1216537,2021,2020-10-30,Punjab Kings,Rajasthan Royals,Abu Dhabi,Sheikh Zayed Stadium,Rajasthan Royals,field,Rajasthan Royals,wickets,7.0,,BA Stokes
1216538,2021,2020-10-04,Mumbai Indians,Sunrisers Hyderabad,,Sharjah Cricket Stadium,Mumbai Indians,bat,Mumbai Indians,runs,34.0,,TA Boult
1216539,2021,2020-09-25,Delhi Capitals,Chennai Super Kings,,Dubai International Cricket Stadium,Chennai Super Kings,field,Delhi Capitals,runs,44.0,,PP Shaw
1216540,2021,2020-10-12,Royal Challengers Bengaluru,Kolkata Knight Riders,,Sharjah Cricket Stadium,Royal Challengers Bengaluru,bat,Royal Challengers Bengaluru,runs,82.0,,AB de Villiers
1216541,2021,2020-10-25,Mumbai Indians,Rajasthan Royals,Abu Dhabi,Sheikh Zayed Stadium,Mumbai Indians,bat,Rajasthan Royals,wickets,8.0,,BA Stokes
1216542,2021,2020-10-08,Sunrisers Hyderabad,Punjab Kings,,Dubai International Cricket Stadium,Sunrisers Hyderabad,bat,Sunrisers Hyderabad,runs,69.0,,JM Bairstow
1216543,2021,2020-10-14,Delhi Capitals,Rajasthan Royals,,Dubai International Cricket Stadium,Delhi Capitals,bat,Delhi Capitals,runs,13.0,,A Nortje
1216544,2021,2020-10-25,Royal Challengers Bengaluru,Chennai Super Kings,,Dubai International Cricket Stadium,Royal Challengers Bengaluru,bat,Chennai Super Kings,wickets,8.0,,RD Gaikwad
1216545,2021,2020-09-26,Sunrisers Hyderabad,Kolkata Knight Riders,Abu Dhabi,Sheikh Zayed Stadium,Sunrisers Hyderabad,bat,Kolkata Knight Riders,wickets,7.0,,Shubman Gill
1216546,2021,2020-10-20,Delhi Capitals,Punjab Kings,,Dubai International Cricket Stadium,Delhi Capitals,bat,Punjab Kings,wickets,5.0,,S Dhawan
1216547,2021,2020-09-28,Royal Challengers Bengaluru,Mumbai Indians,,Dubai International Cricket Stadium,Mumbai Indians,field,Royal Challengers Bengaluru,,,tie,AB de Villiers
1237177,2021,2020-11-05,Mumbai Indians,Delhi Capitals,,Dubai International Cricket Stadium,Delhi Capitals,field,Mumbai Indians,runs,57.0,,JJ Bumrah
1237178,2021,2020-11-06,Royal Challengers Bengaluru,Sunrisers Hyderabad,Abu Dhabi,Sheikh Zayed Stadium,Sunrisers Hyderabad,field,Sunrisers Hyderabad,wickets,6.0,,KS Williamson
1237180,2021,2020-11-08,Delhi Capitals,Sunrisers Hyderabad,Abu Dhabi,Sheikh Zayed Stadium,Delhi Capitals,bat,Delhi Capitals,runs,17.0,,MP Stoinis
1237181,2021,2020-11-10,Delhi Capitals,Mumbai Indians,,Dubai International Cricket Stadium,Delhi Capitals,bat,Mumbai Indians,wickets,5.0,,TA Boult
1254058,2021,2021-04-09,Mumbai Indians,Royal Challengers Bengaluru,Chennai,"MA Chidambaram Stadium, Chepauk, Chennai",Royal Challengers Bengaluru,field,Royal Challengers Bengaluru,wickets,2.0,,HV Patel
1254059,2021,2021-04-10,Chennai Super Kings,Delhi Capitals,Mumbai,"Wankhede Stadium, Mumbai",Delhi Capitals,field,Delhi Capitals,wickets,7.0,,S Dhawan
1254060,2021,2021-04-11,Kolkata Knight Riders,Sunrisers Hyderabad,Chennai,"MA Chidambaram Stadium, Chepauk, Chennai",Sunrisers Hyderabad,field,Kolkata Knight Riders,runs,10.0,,N Rana
1254061,2021,2021-04-12,Punjab Kings,Rajasthan Royals,Mumbai,"Wankhede Stadium, Mumbai",Rajasthan Royals,field,Punjab Kings,runs,4.0,,SV Samson
1254062,2021,2021-04-13,Mumbai Indians,Kolkata Knight Riders,Chennai,"MA Chidambaram Stadium, Chepauk, Chennai",Kolkata Knight Riders,field,Mumbai Indians,runs,10.0,,RD Chahar
1254063,2021,2021-04-14,Royal Challengers Bengaluru,Sunrisers Hyderabad,Chennai,"MA Chidambaram Stadium, Chepauk, Chennai",Sunrisers Hyderabad,field,Royal Challengers Bengaluru,runs,6.0,,GJ Maxwell
1254064,2021,2021-04-15,Delhi Capitals,Rajasthan Royals,Mumbai,"Wankhede Stadium, Mumbai",Rajasthan Royals,field,Rajasthan Royals,wickets,3.0,,JD Unadkat
1254065,2021,2021-04-16,Punjab Kings,Chennai Super Kings,Mumbai,"Wankhede Stadium, Mumbai",Chennai Super Kings,field,Chennai Super Kings,wickets,6.0,,DL Chahar
1254066,2021,2021-04-17,Mumbai Indians,Sunrisers Hyderabad,Chennai,"MA Chidambaram Stadium, Chepauk, Chennai",Mumbai Indians,bat,Mumbai Indians,runs,13.0,,KA Pollard
1254067,2021,2021-04-18,Royal Challengers Bengaluru,Kolkata Knight Riders,Chennai,"MA Chidambaram Stadium, Chepauk, Chennai",Royal Challengers Bengaluru,bat,Royal Challengers Bengaluru,runs,38.0,,AB de Villiers
1254068,2021,2021-04-18,Punjab Kings,Delhi Capitals,Mumbai,"Wankhede Stadium, Mumbai",Delhi Capitals,field,Delhi Capitals,wickets,6.0,,S Dhawan
1254069,2021,2021-04-19,Chennai Super Kings,Rajasthan Royals,Mumbai,"Wankhede Stadium, Mumbai",Rajasthan Royals,field,Chennai Super Kings,runs,45.0,,MM Ali
1254070,2021,2021-04-20,Mumbai Indians,Delhi Capitals,Chennai,"MA Chidambaram Stadium, Chepauk, Chennai",Mumbai Indians,bat,Delhi Capitals,wickets,6.0,,A Mishra
1254071,2021,2021-04-21,Punjab Kings,Sunrisers Hyderabad,Chennai,"MA Chidambaram Stadium, Chepauk, Chennai",Punjab Kings,bat,Sunrisers Hyderabad,wickets,9.0,,JM Bairstow
1254072,2021,2021-04-21,Chennai Super Kings,Kolkata Knight Riders,Mumbai,"Wankhede Stadium, Mumbai",Kolkata Knight Riders,field,Chennai Super Kings,runs,18.0,,F du Plessis
1254073,2021,2021-04-22,Rajasthan Royals,Royal Challengers Bengaluru,Mumbai,"Wankhede Stadium, Mumbai",Royal Challengers Bengaluru,field,Royal Challengers Bengaluru,wickets,10.0,,D Padikkal
1254074,2021,2021-04-23,Mumbai Indians,Punjab Kings,Chennai,"MA Chidambaram Stadium, Chepauk, Chennai",Punjab Kings,field,Punjab Kings,wickets,9.0,,KL Rahul
1254075,2021,2021-04-24,Kolkata Knight Riders,Rajasthan Royals,Mumbai,"Wankhede Stadium, Mumbai",Rajasthan Royals,field,Rajasthan Royals,wickets,6.0,,CH Morris
1254076,2021,2021-04-25,Chennai Super Kings,Royal Challengers Bengaluru,Mumbai,"Wankhede Stadium, Mumbai",Chennai Super Kings,bat,Chennai Super Kings,runs,69.0,,RA Jadeja
1254077,2021,2021-04-25,Delhi Capitals,Sunrisers Hyderabad,Chennai,"MA Chidambaram Stadium, Chepauk, Chennai",Delhi Capitals,bat,Delhi Capitals,,,tie,PP Shaw
1254078,2021,2021-04-26,Punjab Kings,Kolkata Knight Riders,Ahmedabad,"Narendra Modi Stadium, Ahmedabad",Kolkata Knight Riders,field,Kolkata Knight Riders,wickets,5.0,,EJG Morgan
1254079,2021,2021-04-27,Royal Challengers Bengaluru,Delhi Capitals,Ahmedabad,"Narendra Modi Stadium, Ahmedabad",Delhi Capitals,field,Royal Challengers Bengaluru,runs,1.0,,AB de Villiers
1254080,2021,2021-04-28,Sunrisers Hyderabad,Chennai Super Kings,Delhi,"Arun Jaitley Stadium, Delhi",Sunrisers Hyderabad,bat,Chennai Super Kings,wickets,7.0,,RD Gaikwad
1254081,2021,2021-04-29,Rajasthan Royals,Mumbai Indians,Delhi,"Arun Jaitley Stadium, Delhi",Mumbai Indians,field,Mumbai Indians,wickets,7.0,,Q de Kock
1254082,2021,2021-04-29,Kolkata Knight Riders,Delhi Capitals,Ahmedabad,"Narendra Modi Stadium, Ahmedabad",Delhi Capitals,field,Delhi Capitals,wickets,7.0,,PP Shaw
1254083,2021,2021-04-30,Punjab Kings,Royal Challengers Bengaluru,Ahmedabad,"Narendra Modi Stadium, Ahmedabad",Royal Challengers Bengaluru,field,Punjab Kings,runs,34.0,,Harpreet Brar
1254084,2021,2021-05-01,Chennai Super Kings,Mumbai Indians,Delhi,"Arun Jaitley Stadium, Delhi",Mumbai Indians,field,Mumbai Indians,wickets,4.0,,KA Pollard
1254085,2021,2021-05-02,Rajasthan Royals,Sunrisers Hyderabad,Delhi,"Arun Jaitley Stadium, Delhi",Sunrisers Hyderabad,field,Rajasthan Royals,runs,55.0,,JC Buttler
1254086,2021,2021-05-02,Punjab Kings,Delhi Capitals,Ahmedabad,"Narendra Modi Stadium, Ahmedabad",Delhi Capitals,field,Delhi Capitals,wickets,7.0,,MA Agarwal
1254087,2021,2021-09-20,Royal Challengers Bengaluru,Kolkata Knight Riders,Abu Dhabi,"Zayed Cricket Stadium, Abu Dhabi",Royal Challengers Bengaluru,bat,Kolkata Knight Riders,wickets,9.0,,CV Varun
1254088,2021,2021-10-08,Mumbai Indians,Sunrisers Hyderabad,Abu Dhabi,"Zayed Cricket Stadium, Abu Dhabi",Mumbai Indians,bat,Mumbai Indians,runs,42.0,,Ishan Kishan
1254089,2021,2021-10-02,Chennai Super Kings,Rajasthan Royals,Abu Dhabi,"Zayed Cricket Stadium, Abu Dhabi",Rajasthan Royals,field,Rajasthan Royals,wickets,7.0,,RD Gaikwad
1254090,2021,2021-10-03,Royal Challengers Bengaluru,Punjab Kings,Sharjah,Sharjah Cricket Stadium,Royal Challengers Bengaluru,bat,Royal Challengers Bengaluru,runs,6.0,,GJ Maxwell
1254091,2021,2021-09-30,Sunrisers Hyderabad,Chennai Super Kings,Sharjah,Sharjah Cricket Stadium,Chennai Super Kings,field,Chennai Super Kings,wickets,6.0,,JR Hazlewood
1254092,2021,2021-09-28,Delhi Capitals,Kolkata Knight Riders,Sharjah,Sharjah Cricket Stadium,Kolkata Knight Riders,field,Kolkata Knight Riders,wickets,3.0,,SP Narine
1254093,2021,2021-10-05,Rajasthan Royals,Mumbai Indians,Sharjah,Sharjah Cricket Stadium,Mumbai Indians,field,Mumbai Indians,wickets,8.0,,NM Coulter-Nile
1254094,2021,2021-10-07,Chennai Super Kings,Punjab Kings,Dubai,Dubai International Cricket Stadium,Punjab Kings,field,Punjab Kings,wickets,6.0,,KL Rahul
1254095,2021,2021-10-06,Sunrisers Hyderabad,Royal Challengers Bengaluru,Abu Dhabi,"Zayed Cricket Stadium, Abu Dhabi",Royal Challengers Bengaluru,field,Sunrisers Hyderabad,runs,4.0,,KS Williamson
1254096,2021,2021-09-23,Mumbai Indians,Kolkata Knight Riders,Abu Dhabi,"Zayed Cricket Stadium, Abu Dhabi",Kolkata Knight Riders,field,Kolkata Knight Riders,wickets,7.0,,SP Narine
1254097,2021,2021-09-25,Delhi Capitals,Rajasthan Royals,Abu Dhabi,"Zayed Cricket Stadium, Abu Dhabi",Rajasthan Royals,field,Delhi Capitals,runs,33.0,,SS Iyer
1254098,2021,2021-09-26,Kolkata Knight Riders,Chennai Super Kings,Abu Dhabi,"Zayed Cricket Stadium, Abu Dhabi",Kolkata Knight Riders,bat,Chennai Super Kings,wickets,2.0,,RA Jadeja
1254099,2021,2021-09-28,Punjab Kings,Mumbai Indians,Abu Dhabi,"Zayed Cricket Stadium, Abu Dhabi",Mumbai Indians,field,Mumbai Indians,wickets,6.0,,KA Pollard
1254100,2021,2021-09-27,Rajasthan Royals,Sunrisers Hyderabad,Dubai,Dubai International Cricket Stadium,Rajasthan Royals,bat,Sunrisers Hyderabad,wickets,7.0,,JJ Roy
1254101,2021,2021-10-08,Delhi Capitals,Royal Challengers Bengaluru,Dubai,Dubai International Cricket Stadium,Royal Challengers Bengaluru,field,Royal Challengers Bengaluru,wickets,7.0,,KS Bharat
1254102,2021,2021-10-01,Kolkata Knight Riders,Punjab Kings,Dubai,Dubai International Cricket Stadium,Punjab Kings,field,Punjab Kings,wickets,5.0,,KL Rahul
1254103,2021,2021-09-29,Rajasthan Royals,Royal Challengers Bengaluru,Dubai,Dubai International Cricket Stadium,Royal Challengers Bengaluru,field,Royal Challengers Bengaluru,wickets,7.0,,YS Chahal
1254104,2021,2021-09-19,Chennai Super Kings,Mumbai Indians,Dubai,Dubai International Cricket Stadium,Chennai Super Kings,bat,Chennai Super Kings,runs,20.0,,RD Gaikwad
1254105,2021,2021-09-22,Sunrisers Hyderabad,Delhi Capitals,Dubai,Dubai International Cricket Stadium,Sunrisers Hyderabad,bat,Delhi Capitals,wickets,8.0,,A Nortje
1254106,2021,2021-10-07,Kolkata Knight Riders,Rajasthan Royals,Sharjah,Sharjah Cricket Stadium,Rajasthan Royals,field,Kolkata Knight Riders,runs,86.0,,Shivam Mavi
1254107,2021,2021-09-25,Punjab Kings,Sunrisers Hyderabad,Sharjah,Sharjah Cricket Stadium,Sunrisers Hyderabad,field,Punjab Kings,runs,5.0,,JO Holder
1254108,2021,2021-09-26,Royal Challengers Bengaluru,Mumbai Indians,Dubai,Dubai International Cricket Stadium,Mumbai Indians,field,Royal Challengers Bengaluru,runs,54.0,,GJ Maxwell
1254109,2021,2021-10-03,Sunrisers Hyderabad,Kolkata Knight Riders,Dubai,Dubai International Cricket Stadium,Sunrisers Hyderabad,bat,Kolkata Knight Riders,wickets,6.0,,Shubman Gill
1254110,2021,2021-10-04,Chennai Super Kings,Delhi Capitals,Dubai,Dubai International Cricket Stadium,Delhi Capitals,field,Delhi Capitals,wickets,3.0,,AR Patel
1254111,2021,2021-09-21,Rajasthan Royals,Punjab Kings,Dubai,Dubai International Cricket Stadium,Punjab Kings,field,Rajasthan Royals,runs,2.0,,Kartik Tyagi
1254112,2021,2021-10-02,Mumbai Indians,Delhi Capitals,Sharjah,Sharjah Cricket Stadium,Delhi Capitals,field,Delhi Capitals,wickets,4.0,,AR Patel
1254113,2021,2021-09-24,Royal Challengers Bengaluru,Chennai Super Kings,Sharjah,Sharjah Cricket Stadium,Chennai Super Kings,field,Chennai Super Kings,wickets,6.0,,DJ Bravo
1254114,2021,2021-10-10,Delhi Capitals,Chennai Super Kings,Dubai,Dubai International Cricket Stadium,Chennai Super Kings,field,Chennai Super Kings,wickets,4.0,,RD Gaikwad
1254115,2021,2021-10-11,Royal Challengers Bengaluru,Kolkata Knight Riders,Sharjah,Sharjah Cricket Stadium,Royal Challengers Bengaluru,bat,Kolkata Knight Riders,wickets,4.0,,SP Narine
1254116,2021,2021-10-13,Delhi Capitals,Kolkata Knight Riders,Sharjah,Sharjah Cricket Stadium,Kolkata Knight Riders,field,Kolkata Knight Riders,wickets,3.0,,VR Iyer
1254117,2021,2021-10-15,Chennai Super Kings,Kolkata Knight Riders,Dubai,Dubai International Cricket Stadium,Kolkata Knight Riders,field,Chennai Super Kings,runs,27.0,,F du Plessis
1304047,2022,2022-03-26,Chennai Super Kings,Kolkata Knight Riders,Mumbai,"Wankhede Stadium, Mumbai",Kolkata Knight Riders,field,Kolkata Knight Riders,wickets,6.0,,UT Yadav
1304048,2022,2022-03-27,Mumbai Indians,Delhi Capitals,Mumbai,"Brabourne Stadium, Mumbai",Delhi Capitals,field,Delhi Capitals,wickets,4.0,,Kuldeep Yadav
1304049,2022,2022-03-27,Royal Challengers Bengaluru,Punjab Kings,Mumbai,"Dr DY Patil Sports Academy, Mumbai",Punjab Kings,field,Punjab Kings,wickets,5.0,,OF Smith
1304050,2022,2022-03-28,Lucknow Super Giants,Gujarat Titans,Mumbai,"Wankhede Stadium, Mumbai",Gujarat Titans,field,Gujarat Titans,wickets,5.0,,Mohammed Shami
1304051,2022,2022-03-29,Rajasthan Royals,Sunrisers Hyderabad,Pune,"Maharashtra Cricket Association Stadium, Pune",Sunrisers Hyderabad,field,Rajasthan Royals,runs,61.0,,SV Samson
1304052,2022,2022-03-30,Kolkata Knight Riders,Royal Challengers Bengaluru,Mumbai,"Dr DY Patil Sports Academy, Mumbai",Royal Challengers Bengaluru,field,Royal Challengers Bengaluru,wickets,3.0,,PWH de Silva
1304053,2022,2022-03-31,Chennai Super Kings,Lucknow Super Giants,Mumbai,"Brabourne Stadium, Mumbai",Lucknow Super Giants,field,Lucknow Super Giants,wickets,6.0,,E Lewis
1304054,2022,2022-04-01,Punjab Kings,Kolkata Knight Riders,Mumbai,"Wankhede Stadium, Mumbai",Kolkata Knight Riders,field,Kolkata Knight Riders,wickets,6.0,,UT Yadav
1304055,2022,2022-04-02,Rajasthan Royals,Mumbai Indians,Mumbai,"Dr DY Patil Sports Academy, Mumbai",Mumbai Indians,field,Rajasthan Royals,runs,23.0,,JC Buttler
1304056,2022,2022-04-02,Gujarat Titans,Delhi Capitals,Pune,"Maharashtra Cricket Association Stadium, Pune",Delhi Capitals,field,Gujarat Titans,runs,14.0,,LH Ferguson
1304057,2022,2022-04-03,Punjab Kings,Chennai Super Kings,Mumbai,"Brabourne Stadium, Mumbai",Chennai Super Kings,field,Punjab Kings,runs,54.0,,LS Livingstone
1304058,2022,2022-04-04,Lucknow Super Giants,Sunrisers Hyderabad,Mumbai,"Dr DY Patil Sports Academy, Mumbai",Sunrisers Hyderabad,field,Lucknow Super Giants,runs,12.0,,Avesh Khan
1304059,2022,2022-04-05,Rajasthan Royals,Royal Challengers Bengaluru,Mumbai,"Wankhede Stadium, Mumbai",Royal Challengers Bengaluru,field,Royal Challengers Bengaluru,wickets,4.0,,KD Karthik
1304060,2022,2022-04-06,Mumbai Indians,Kolkata Knight Riders,Pune,"Maharashtra Cricket Association Stadium, Pune",Kolkata Knight Riders,field,Kolkata Knight Riders,wickets,5.0,,PJ Cummins
1304061,2022,2022-04-07,Delhi Capitals,Lucknow Super Giants,Mumbai,"Dr DY Patil Sports Academy, Mumbai",Lucknow Super Giants,field,Lucknow Super Giants,wickets,6.0,,Q de Kock
1304062,2022,2022-04-08,Punjab Kings,Gujarat Titans,Mumbai,"Brabourne Stadium, Mumbai",Gujarat Titans,field,Gujarat Titans,wickets,6.0,,Shubman Gill
1304063,2022,2022-04-09,Chennai Super Kings,Sunrisers Hyderabad,Mumbai,"Dr DY Patil Sports Academy, Mumbai",Sunrisers Hyderabad,field,Sunrisers Hyderabad,wickets,8.0,,Abhishek Sharma
1304064,2022,2022-04-09,Mumbai Indians,Royal Challengers Bengaluru,Pune,"Maharashtra Cricket Association Stadium, Pune",Royal Challengers Bengaluru,field,Royal Challengers Bengaluru,wickets,7.0,,Anuj Rawat
1304065,2022,2022-04-10,Delhi Capitals,Kolkata Knight Riders,Mumbai,"Brabourne Stadium, Mumbai",Kolkata Knight Riders,field,Delhi Capitals,runs,44.0,,Kuldeep Yadav
1304066,2022,2022-04-10,Rajasthan Royals,Lucknow Super Giants,Mumbai,"Wankhede Stadium, Mumbai",Lucknow Super Giants,field,Rajasthan Royals,runs,3.0,,YS Chahal
1304067,2022,2022-04-11,Gujarat Titans,Sunrisers Hyderabad,Mumbai,"Dr DY Patil Sports Academy, Mumbai",Sunrisers Hyderabad,field,Sunrisers Hyderabad,wickets,8.0,,KS Williamson
1304068,2022,2022-04-12,Chennai Super Kings,Royal Challengers Bengaluru,Mumbai,"Dr DY Patil Sports Academy, Mumbai",Royal Challengers Bengaluru,field,Chennai Super Kings,runs,23.0,,S Dube
1304069,2022,2022-04-13,Punjab Kings,Mumbai Indians,Pune,"Maharashtra Cricket Association Stadium, Pune",Mumbai Indians,field,Punjab Kings,runs,12.0,,MA Agarwal
1304070,2022,2022-04-14,Gujarat Titans,Rajasthan Royals,Mumbai,"Dr DY Patil Sports Academy, Mumbai",Rajasthan Royals,field,Gujarat Titans,runs,37.0,,HH Pandya
1304071,2022,2022-04-15,Kolkata Knight Riders,Sunrisers Hyderabad,Mumbai,"Brabourne Stadium, Mumbai",Sunrisers Hyderabad,field,Sunrisers Hyderabad,wickets,7.0,,RA Tripathi
1304072,2022,2022-04-16,Lucknow Super Giants,Mumbai Indians,Mumbai,"Brabourne Stadium, Mumbai",Mumbai Indians,field,Lucknow Super Giants,runs,18.0,,KL Rahul
1304073,2022,2022-04-16,Royal Challengers Bengaluru,Delhi Capitals,Mumbai,"Wankhede Stadium, Mumbai",Delhi Capitals,field,Royal Challengers Bengaluru,runs,16.0,,KD Karthik
1304074,2022,2022-04-17,Punjab Kings,Sunrisers Hyderabad,Mumbai,"Dr DY Patil Sports Academy, Mumbai",Sunrisers Hyderabad,field,Sunrisers Hyderabad,wickets,7.0,,Umran Malik
1304075,2022,2022-04-17,Chennai Super Kings,Gujarat Titans,Pune,"Maharashtra Cricket Association Stadium, Pune",Gujarat Titans,field,Gujarat Titans,wickets,3.0,,DA Miller
1304076,2022,2022-04-18,Rajasthan Royals,Kolkata Knight Riders,Mumbai,"Brabourne Stadium, Mumbai",Kolkata Knight Riders,field,Rajasthan Royals,runs,7.0,,YS Chahal
1304077,2022,2022-04-19,Royal Challengers Bengaluru,Lucknow Super Giants,Mumbai,"Dr DY Patil Sports Academy, Mumbai",Lucknow Super Giants,field,Royal Challengers Bengaluru,runs,18.0,,F du Plessis
1304078,2022,2022-04-20,Punjab Kings,Delhi Capitals,Mumbai,"Brabourne Stadium, Mumbai",Delhi Capitals,field,Delhi Capitals,wickets,9.0,,Kuldeep Yadav
1304079,2022,2022-04-21,Mumbai Indians,Chennai Super Kings,Mumbai,"Dr DY Patil Sports Academy, Mumbai",Chennai Super Kings,field,Chennai Super Kings,wickets,3.0,,Mukesh Choudhary
1304080,2022,2022-04-22,Rajasthan Royals,Delhi Capitals,Mumbai,"Wankhede Stadium, Mumbai",Delhi Capitals,field,Rajasthan Royals,runs,15.0,,JC Buttler
1304081,2022,2022-04-23,Gujarat Titans,Kolkata Knight Riders,Mumbai,"Dr DY Patil Sports Academy, Mumbai",Gujarat Titans,bat,Gujarat Titans,runs,8.0,,Rashid Khan
1304082,2022,2022-04-23,Royal Challengers Bengaluru,Sunrisers Hyderabad,Mumbai,"Brabourne Stadium, Mumbai",Sunrisers Hyderabad,field,Sunrisers Hyderabad,wickets,9.0,,M Jansen
1304083,2022,2022-04-24,Lucknow Super Giants,Mumbai Indians,Mumbai,"Wankhede Stadium, Mumbai",Mumbai Indians,field,Lucknow Super Giants,runs,36.0,,KL Rahul
1304084,2022,2022-04-25,Punjab Kings,Chennai Super Kings,Mumbai,"Wankhede Stadium, Mumbai",Chennai Super Kings,field,Punjab Kings,runs,11.0,,S Dhawan
1304085,2022,2022-04-26,Rajasthan Royals,Royal Challengers Bengaluru,Pune,"Maharashtra Cricket Association Stadium, Pune",Royal Challengers Bengaluru,field,Rajasthan Royals,runs,29.0,,R Parag
1304086,2022,2022-04-27,Sunrisers Hyderabad,Gujarat Titans,Mumbai,"Wankhede Stadium, Mumbai",Gujarat Titans,field,Gujarat Titans,wickets,5.0,,Umran Malik
1304087,2022,2022-04-28,Kolkata Knight Riders,Delhi Capitals,Mumbai,"Wankhede Stadium, Mumbai",Delhi Capitals,field,Delhi Capitals,wickets,4.0,,Kuldeep Yadav
1304088,2022,2022-04-29,Lucknow Super Giants,Punjab Kings,Pune,"Maharashtra Cricket Association Stadium, Pune",Punjab Kings,field,Lucknow Super Giants,runs,20.0,,KH Pandya
1304089,2022,2022-04-30,Royal Challengers Bengaluru,Gujarat Titans,Mumbai,"Brabourne Stadium, Mumbai",Royal Challengers Bengaluru,bat,Gujarat Titans,wickets,6.0,,R Tewatia
1304090,2022,2022-04-30,Rajasthan Royals,Mumbai Indians,Mumbai,"Dr DY Patil Sports Academy, Mumbai",Mumbai Indians,field,Mumbai Indians,wickets,5.0,,SA Yadav
1304091,2022,2022-05-01,Lucknow Super Giants,Delhi Capitals,Mumbai,"Wankhede Stadium, Mumbai",Lucknow Super Giants,bat,Lucknow Super Giants,runs,6.0,,Mohsin Khan
1304092,2022,2022-05-01,Chennai Super Kings,Sunrisers Hyderabad,Pune,"Maharashtra Cricket Association Stadium, Pune",Sunrisers Hyderabad,field,Chennai Super Kings,runs,13.0,,RD Gaikwad
1304093,2022,2022-05-02,Rajasthan Royals,Kolkata Knight Riders,Mumbai,"Wankhede Stadium, Mumbai",Kolkata Knight Riders,field,Kolkata Knight Riders,wickets,7.0,,RK Singh
1304094,2022,2022-05-03,Gujarat Titans,Punjab Kings,Mumbai,"Dr DY Patil Sports Academy, Mumbai",Gujarat Titans,bat,Punjab Kings,wickets,8.0,,K Rabada
1304095,2022,2022-05-04,Royal Challengers Bengaluru,Chennai Super Kings,Pune,"Maharashtra Cricket Association Stadium, Pune",Chennai Super Kings,field,Royal Challengers Bengaluru,runs,13.0,,HV Patel
1304096,2022,2022-05-05,Delhi Capitals,Sunrisers Hyderabad,Mumbai,"Brabourne Stadium, Mumbai",Sunrisers Hyderabad,field,Delhi Capitals,runs,21.0,,DA Warner
1304097,2022,2022-05-06,Mumbai Indians,Gujarat Titans,Mumbai,"Brabourne Stadium, Mumbai",Gujarat Titans,field,Mumbai Indians,runs,5.0,,TH David
1304098,2022,2022-05-07,Punjab Kings,Rajasthan Royals,Mumbai,"Wankhede Stadium, Mumbai",Punjab Kings,bat,Rajasthan Royals,wickets,6.0,,YBK Jaiswal
1304099,2022,2022-05-07,Lucknow Super Giants,Kolkata Knight Riders,Pune,"Maharashtra Cricket Association Stadium, Pune",Kolkata Knight Riders,field,Lucknow Super Giants,runs,75.0,,Avesh Khan
1304100,2022,2022-05-08,Royal Challengers Bengaluru,Sunrisers Hyderabad,Mumbai,"Wankhede Stadium, Mumbai",Royal Challengers Bengaluru,bat,Royal Challengers Bengaluru,runs,67.0,,PWH de Silva
1304101,2022,2022-05-08,Chennai Super Kings,Delhi Capitals,Mumbai,"Dr DY Patil Sports Academy, Mumbai",Delhi Capitals,field,Chennai Super Kings,runs,91.0,,DP Conway
1304102,2022,2022-05-09,Kolkata Knight Riders,Mumbai Indians,Mumbai,"Dr DY Patil Sports Academy, Mumbai",Mumbai Indians,field,Kolkata Knight Riders,runs,52.0,,JJ Bumrah
1304103,2022,2022-05-10,Gujarat Titans,Lucknow Super Giants,Pune,"Maharashtra Cricket Association Stadium, Pune",Gujarat Titans,bat,Gujarat Titans,runs,62.0,,Shubman Gill
1304104,2022,2022-05-11,Rajasthan Royals,Delhi Capitals,Mumbai,"Dr DY Patil Sports Academy, Mumbai",Delhi Capitals,field,Delhi Capitals,wickets,8.0,,MR Marsh
1304105,2022,2022-05-12,Chennai Super Kings,Mumbai Indians,Mumbai,"Wankhede Stadium, Mumbai",Mumbai Indians,field,Mumbai Indians,wickets,5.0,,DR Sams
1304106,2022,2022-05-13,Punjab Kings,Royal Challengers Bengaluru,Mumbai,"Brabourne Stadium, Mumbai",Royal Challengers Bengaluru,field,Punjab Kings,runs,54.0,,JM Bairstow
1304107,2022,2022-05-14,Kolkata Knight Riders,Sunrisers Hyderabad,Pune,"Maharashtra Cricket Association Stadium, Pune",Kolkata Knight Riders,bat,Kolkata Knight Riders,runs,54.0,,AD Russell
1304108,2022,2022-05-15,Chennai Super Kings,Gujarat Titans,Mumbai,"Wankhede Stadium, Mumbai",Chennai Super Kings,bat,Gujarat Titans,wickets,7.0,,WP Saha
1304109,2022,2022-05-15,Rajasthan Royals,Lucknow Super Giants,Mumbai,"Brabourne Stadium, Mumbai",Rajasthan Royals,bat,Rajasthan Royals,runs,24.0,,TA Boult
1304110,2022,2022-05-16,Delhi Capitals,Punjab Kings,Mumbai,"Dr DY Patil Sports Academy, Mumbai",Punjab Kings,field,Delhi Capitals,runs,17.0,,SN Thakur
1304111,2022,2022-05-17,Sunrisers Hyderabad,Mumbai Indians,Mumbai,"Wankhede Stadium, Mumbai",Mumbai Indians,field,Sunrisers Hyderabad,runs,3.0,,RA Tripathi
1304112,2022,2022-05-18,Lucknow Super Giants,Kolkata Knight Riders,Mumbai,"Dr DY Patil Sports Academy, Mumbai",Lucknow Super Giants,bat,Lucknow Super Giants,runs,2.0,,Q de Kock
1304113,2022,2022-05-19,Gujarat Titans,Royal Challengers Bengaluru,Mumbai,"Wankhede Stadium, Mumbai",Gujarat Titans,bat,Royal Challengers Bengaluru,wickets,8.0,,V Kohli
1304114,2022,2022-05-20,Chennai Super Kings,Rajasthan Royals,Mumbai,"Brabourne Stadium, Mumbai",Chennai Super Kings,bat,Rajasthan Royals,wickets,5.0,,R Ashwin
1304115,2022,2022-05-21,Delhi Capitals,Mumbai Indians,Mumbai,"Wankhede Stadium, Mumbai",Mumbai Indians,field,Mumbai Indians,wickets,5.0,,JJ Bumrah
1304116,2022,2022-05-22,Sunrisers Hyderabad,Punjab Kings,Mumbai,"Wankhede Stadium, Mumbai",Sunrisers Hyderabad,bat,Punjab Kings,wickets,5.0,,Harpreet Brar
1312197,2022,2022-05-24,Rajasthan Royals,Gujarat Titans,Kolkata,"Eden Gardens, Kolkata",Gujarat Titans,field,Gujarat Titans,wickets,7.0,,DA Miller
1312198,2022,2022-05-25,Royal Challengers Bengaluru,Lucknow Super Giants,Kolkata,"Eden Gardens, Kolkata",Lucknow Super Giants,field,Royal Challengers Bengaluru,runs,14.0,,RM Patidar
1312199,2022,2022-05-27,Royal Challengers Bengaluru,Rajasthan Royals,Ahmedabad,"Narendra Modi Stadium, Ahmedabad",Rajasthan Royals,field,Rajasthan Royals,wickets,7.0,,JC Buttler
1312200,2022,2022-05-29,Rajasthan Royals,Gujarat Titans,Ahmedabad,"Narendra Modi Stadium, Ahmedabad",Rajasthan Royals,bat,Gujarat Titans,wickets,7.0,,HH Pandya
1359475,2023,2023-03-31,Chennai Super Kings,Gujarat Titans,Ahmedabad,"Narendra Modi Stadium, Ahmedabad",Gujarat Titans,field,Gujarat Titans,wickets,5.0,,Rashid Khan
1359476,2023,2023-04-01,Punjab Kings,Kolkata Knight Riders,Chandigarh,"Punjab Cricket Association IS Bindra Stadium, Mohali, Chandigarh",Kolkata Knight Riders,field,Punjab Kings,runs,7.0,,Arshdeep Singh
1359477,2023,2023-04-01,Lucknow Super Giants,Delhi Capitals,Lucknow,"Bharat Ratna Shri Atal Bihari Vajpayee Ekana Cricket Stadium, Lucknow",Delhi Capitals,field,Lucknow Super Giants,runs,50.0,,MA Wood
1359478,2023,2023-04-02,Rajasthan Royals,Sunrisers Hyderabad,Hyderabad,"Rajiv Gandhi International Stadium, Uppal, Hyderabad",Sunrisers Hyderabad,field,Rajasthan Royals,runs,72.0,,JC Buttler
1359479,2023,2023-04-02,Mumbai Indians,Royal Challengers Bengaluru,Bengaluru,"M Chinnaswamy Stadium, Bengaluru",Royal Challengers Bengaluru,field,Royal Challengers Bengaluru,wickets,8.0,,F du Plessis
1359480,2023,2023-04-03,Chennai Super Kings,Lucknow Super Giants,Chennai,"MA Chidambaram Stadium, Chepauk, Chennai",Lucknow Super Giants,field,Chennai Super Kings,runs,12.0,,MM Ali
1359481,2023,2023-04-04,Delhi Capitals,Gujarat Titans,Delhi,"Arun Jaitley Stadium, Delhi",Gujarat Titans,field,Gujarat Titans,wickets,6.0,,B Sai Sudharsan
1359482,2023,2023-04-05,Punjab Kings,Rajasthan Royals,Guwahati,"Barsapara Cricket Stadium, Guwahati",Rajasthan Royals,field,Punjab Kings,runs,5.0,,NT Ellis
1359483,2023,2023-04-06,Kolkata Knight Riders,Royal Challengers Bengaluru,Kolkata,"Eden Gardens, Kolkata",Royal Challengers Bengaluru,field,Kolkata Knight Riders,runs,81.0,,SN Thakur
1359484,2023,2023-04-07,Sunrisers Hyderabad,Lucknow Super Giants,Lucknow,"Bharat Ratna Shri Atal Bihari Vajpayee Ekana Cricket Stadium, Lucknow",Sunrisers Hyderabad,bat,Lucknow Super Giants,wickets,5.0,,KH Pandya
1359485,2023,2023-04-08,Rajasthan Royals,Delhi Capitals,Guwahati,"Barsapara Cricket Stadium, Guwahati",Delhi Capitals,field,Rajasthan Royals,runs,57.0,,YBK Jaiswal
1359486,2023,2023-04-08,Mumbai Indians,Chennai Super Kings,Mumbai,"Wankhede Stadium, Mumbai",Chennai Super Kings,field,Chennai Super Kings,wickets,7.0,,RA Jadeja
1359487,2023,2023-04-09,Gujarat Titans,Kolkata Knight Riders,Ahmedabad,"Narendra Modi Stadium, Ahmedabad",Gujarat Titans,bat,Kolkata Knight Riders,wickets,3.0,,RK Singh
1359488,2023,2023-04-09,Punjab Kings,Sunrisers Hyderabad,Hyderabad,"Rajiv Gandhi International Stadium, Uppal, Hyderabad",Sunrisers Hyderabad,field,Sunrisers Hyderabad,wickets,8.0,,S Dhawan
1359489,2023,2023-04-10,Royal Challengers Bengaluru,Lucknow Super Giants,Bengaluru,"M Chinnaswamy Stadium, Bengaluru",Lucknow Super Giants,field,Lucknow Super Giants,wickets,1.0,,N Pooran
1359490,2023,2023-04-11,Delhi Capitals,Mumbai Indians,Delhi,"Arun Jaitley Stadium, Delhi",Mumbai Indians,field,Mumbai Indians,wickets,6.0,,RG Sharma
1359491,2023,2023-04-12,Rajasthan Royals,Chennai Super Kings,Chennai,"MA Chidambaram Stadium, Chepauk, Chennai",Chennai Super Kings,field,Rajasthan Royals,runs,3.0,,R Ashwin
1359492,2023,2023-04-13,Punjab Kings,Gujarat Titans,Chandigarh,"Punjab Cricket Association IS Bindra Stadium, Mohali, Chandigarh",Gujarat Titans,field,Gujarat Titans,wickets,6.0,,MM Sharma
1359493,2023,2023-04-14,Sunrisers Hyderabad,Kolkata Knight Riders,Kolkata,"Eden Gardens, Kolkata",Kolkata Knight Riders,field,Sunrisers Hyderabad,runs,23.0,,HC Brook
1359494,2023,2023-04-15,Royal Challengers Bengaluru,Delhi Capitals,Bengaluru,"M Chinnaswamy Stadium, Bengaluru",Delhi Capitals,field,Royal Challengers Bengaluru,runs,23.0,,V Kohli
1359495,2023,2023-04-15,Lucknow Super Giants,Punjab Kings,Lucknow,"Bharat Ratna Shri Atal Bihari Vajpayee Ekana Cricket Stadium, Lucknow",Punjab Kings,field,Punjab Kings,wickets,2.0,,Sikandar Raza
1359496,2023,2023-04-16,Kolkata Knight Riders,Mumbai Indians,Mumbai,"Wankhede Stadium, Mumbai",Mumbai Indians,field,Mumbai Indians,wickets,5.0,,VR Iyer
1359497,2023,2023-04-16,Gujarat Titans,Rajasthan Royals,Ahmedabad,"Narendra Modi Stadium, Ahmedabad",Rajasthan Royals,field,Rajasthan Royals,wickets,3.0,,SO Hetmyer
1359498,2023,2023-04-17,Chennai Super Kings,Royal Challengers Bengaluru,Bengaluru,"M Chinnaswamy Stadium, Bengaluru",Royal Challengers Bengaluru,field,Chennai Super Kings,runs,8.0,,DP Conway
1359499,2023,2023-04-18,Mumbai Indians,Sunrisers Hyderabad,Hyderabad,"Rajiv Gandhi International Stadium, Uppal, Hyderabad",Sunrisers Hyderabad,field,Mumbai Indians,runs,14.0,,C Green
1359500,2023,2023-04-19,Lucknow Super Giants,Rajasthan Royals,Jaipur,"Sawai Mansingh Stadium, Jaipur",Rajasthan Royals,field,Lucknow Super Giants,runs,10.0,,MP Stoinis
1359501,2023,2023-04-20,Royal Challengers Bengaluru,Punjab Kings,Chandigarh,"Punjab Cricket Association IS Bindra Stadium, Mohali, Chandigarh",Punjab Kings,field,Royal Challengers Bengaluru,runs,24.0,,Mohammed Siraj
1359502,2023,2023-04-20,Kolkata Knight Riders,Delhi Capitals,Delhi,"Arun Jaitley Stadium, Delhi",Delhi Capitals,field,Delhi Capitals,wickets,4.0,,I Sharma
1359503,2023,2023-04-21,Sunrisers Hyderabad,Chennai Super Kings,Chennai,"MA Chidambaram Stadium, Chepauk, Chennai",Chennai Super Kings,field,Chennai Super Kings,wickets,7.0,,RA Jadeja
1359504,2023,2023-04-22,Gujarat Titans,Lucknow Super Giants,Lucknow,"Bharat Ratna Shri Atal Bihari Vajpayee Ekana Cricket Stadium, Lucknow",Gujarat Titans,bat,Gujarat Titans,runs,7.0,,MM Sharma
1359505,2023,2023-04-22,Punjab Kings,Mumbai Indians,Mumbai,"Wankhede Stadium, Mumbai",Mumbai Indians,field,Punjab Kings,runs,13.0,,SM Curran
1359506,2023,2023-04-23,Royal Challengers Bengaluru,Rajasthan Royals,Bengaluru,"M Chinnaswamy Stadium, Bengaluru",Rajasthan Royals,field,Royal Challengers Bengaluru,runs,7.0,,GJ Maxwell
1359507,2023,2023-04-23,Chennai Super Kings,Kolkata Knight Riders,Kolkata,"Eden Gardens, Kolkata",Kolkata Knight Riders,field,Chennai Super Kings,runs,49.0,,AM Rahane
1359508,2023,2023-04-24,Delhi Capitals,Sunrisers Hyderabad,Hyderabad,"Rajiv Gandhi International Stadium, Uppal, Hyderabad",Delhi Capitals,bat,Delhi Capitals,runs,7.0,,AR Patel
1359509,2023,2023-04-25,Gujarat Titans,Mumbai Indians,Ahmedabad,"Narendra Modi Stadium, Ahmedabad",Mumbai Indians,field,Gujarat Titans,runs,55.0,,A Manohar
1359510,2023,2023-04-26,Kolkata Knight Riders,Royal Challengers Bengaluru,Bengaluru,"M Chinnaswamy Stadium, Bengaluru",Royal Challengers Bengaluru,field,Kolkata Knight Riders,runs,21.0,,CV Varun
1359511,2023,2023-04-27,Rajasthan Royals,Chennai Super Kings,Jaipur,"Sawai Mansingh Stadium, Jaipur",Rajasthan Royals,bat,Rajasthan Royals,runs,32.0,,YBK Jaiswal
1359512,2023,2023-04-28,Lucknow Super Giants,Punjab Kings,Chandigarh,"Punjab Cricket Association IS Bindra Stadium, Mohali, Chandigarh",Punjab Kings,field,Lucknow Super Giants,runs,56.0,,MP Stoinis
1359513,2023,2023-04-29,Kolkata Knight Riders,Gujarat Titans,Kolkata,"Eden Gardens, Kolkata",Gujarat Titans,field,Gujarat Titans,wickets,7.0,,J Little
1359514,2023,2023-04-29,Sunrisers Hyderabad,Delhi Capitals,Delhi,"Arun Jaitley Stadium, Delhi",Sunrisers Hyderabad,bat,Sunrisers Hyderabad,runs,9.0,,MR Marsh
1359515,2023,2023-04-30,Chennai Super Kings,Punjab Kings,Chennai,"MA Chidambaram Stadium, Chepauk, Chennai",Chennai Super Kings,bat,Punjab Kings,wickets,4.0,,DP Conway
1359516,2023,2023-04-30,Rajasthan Royals,Mumbai Indians,Mumbai,"Wankhede Stadium, Mumbai",Rajasthan Royals,bat,Mumbai Indians,wickets,6.0,,YBK Jaiswal
1359517,2023,2023-05-01,Royal Challengers Bengaluru,Lucknow Super Giants,Lucknow,"Bharat Ratna Shri Atal Bihari Vajpayee Ekana Cricket Stadium, Lucknow",Royal Challengers Bengaluru,bat,Royal Challengers Bengaluru,runs,18.0,,F du Plessis
1359518,2023,2023-05-02,Delhi Capitals,Gujarat Titans,Ahmedabad,"Narendra Modi Stadium, Ahmedabad",Delhi Capitals,bat,Delhi Capitals,runs,5.0,,Mohammed Shami
1359519,2023,2023-05-03,Lucknow Super Giants,Chennai Super Kings,Lucknow,"Bharat Ratna Shri Atal Bihari Vajpayee Ekana Cricket Stadium, Lucknow",Chennai Super Kings,field,,,,no result,
1359520,2023,2023-05-03,Punjab Kings,Mumbai Indians,Chandigarh,"Punjab Cricket Association IS Bindra Stadium, Mohali, Chandigarh",Mumbai Indians,field,Mumbai Indians,wickets,6.0,,Ishan Kishan
1359521,2023,2023-05-04,Kolkata Knight Riders,Sunrisers Hyderabad,Hyderabad,"Rajiv Gandhi International Stadium, Uppal, Hyderabad",Kolkata Knight Riders,bat,Kolkata Knight Riders,runs,5.0,,CV Varun
1359522,2023,2023-05-05,Rajasthan Royals,Gujarat Titans,Jaipur,"Sawai Mansingh Stadium, Jaipur",Rajasthan Royals,bat,Gujarat Titans,wickets,9.0,,Rashid Khan
1359523,2023,2023-05-06,Mumbai Indians,Chennai Super Kings,Chennai,"MA Chidambaram Stadium, Chepauk, Chennai",Chennai Super Kings,field,Chennai Super Kings,wickets,6.0,,M Pathirana
1359524,2023,2023-05-06,Royal Challengers Bengaluru,Delhi Capitals,Delhi,"Arun Jaitley Stadium, Delhi",Royal Challengers Bengaluru,bat,Delhi Capitals,wickets,7.0,,PD Salt
1359525,2023,2023-05-07,Gujarat Titans,Lucknow Super Giants,Ahmedabad,"Narendra Modi Stadium, Ahmedabad",Lucknow Super Giants,field,Gujarat Titans,runs,56.0,,Shubman Gill
1359526,2023,2023-05-07,Rajasthan Royals,Sunrisers Hyderabad,Jaipur,"Sawai Mansingh Stadium, Jaipur",Rajasthan Royals,bat,Sunrisers Hyderabad,wickets,4.0,,GD Phillips
1359527,2023,2023-05-08,Punjab Kings,Kolkata Knight Riders,Kolkata,"Eden Gardens, Kolkata",Punjab Kings,bat,Kolkata Knight Riders,wickets,5.0,,AD Russell
1359528,2023,2023-05-09,Royal Challengers Bengaluru,Mumbai Indians,Mumbai,"Wankhede Stadium, Mumbai",Mumbai Indians,field,Mumbai Indians,wickets,6.0,,SA Yadav
1359529,2023,2023-05-10,Chennai Super Kings,Delhi Capitals,Chennai,"MA Chidambaram Stadium, Chepauk, Chennai",Chennai Super Kings,bat,Chennai Super Kings,runs,27.0,,RA Jadeja
1359530,2023,2023-05-11,Kolkata Knight Riders,Rajasthan Royals,Kolkata,"Eden Gardens, Kolkata",Rajasthan Royals,field,Rajasthan Royals,wickets,9.0,,YBK Jaiswal
1359531,2023,2023-05-12,Mumbai Indians,Gujarat Titans,Mumbai,"Wankhede Stadium, Mumbai",Gujarat Titans,field,Mumbai Indians,runs,27.0,,SA Yadav
1359532,2023,2023-05-13,Sunrisers Hyderabad,Lucknow Super Giants,Hyderabad,"Rajiv Gandhi International Stadium, Uppal, Hyderabad",Sunrisers Hyderabad,bat,Lucknow Super Giants,wickets,7.0,,PN Mankad
1359533,2023,2023-05-13,Punjab Kings,Delhi Capitals,Delhi,"Arun Jaitley Stadium, Delhi",Delhi Capitals,field,Punjab Kings,runs,31.0,,P Simran Singh
1359534,2023,2023-05-14,Royal Challengers Bengaluru,Rajasthan Royals,Jaipur,"Sawai Mansingh Stadium, Jaipur",Royal Challengers Bengaluru,bat,Royal Challengers Bengaluru,runs,112.0,,WD Parnell
1359535,2023,2023-05-14,Chennai Super Kings,Kolkata Knight Riders,Chennai,"MA Chidambaram Stadium, Chepauk, Chennai",Chennai Super Kings,bat,Kolkata Knight Riders,wickets,6.0,,RK Singh
1359536,2023,2023-05-15,Gujarat Titans,Sunrisers Hyderabad,Ahmedabad,"Narendra Modi Stadium, Ahmedabad",Sunrisers Hyderabad,field,Gujarat Titans,runs,34.0,,Shubman Gill
1359537,2023,2023-05-16,Lucknow Super Giants,Mumbai Indians,Lucknow,"Bharat Ratna Shri Atal Bihari Vajpayee Ekana Cricket Stadium, Lucknow",Mumbai Indians,field,Lucknow Super Giants,runs,5.0,,MP Stoinis
1359538,2023,2023-05-17,Delhi Capitals,Punjab Kings,Dharamsala,"Himachal Pradesh Cricket Association Stadium, Dharamsala",Punjab Kings,field,Delhi Capitals,runs,15.0,,RR Rossouw
1359539,2023,2023-05-18,Sunrisers Hyderabad,Royal Challengers Bengaluru,Hyderabad,"Rajiv Gandhi International Stadium, Uppal, Hyderabad",Royal Challengers Bengaluru,field,Royal Challengers Bengaluru,wickets,8.0,,V Kohli
1359540,2023,2023-05-19,Punjab Kings,Rajasthan Royals,Dharamsala,"Himachal Pradesh Cricket Association Stadium, Dharamsala",Rajasthan Royals,field,Rajasthan Royals,wickets,4.0,,D Padikkal
1359541,2023,2023-05-20,Chennai Super Kings,Delhi Capitals,Delhi,"Arun Jaitley Stadium, Delhi",Chennai Super Kings,bat,Chennai Super Kings,runs,77.0,,RD Gaikwad
1359542,2023,2023-05-20,Lucknow Super Giants,Kolkata Knight Riders,Kolkata,"Eden Gardens, Kolkata",Kolkata Knight Riders,field,Lucknow Super Giants,runs,1.0,,N Pooran
1359543,2023,2023-05-21,Sunrisers Hyderabad,Mumbai Indians,Mumbai,"Wankhede Stadium, Mumbai",Mumbai Indians,field,Mumbai Indians,wickets,8.0,,C Green
1359544,2023,2023-05-21,Royal Challengers Bengaluru,Gujarat Titans,Bengaluru,"M Chinnaswamy Stadium, Bengaluru",Gujarat Titans,field,Gujarat Titans,wickets,6.0,,Shubman Gill
1370350,2023,2023-05-23,Chennai Super Kings,Gujarat Titans,Chennai,"MA Chidambaram Stadium, Chepauk, Chennai",Gujarat Titans,field,Chennai Super Kings,runs,15.0,,RD Gaikwad
1370351,2023,2023-05-24,Mumbai Indians,Lucknow Super Giants,Chennai,"MA Chidambaram Stadium, Chepauk, Chennai",Mumbai Indians,bat,Mumbai Indians,runs,81.0,,Akash Madhwal
1370352,2023,2023-05-26,Gujarat Titans,Mumbai Indians,Ahmedabad,"Narendra Modi Stadium, Ahmedabad",Mumbai Indians,field,Gujarat Titans,runs,62.0,,Shubman Gill
1370353,2023,2023-05-29,Gujarat Titans,Chennai Super Kings,Ahmedabad,"Narendra Modi Stadium, Ahmedabad",Chennai Super Kings,field,Chennai Super Kings,wickets,5.0,,DP Conway
1422119,2024,2024-03-22,Royal Challengers Bengaluru,Chennai Super Kings,Chennai,"MA Chidambaram Stadium, Chepauk, Chennai",Royal Challengers Bengaluru,bat,Chennai Super Kings,wickets,6.0,,Mustafizur Rahman
1422120,2024,2024-03-23,Delhi Capitals,Punjab Kings,Chandigarh,"Maharaja Yadavindra Singh International Cricket Stadium, Mullanpur",Punjab Kings,field,Punjab Kings,wickets,4.0,,SM Curran
1422121,2024,2024-03-23,Kolkata Knight Riders,Sunrisers Hyderabad,Kolkata,"Eden Gardens, Kolkata",Sunrisers Hyderabad,field,Kolkata Knight Riders,runs,4.0,,AD Russell
1422122,2024,2024-03-24,Rajasthan Royals,Lucknow Super Giants,Jaipur,"Sawai Mansingh Stadium, Jaipur",Rajasthan Royals,bat,Rajasthan Royals,runs,20.0,,SV Samson
1422123,2024,2024-03-24,Gujarat Titans,Mumbai Indians,Ahmedabad,"Narendra Modi Stadium, Ahmedabad",Mumbai Indians,field,Gujarat Titans,runs,6.0,,B Sai Sudharsan
1422124,2024,2024-03-25,Punjab Kings,Royal Challengers Bengaluru,Bengaluru,"M Chinnaswamy Stadium, Bengaluru",Royal Challengers Bengaluru,field,Royal Challengers Bengaluru,wickets,4.0,,V Kohli
1422125,2024,2024-03-26,Chennai Super Kings,Gujarat Titans,Chennai,"MA Chidambaram Stadium, Chepauk, Chennai",Gujarat Titans,field,Chennai Super Kings,runs,63.0,,S Dube
1422126,2024,2024-03-27,Sunrisers Hyderabad,Mumbai Indians,Hyderabad,"Rajiv Gandhi International Stadium, Uppal, Hyderabad",Mumbai Indians,field,Sunrisers Hyderabad,runs,31.0,,Abhishek Sharma
1422127,2024,2024-03-28,Rajasthan Royals,Delhi Capitals,Jaipur,"Sawai Mansingh Stadium, Jaipur",Delhi Capitals,field,Rajasthan Royals,runs,12.0,,R Parag
1422128,2024,2024-03-29,Royal Challengers Bengaluru,Kolkata Knight Riders,Bengaluru,"M Chinnaswamy Stadium, Bengaluru",Kolkata Knight Riders,field,Kolkata Knight Riders,wickets,7.0,,SP Narine
1422129,2024,2024-03-30,Lucknow Super Giants,Punjab Kings,Lucknow,"Bharat Ratna Shri Atal Bihari Vajpayee Ekana Cricket Stadium, Lucknow",Lucknow Super Giants,bat,Lucknow Super Giants,runs,21.0,,MP Yadav
1422130,2024,2024-03-31,Sunrisers Hyderabad,Gujarat Titans,Ahmedabad,"Narendra Modi Stadium, Ahmedabad",Sunrisers Hyderabad,bat,Gujarat Titans,wickets,7.0,,MM Sharma
1422131,2024,2024-03-31,Delhi Capitals,Chennai Super Kings,Visakhapatnam,"Dr. Y.S. Rajasekhara Reddy ACA-VDCA Cricket Stadium, Visakhapatnam",Delhi Capitals,bat,Delhi Capitals,runs,20.0,,KK Ahmed
1422132,2024,2024-04-01,Mumbai Indians,Rajasthan Royals,Mumbai,"Wankhede Stadium, Mumbai",Rajasthan Royals,field,Rajasthan Royals,wickets,6.0,,TA Boult
1422133,2024,2024-04-02,Lucknow Super Giants,Royal Challengers Bengaluru,Bengaluru,"M Chinnaswamy Stadium, Bengaluru",Royal Challengers Bengaluru,field,Lucknow Super Giants,runs,28.0,,MP Yadav
1422134,2024,2024-04-03,Kolkata Knight Riders,Delhi Capitals,Visakhapatnam,"Dr. Y.S. Rajasekhara Reddy ACA-VDCA Cricket Stadium, Visakhapatnam",Kolkata Knight Riders,bat,Kolkata Knight Riders,runs,106.0,,SP Narine
1422135,2024,2024-04-04,Gujarat Titans,Punjab Kings,Ahmedabad,"Narendra Modi Stadium, Ahmedabad",Punjab Kings,field,Punjab Kings,wickets,3.0,,Shashank Singh
1422136,2024,2024-04-05,Chennai Super Kings,Sunrisers Hyderabad,Hyderabad,"Rajiv Gandhi International Stadium, Uppal, Hyderabad",Sunrisers Hyderabad,field,Sunrisers Hyderabad,wickets,6.0,,Abhishek Sharma
1422137,2024,2024-04-06,Royal Challengers Bengaluru,Rajasthan Royals,Jaipur,"Sawai Mansingh Stadium, Jaipur",Rajasthan Royals,field,Rajasthan Royals,wickets,6.0,,JC Buttler
1422138,2024,2024-04-07,Mumbai Indians,Delhi Capitals,Mumbai,"Wankhede Stadium, Mumbai",Delhi Capitals,field,Mumbai Indians,runs,29.0,,R Shepherd
1422139,2024,2024-04-07,Lucknow Super Giants,Gujarat Titans,Lucknow,"Bharat Ratna Shri Atal Bihari Vajpayee Ekana Cricket Stadium, Lucknow",Lucknow Super Giants,bat,Lucknow Super Giants,runs,33.0,,Yash Thakur
1426260,2024,2024-04-08,Kolkata Knight Riders,Chennai Super Kings,Chennai,"MA Chidambaram Stadium, Chepauk, Chennai",Chennai Super Kings,field,Chennai Super Kings,wickets,7.0,,RA Jadeja
1426261,2024,2024-04-09,Sunrisers Hyderabad,Punjab Kings,Chandigarh,"Maharaja Yadavindra Singh International Cricket Stadium, Mullanpur",Punjab Kings,field,Sunrisers Hyderabad,runs,2.0,,Nithish Kumar Reddy
1426262,2024,2024-04-10,Rajasthan Royals,Gujarat Titans,Jaipur,"Sawai Mansingh Stadium, Jaipur",Gujarat Titans,field,Gujarat Titans,wickets,3.0,,Rashid Khan
1426263,2024,2024-04-11,Royal Challengers Bengaluru,Mumbai Indians,Mumbai,"Wankhede Stadium, Mumbai",Mumbai Indians,field,Mumbai Indians,wickets,7.0,,JJ Bumrah
1426264,2024,2024-04-12,Lucknow Super Giants,Delhi Capitals,Lucknow,"Bharat Ratna Shri Atal Bihari Vajpayee Ekana Cricket Stadium, Lucknow",Lucknow Super Giants,bat,Delhi Capitals,wickets,6.0,,Kuldeep Yadav
1426265,2024,2024-04-13,Punjab Kings,Rajasthan Royals,Chandigarh,"Maharaja Yadavindra Singh International Cricket Stadium, Mullanpur",Rajasthan Royals,field,Rajasthan Royals,wickets,3.0,,SO Hetmyer
1426266,2024,2024-04-14,Lucknow Super Giants,Kolkata Knight Riders,Kolkata,"Eden Gardens, Kolkata",Kolkata Knight Riders,field,Kolkata Knight Riders,wickets,8.0,,PD Salt
1426267,2024,2024-04-14,Chennai Super Kings,Mumbai Indians,Mumbai,"Wankhede Stadium, Mumbai",Mumbai Indians,field,Chennai Super Kings,runs,20.0,,M Pathirana
1426268,2024,2024-04-15,Sunrisers Hyderabad,Royal Challengers Bengaluru,Bengaluru,"M Chinnaswamy Stadium, Bengaluru",Royal Challengers Bengaluru,field,Sunrisers Hyderabad,runs,25.0,,TM Head
1426269,2024,2024-04-16,Kolkata Knight Riders,Rajasthan Royals,Kolkata,"Eden Gardens, Kolkata",Rajasthan Royals,field,Rajasthan Royals,wickets,2.0,,JC Buttler
1426270,2024,2024-04-17,Gujarat Titans,Delhi Capitals,Ahmedabad,"Narendra Modi Stadium, Ahmedabad",Delhi Capitals,field,Delhi Capitals,wickets,6.0,,RR Pant
1426271,2024,2024-04-18,Mumbai Indians,Punjab Kings,Chandigarh,"Maharaja Yadavindra Singh International Cricket Stadium, Mullanpur",Punjab Kings,field,Mumbai Indians,runs,9.0,,JJ Bumrah
1426272,2024,2024-04-19,Chennai Super Kings,Lucknow Super Giants,Lucknow,"Bharat Ratna Shri Atal Bihari Vajpayee Ekana Cricket Stadium, Lucknow",Lucknow Super Giants,field,Lucknow Super Giants,wickets,8.0,,KL Rahul
1426273,2024,2024-04-20,Sunrisers Hyderabad,Delhi Capitals,Delhi,"Arun Jaitley Stadium, Delhi",Delhi Capitals,field,Sunrisers Hyderabad,runs,67.0,,TM Head
1426274,2024,2024-04-21,Kolkata Knight Riders,Royal Challengers Bengaluru,Kolkata,"Eden Gardens, Kolkata",Royal Challengers Bengaluru,field,Kolkata Knight Riders,runs,1.0,,AD Russell
1426275,2024,2024-04-21,Punjab Kings,Gujarat Titans,Chandigarh,"Maharaja Yadavindra Singh International Cricket Stadium, Mullanpur",Punjab Kings,bat,Gujarat Titans,wickets,3.0,,R Sai Kishore
1426276,2024,2024-04-22,Mumbai Indians,Rajasthan Royals,Jaipur,"Sawai Mansingh Stadium, Jaipur",Mumbai Indians,bat,Rajasthan Royals,wickets,9.0,,Sandeep Sharma
1426277,2024,2024-04-23,Chennai Super Kings,Lucknow Super Giants,Chennai,"MA Chidambaram Stadium, Chepauk, Chennai",Lucknow Super Giants,field,Lucknow Super Giants,wickets,6.0,,MP Stoinis
1426278,2024,2024-04-24,Delhi Capitals,Gujarat Titans,Delhi,"Arun Jaitley Stadium, Delhi",Gujarat Titans,field,Delhi Capitals,runs,4.0,,RR Pant
1426279,2024,2024-04-25,Royal Challengers Bengaluru,Sunrisers Hyderabad,Hyderabad,"Rajiv Gandhi International Stadium, Uppal, Hyderabad",Royal Challengers Bengaluru,bat,Royal Challengers Bengaluru,runs,35.0,,RM Patidar
1426280,2024,2024-04-26,Kolkata Knight Riders,Punjab Kings,Kolkata,"Eden Gardens, Kolkata",Punjab Kings,field,Punjab Kings,wickets,8.0,,JM Bairstow
1426281,2024,2024-04-27,Delhi Capitals,Mumbai Indians,Delhi,"Arun Jaitley Stadium, Delhi",Mumbai Indians,field,Delhi Capitals,runs,10.0,,J Fraser-McGurk
1426282,2024,2024-04-27,Lucknow Super Giants,Rajasthan Royals,Lucknow,"Bharat Ratna Shri Atal Bihari Vajpayee Ekana Cricket Stadium, Lucknow",Rajasthan Royals,field,Rajasthan Royals,wickets,7.0,,SV Samson
1426283,2024,2024-04-28,Gujarat Titans,Royal Challengers Bengaluru,Ahmedabad,"Narendra Modi Stadium, Ahmedabad",Royal Challengers Bengaluru,field,Royal Challengers Bengaluru,wickets,9.0,,WG Jacks
1426284,2024,2024-04-28,Chennai Super Kings,Sunrisers Hyderabad,Chennai,"MA Chidambaram Stadium, Chepauk, Chennai",Sunrisers Hyderabad,field,Chennai Super Kings,runs,78.0,,RD Gaikwad
1426285,2024,2024-04-29,Delhi Capitals,Kolkata Knight Riders,Kolkata,"Eden Gardens, Kolkata",Delhi Capitals,bat,Kolkata Knight Riders,wickets,7.0,,CV Varun
1426286,2024,2024-04-30,Mumbai Indians,Lucknow Super Giants,Lucknow,"Bharat Ratna Shri Atal Bihari Vajpayee Ekana Cricket Stadium, Lucknow",Lucknow Super Giants,field,Lucknow Super Giants,wickets,4.0,,MP Stoinis
1426287,2024,2024-05-01,Chennai Super Kings,Punjab Kings,Chennai,"MA Chidambaram Stadium, Chepauk, Chennai",Punjab Kings,field,Punjab Kings,wickets,7.0,,Harpreet Brar
1426288,2024,2024-05-02,Sunrisers Hyderabad,Rajasthan Royals,Hyderabad,"Rajiv Gandhi International Stadium, Uppal, Hyderabad",Sunrisers Hyderabad,bat,Sunrisers Hyderabad,runs,1.0,,B Kumar
1426289,2024,2024-05-03,Kolkata Knight Riders,Mumbai Indians,Mumbai,"Wankhede Stadium, Mumbai",Mumbai Indians,field,Kolkata Knight Riders,runs,24.0,,VR Iyer
1426290,2024,2024-05-04,Gujarat Titans,Royal Challengers Bengaluru,Bengaluru,"M Chinnaswamy Stadium, Bengaluru",Royal Challengers Bengaluru,field,Royal Challengers Bengaluru,wickets,4.0,,Mohammed Siraj
1426291,2024,2024-05-05,Chennai Super Kings,Punjab Kings,Dharamsala,"Himachal Pradesh Cricket Association Stadium, Dharamsala",Punjab Kings,field,Chennai Super Kings,runs,28.0,,RA Jadeja
1426292,2024,2024-05-05,Kolkata Knight Riders,Lucknow Super Giants,Lucknow,"Bharat Ratna Shri Atal Bihari Vajpayee Ekana Cricket Stadium, Lucknow",Lucknow Super Giants,field,Kolkata Knight Riders,runs,98.0,,SP Narine
1426293,2024,2024-05-06,Sunrisers Hyderabad,Mumbai Indians,Mumbai,"Wankhede Stadium, Mumbai",Mumbai Indians,field,Mumbai Indians,wickets,7.0,,SA Yadav
1426294,2024,2024-05-07,Delhi Capitals,Rajasthan Royals,Delhi,"Arun Jaitley Stadium, Delhi",Rajasthan Royals,field,Delhi Capitals,runs,20.0,,Kuldeep Yadav
1426295,2024,2024-05-08,Lucknow Super Giants,Sunrisers Hyderabad,Hyderabad,"Rajiv Gandhi International Stadium, Uppal, Hyderabad",Lucknow Super Giants,bat,Sunrisers Hyderabad,wickets,10.0,,TM Head
1426296,2024,2024-05-09,Royal Challengers Bengaluru,Punjab Kings,Dharamsala,"Himachal Pradesh Cricket Association Stadium, Dharamsala",Punjab Kings,field,Royal Challengers Bengaluru,runs,60.0,,V Kohli
1426297,2024,2024-05-10,Gujarat Titans,Chennai Super Kings,Ahmedabad,"Narendra Modi Stadium, Ahmedabad",Chennai Super Kings,field,Gujarat Titans,runs,35.0,,Shubman Gill
1426298,2024,2024-05-11,Kolkata Knight Riders,Mumbai Indians,Kolkata,"Eden Gardens, Kolkata",Mumbai Indians,field,Kolkata Knight Riders,runs,18.0,,CV Varun
1426299,2024,2024-05-12,Rajasthan Royals,Chennai Super Kings,Chennai,"MA Chidambaram Stadium, Chepauk, Chennai",Rajasthan Royals,bat,Chennai Super Kings,wickets,5.0,,Simarjeet Singh
1426300,2024,2024-05-12,Royal Challengers Bengaluru,Delhi Capitals,Bengaluru,"M Chinnaswamy Stadium, Bengaluru",Delhi Capitals,field,Royal Challengers Bengaluru,runs,47.0,,C Green
1426302,2024,2024-05-14,Delhi Capitals,Lucknow Super Giants,Delhi,"Arun Jaitley Stadium, Delhi",Lucknow Super Giants,field,Delhi Capitals,runs,19.0,,I Sharma
1426303,2024,2024-05-15,Rajasthan Royals,Punjab Kings,Guwahati,"Barsapara Cricket Stadium, Guwahati",Rajasthan Royals,bat,Punjab Kings,wickets,5.0,,SM Curran
1426305,2024,2024-05-17,Lucknow Super Giants,Mumbai Indians,Mumbai,"Wankhede Stadium, Mumbai",Mumbai Indians,field,Lucknow Super Giants,runs,18.0,,N Pooran
1426306,2024,2024-05-18,Royal Challengers Bengaluru,Chennai Super Kings,Bengaluru,"M Chinnaswamy Stadium, Bengaluru",Chennai Super Kings,field,Royal Challengers Bengaluru,runs,27.0,,F du Plessis
1426307,2024,2024-05-19,Punjab Kings,Sunrisers Hyderabad,Hyderabad,"Rajiv Gandhi International Stadium, Uppal, Hyderabad",Punjab Kings,bat,Sunrisers Hyderabad,wickets,4.0,,Abhishek Sharma
1426309,2024,2024-05-21,Sunrisers Hyderabad,Kolkata Knight Riders,Ahmedabad,"Narendra Modi Stadium, Ahmedabad",Sunrisers Hyderabad,bat,Kolkata Knight Riders,wickets,8.0,,MA Starc
1426310,2024,2024-05-22,Royal Challengers Bengaluru,Rajasthan Royals,Ahmedabad,"Narendra Modi Stadium, Ahmedabad",Rajasthan Royals,field,Rajasthan Royals,wickets,4.0,,R Ashwin
1426311,2024,2024-05-24,Sunrisers Hyderabad,Rajasthan Royals,Chennai,"MA Chidambaram Stadium, Chepauk, Chennai",Rajasthan Royals,field,Sunrisers Hyderabad,runs,36.0,,Shahbaz Ahmed
1426312,2024,2024-05-26,Sunrisers Hyderabad,Kolkata Knight Riders,Chennai,"MA Chidambaram Stadium, Chepauk, Chennai",Sunrisers Hyderabad,bat,Kolkata Knight Riders,wickets,8.0,,MA Starc
1473438,2025,2025-03-22,Kolkata Knight Riders,Royal Challengers Bengaluru,Kolkata,"Eden Gardens, Kolkata",Royal Challengers Bengaluru,field,Royal Challengers Bengaluru,wickets,7.0,,KH Pandya
1473439,2025,2025-03-23,Sunrisers Hyderabad,Rajasthan Royals,Hyderabad,"Rajiv Gandhi International Stadium, Uppal, Hyderabad",Rajasthan Royals,field,Sunrisers Hyderabad,runs,44.0,,Ishan Kishan
1473440,2025,2025-03-23,Mumbai Indians,Chennai Super Kings,Chennai,"MA Chidambaram Stadium, Chepauk, Chennai",Chennai Super Kings,field,Chennai Super Kings,wickets,4.0,,Noor Ahmad
1473441,2025,2025-03-24,Lucknow Super Giants,Delhi Capitals,Visakhapatnam,"Dr. Y.S. Rajasekhara Reddy ACA-VDCA Cricket Stadium, Visakhapatnam",Delhi Capitals,field,Delhi Capitals,wickets,1.0,,Ashutosh Sharma
1473442,2025,2025-03-25,Punjab Kings,Gujarat Titans,Ahmedabad,"Narendra Modi Stadium, Ahmedabad",Gujarat Titans,field,Punjab Kings,runs,11.0,,SS Iyer
1473443,2025,2025-03-26,Rajasthan Royals,Kolkata Knight Riders,Guwahati,"Barsapara Cricket Stadium, Guwahati",Kolkata Knight Riders,field,Kolkata Knight Riders,wickets,8.0,,Q de Kock
1473444,2025,2025-03-27,Sunrisers Hyderabad,Lucknow Super Giants,Hyderabad,"Rajiv Gandhi International Stadium, Uppal, Hyderabad",Lucknow Super Giants,field,Lucknow Super Giants,wickets,5.0,,SN Thakur
1473445,2025,2025-03-28,Royal Challengers Bengaluru,Chennai Super Kings,Chennai,"MA Chidambaram Stadium, Chepauk, Chennai",Chennai Super Kings,field,Royal Challengers Bengaluru,runs,50.0,,RM Patidar
1473446,2025,2025-03-29,Gujarat Titans,Mumbai Indians,Ahmedabad,"Narendra Modi Stadium, Ahmedabad",Mumbai Indians,field,Gujarat Titans,runs,36.0,,M Prasidh Krishna
1473447,2025,2025-03-30,Sunrisers Hyderabad,Delhi Capitals,Visakhapatnam,"Dr. Y.S. Rajasekhara Reddy ACA-VDCA Cricket Stadium, Visakhapatnam",Sunrisers Hyderabad,bat,Delhi Capitals,wickets,7.0,,MA Starc
1473448,2025,2025-03-30,Rajasthan Royals,Chennai Super Kings,Guwahati,"Barsapara Cricket Stadium, Guwahati",Chennai Super Kings,field,Rajasthan Royals,runs,6.0,,N Rana
1473449,2025,2025-03-31,Kolkata Knight Riders,Mumbai Indians,Mumbai,"Wankhede Stadium, Mumbai",Mumbai Indians,field,Mumbai Indians,wickets,8.0,,Ashwani Kumar
1473450,2025,2025-04-01,Lucknow Super Giants,Punjab Kings,Lucknow,"Bharat Ratna Shri Atal Bihari Vajpayee Ekana Cricket Stadium, Lucknow",Punjab Kings,field,Punjab Kings,wickets,8.0,,P Simran Singh
1473451,2025,2025-04-02,Royal Challengers Bengaluru,Gujarat Titans,Bengaluru,"M Chinnaswamy Stadium, Bengaluru",Gujarat Titans,field,Gujarat Titans,wickets,8.0,,Mohammed Siraj
1473452,2025,2025-04-03,Kolkata Knight Riders,Sunrisers Hyderabad,Kolkata,"Eden Gardens, Kolkata",Sunrisers Hyderabad,field,Kolkata Knight Riders,runs,80.0,,VG Arora
1473453,2025,2025-04-04,Lucknow Super Giants,Mumbai Indians,Lucknow,"Bharat Ratna Shri Atal Bihari Vajpayee Ekana Cricket Stadium, Lucknow",Mumbai Indians,field,Lucknow Super Giants,runs,12.0,,DS Rathi
1473454,2025,2025-04-05,Delhi Capitals,Chennai Super Kings,Chennai,"MA Chidambaram Stadium, Chepauk, Chennai",Delhi Capitals,bat,Delhi Capitals,runs,25.0,,KL Rahul
1473455,2025,2025-04-05,Rajasthan Royals,Punjab Kings,Chandigarh,"Maharaja Yadavindra Singh International Cricket Stadium, Mullanpur",Punjab Kings,field,Rajasthan Royals,runs,50.0,,JC Archer
1473456,2025,2025-04-08,Lucknow Super Giants,Kolkata Knight Riders,Kolkata,"Eden Gardens, Kolkata",Kolkata Knight Riders,field,Lucknow Super Giants,runs,4.0,,N Pooran
1473457,2025,2025-04-06,Sunrisers Hyderabad,Gujarat Titans,Hyderabad,"Rajiv Gandhi International Stadium, Uppal, Hyderabad",Gujarat Titans,field,Gujarat Titans,wickets,7.0,,Mohammed Siraj
1473458,2025,2025-04-07,Royal Challengers Bengaluru,Mumbai Indians,Mumbai,"Wankhede Stadium, Mumbai",Mumbai Indians,field,Royal Challengers Bengaluru,runs,12.0,,RM Patidar
1473459,2025,2025-04-08,Punjab Kings,Chennai Super Kings,Chandigarh,"Maharaja Yadavindra Singh International Cricket Stadium, Mullanpur",Punjab Kings,bat,Punjab Kings,runs,18.0,,Priyansh Arya
1473460,2025,2025-04-09,Gujarat Titans,Rajasthan Royals,Ahmedabad,"Narendra Modi Stadium, Ahmedabad",Rajasthan Royals,field,Gujarat Titans,runs,58.0,,B Sai Sudharsan
1473461,2025,2025-04-10,Royal Challengers Bengaluru,Delhi Capitals,Bengaluru,"M Chinnaswamy Stadium, Bengaluru",Delhi Capitals,field,Delhi Capitals,wickets,6.0,,KL Rahul
1473462,2025,2025-04-11,Chennai Super Kings,Kolkata Knight Riders,Chennai,"MA Chidambaram Stadium, Chepauk, Chennai",Kolkata Knight Riders,field,Kolkata Knight Riders,wickets,8.0,,SP Narine
1473463,2025,2025-04-12,Gujarat Titans,Lucknow Super Giants,Lucknow,"Bharat Ratna Shri Atal Bihari Vajpayee Ekana Cricket Stadium, Lucknow",Lucknow Super Giants,field,Lucknow Super Giants,wickets,6.0,,AK Markram
1473464,2025,2025-04-12,Punjab Kings,Sunrisers Hyderabad,Hyderabad,"Rajiv Gandhi International Stadium, Uppal, Hyderabad",Punjab Kings,bat,Sunrisers Hyderabad,wickets,8.0,,Abhishek Sharma
1473465,2025,2025-04-13,Rajasthan Royals,Royal Challengers Bengaluru,Jaipur,"Sawai Mansingh Stadium, Jaipur",Royal Challengers Bengaluru,field,Royal Challengers Bengaluru,wickets,9.0,,PD Salt
1473466,2025,2025-04-13,Mumbai Indians,Delhi Capitals,Delhi,"Arun Jaitley Stadium, Delhi",Delhi Capitals,field,Mumbai Indians,runs,12.0,,KV Sharma
1473467,2025,2025-04-14,Lucknow Super Giants,Chennai Super Kings,Lucknow,"Bharat Ratna Shri Atal Bihari Vajpayee Ekana Cricket Stadium, Lucknow",Chennai Super Kings,field,Chennai Super Kings,wickets,5.0,,MS Dhoni
1473468,2025,2025-04-15,Punjab Kings,Kolkata Knight Riders,Chandigarh,"Maharaja Yadavindra Singh International Cricket Stadium, Mullanpur",Punjab Kings,bat,Punjab Kings,runs,16.0,,YS Chahal
1473469,2025,2025-04-16,Delhi Capitals,Rajasthan Royals,Delhi,"Arun Jaitley Stadium, Delhi",Rajasthan Royals,field,Delhi Capitals,,,tie,MA Starc
1473470,2025,2025-04-17,Sunrisers Hyderabad,Mumbai Indians,Mumbai,"Wankhede Stadium, Mumbai",Mumbai Indians,field,Mumbai Indians,wickets,4.0,,WG Jacks
1473471,2025,2025-04-18,Royal Challengers Bengaluru,Punjab Kings,Bengaluru,"M Chinnaswamy Stadium, Bengaluru",Punjab Kings,field,Punjab Kings,wickets,5.0,,TH David
1473472,2025,2025-04-19,Delhi Capitals,Gujarat Titans,Ahmedabad,"Narendra Modi Stadium, Ahmedabad",Gujarat Titans,field,Gujarat Titans,wickets,7.0,,JC Buttler
1473473,2025,2025-04-19,Lucknow Super Giants,Rajasthan Royals,Jaipur,"Sawai Mansingh Stadium, Jaipur",Lucknow Super Giants,bat,Lucknow Super Giants,runs,2.0,,Avesh Khan
1473474,2025,2025-04-20,Punjab Kings,Royal Challengers Bengaluru,Chandigarh,"Maharaja Yadavindra Singh International Cricket Stadium, Mullanpur",Royal Challengers Bengaluru,field,Royal Challengers Bengaluru,wickets,7.0,,V Kohli
1473475,2025,2025-04-20,Chennai Super Kings,Mumbai Indians,Mumbai,"Wankhede Stadium, Mumbai",Mumbai Indians,field,Mumbai Indians,wickets,9.0,,RG Sharma
1473476,2025,2025-04-21,Gujarat Titans,Kolkata Knight Riders,Kolkata,"Eden Gardens, Kolkata",Kolkata Knight Riders,field,Gujarat Titans,runs,39.0,,Shubman Gill
1473477,2025,2025-04-22,Lucknow Super Giants,Delhi Capitals,Lucknow,"Bharat Ratna Shri Atal Bihari Vajpayee Ekana Cricket Stadium, Lucknow",Delhi Capitals,field,Delhi Capitals,wickets,8.0,,Mukesh Kumar
1473478,2025,2025-04-23,Sunrisers Hyderabad,Mumbai Indians,Hyderabad,"Rajiv Gandhi International Stadium, Uppal, Hyderabad",Mumbai Indians,field,Mumbai Indians,wickets,7.0,,TA Boult
1473479,2025,2025-04-24,Royal Challengers Bengaluru,Rajasthan Royals,Bengaluru,"M Chinnaswamy Stadium, Bengaluru",Rajasthan Royals,field,Royal Challengers Bengaluru,runs,11.0,,JR Hazlewood
1473480,2025,2025-04-25,Chennai Super Kings,Sunrisers Hyderabad,Chennai,"MA Chidambaram Stadium, Chepauk, Chennai",Sunrisers Hyderabad,field,Sunrisers Hyderabad,wickets,5.0,,HV Patel
1473481,2025,2025-04-26,Punjab Kings,Kolkata Knight Riders,Kolkata,"Eden Gardens, Kolkata",Punjab Kings,bat,,,,no result,
1473482,2025,2025-04-27,Mumbai Indians,Lucknow Super Giants,Mumbai,"Wankhede Stadium, Mumbai",Lucknow Super Giants,field,Mumbai Indians,runs,54.0,,WG Jacks
1473483,2025,2025-04-27,Delhi Capitals,Royal Challengers Bengaluru,Delhi,"Arun Jaitley Stadium, Delhi",Royal Challengers Bengaluru,field,Royal Challengers Bengaluru,wickets,6.0,,KH Pandya
1473484,2025,2025-04-28,Gujarat Titans,Rajasthan Royals,Jaipur,"Sawai Mansingh Stadium, Jaipur",Rajasthan Royals,field,Rajasthan Royals,wickets,8.0,,V Suryavanshi
1473485,2025,2025-04-29,Kolkata Knight Riders,Delhi Capitals,Delhi,"Arun Jaitley Stadium, Delhi",Delhi Capitals,field,Kolkata Knight Riders,runs,14.0,,SP Narine
1473486,2025,2025-04-30,Chennai Super Kings,Punjab Kings,Chennai,"MA Chidambaram Stadium, Chepauk, Chennai",Punjab Kings,field,Punjab Kings,wickets,4.0,,SS Iyer
1473487,2025,2025-05-01,Mumbai Indians,Rajasthan Royals,Jaipur,"Sawai Mansingh Stadium, Jaipur",Rajasthan Royals,field,Mumbai Indians,runs,100.0,,RD Rickelton
1473488,2025,2025-05-02,Gujarat Titans,Sunrisers Hyderabad,Ahmedabad,"Narendra Modi Stadium, Ahmedabad",Sunrisers Hyderabad,field,Gujarat Titans,runs,38.0,,M Prasidh Krishna
1473489,2025,2025-05-03,Royal Challengers Bengaluru,Chennai Super Kings,Bengaluru,"M Chinnaswamy Stadium, Bengaluru",Chennai Super Kings,field,Royal Challengers Bengaluru,runs,2.0,,R Shepherd
1473490,2025,2025-05-04,Kolkata Knight Riders,Rajasthan Royals,Kolkata,"Eden Gardens, Kolkata",Kolkata Knight Riders,bat,Kolkata Knight Riders,runs,1.0,,AD Russell
1473491,2025,2025-05-04,Punjab Kings,Lucknow Super Giants,Dharamsala,"Himachal Pradesh Cricket Association Stadium, Dharamsala",Lucknow Super Giants,field,Punjab Kings,runs,37.0,,P Simran Singh
1473492,2025,2025-05-05,Delhi Capitals,Sunrisers Hyderabad,Hyderabad,"Rajiv Gandhi International Stadium, Uppal, Hyderabad",Sunrisers Hyderabad,field,,,,no result,
1473493,2025,2025-05-06,Mumbai Indians,Gujarat Titans,Mumbai,"Wankhede Stadium, Mumbai",Gujarat Titans,field,Gujarat Titans,wickets,3.0,,Shubman Gill
1473494,2025,2025-05-07,Kolkata Knight Riders,Chennai Super Kings,Kolkata,"Eden Gardens, Kolkata",Kolkata Knight Riders,bat,Chennai Super Kings,wickets,2.0,,Noor Ahmad
1473495,2025,2025-05-08,Punjab Kings,Delhi Capitals,Dharamsala,"Himachal Pradesh Cricket Association Stadium, Dharamsala",Punjab Kings,bat,,,,no result,
1473497,2025,2025-05-18,Punjab Kings,Rajasthan Royals,Jaipur,"Sawai Mansingh Stadium, Jaipur",Punjab Kings,bat,Punjab Kings,runs,10.0,,Harpreet Brar
1473498,2025,2025-05-18,Delhi Capitals,Gujarat Titans,Delhi,"Arun Jaitley Stadium, Delhi",Gujarat Titans,field,Gujarat Titans,wickets,10.0,,B Sai Sudharsan
1473499,2025,2025-05-19,Lucknow Super Giants,Sunrisers Hyderabad,Lucknow,"Bharat Ratna Shri Atal Bihari Vajpayee Ekana Cricket Stadium, Lucknow",Sunrisers Hyderabad,field,Sunrisers Hyderabad,wickets,6.0,,Abhishek Sharma
1473500,2025,2025-05-20,Chennai Super Kings,Rajasthan Royals,Delhi,"Arun Jaitley Stadium, Delhi",Rajasthan Royals,field,Rajasthan Royals,wickets,6.0,,Akash Madhwal
1473501,2025,2025-05-21,Mumbai Indians,Delhi Capitals,Mumbai,"Wankhede Stadium, Mumbai",Delhi Capitals,field,Mumbai Indians,runs,59.0,,SA Yadav
1473502,2025,2025-05-22,Lucknow Super Giants,Gujarat Titans,Ahmedabad,"Narendra Modi Stadium, Ahmedabad",Gujarat Titans,field,Lucknow Super Giants,runs,33.0,,MR Marsh
1473503,2025,2025-05-23,Sunrisers Hyderabad,Royal Challengers Bengaluru,Lucknow,"Bharat Ratna Shri Atal Bihari Vajpayee Ekana Cricket Stadium, Lucknow",Royal Challengers Bengaluru,field,Sunrisers Hyderabad,runs,42.0,,Ishan Kishan
1473504,2025,2025-05-25,Chennai Super Kings,Gujarat Titans,Ahmedabad,"Narendra Modi Stadium, Ahmedabad",Chennai Super Kings,bat,Chennai Super Kings,runs,83.0,,D Brevis
1473505,2025,2025-05-25,Sunrisers Hyderabad,Kolkata Knight Riders,Delhi,"Arun Jaitley Stadium, Delhi",Sunrisers Hyderabad,bat,Sunrisers Hyderabad,runs,110.0,,H Klaasen
1473506,2025,2025-05-26,Mumbai Indians,Punjab Kings,Jaipur,"Sawai Mansingh Stadium, Jaipur",Punjab Kings,field,Punjab Kings,wickets,7.0,,JP Inglis
1473507,2025,2025-05-27,Lucknow Super Giants,Royal Challengers Bengaluru,Lucknow,"Bharat Ratna Shri Atal Bihari Vajpayee Ekana Cricket Stadium, Lucknow",Royal Challengers Bengaluru,field,Royal Challengers Bengaluru,wickets,6.0,,JM Sharma
1473508,2025,2025-05-29,Punjab Kings,Royal Challengers Bengaluru,Chandigarh,"Maharaja Yadavindra Singh International Cricket Stadium, Mullanpur",Royal Challengers Bengaluru,field,Royal Challengers Bengaluru,wickets,8.0,,Suyash Sharma
1473509,2025,2025-05-30,Mumbai Indians,Gujarat Titans,Chandigarh,"Maharaja Yadavindra Singh International Cricket Stadium, New Chandigarh",Mumbai Indians,bat,Mumbai Indians,runs,20.0,,RG Sharma
1473510,2025,2025-06-01,Mumbai Indians,Punjab Kings,Ahmedabad,"Narendra Modi Stadium, Ahmedabad",Punjab Kings,field,Punjab Kings,wickets,5.0,,SS Iyer
1473511,2025,2025-06-03,Royal Challengers Bengaluru,Punjab Kings,Ahmedabad,"Narendra Modi Stadium, Ahmedabad",Punjab Kings,field,Royal Challengers Bengaluru,runs,6.0,,KH Pandya
1485779,2025,2025-05-24,Punjab Kings,Delhi Capitals,Jaipur,"Sawai Mansingh Stadium, Jaipur",Delhi Capitals,field,Delhi Capitals,wickets,6.0,,Sameer Rizvi
1527674,2026,2026-03-28,Sunrisers Hyderabad,Royal Challengers Bengaluru,Bengaluru,"M Chinnaswamy Stadium, Bengaluru",Royal Challengers Bengaluru,field,Royal Challengers Bengaluru,wickets,6.0,,JA Duffy
1527675,2026,2026-03-29,Kolkata Knight Riders,Mumbai Indians,Mumbai,"Wankhede Stadium, Mumbai",Mumbai Indians,field,Mumbai Indians,wickets,6.0,,SN Thakur
1527676,2026,2026-03-30,Chennai Super Kings,Rajasthan Royals,Guwahati,"Barsapara Cricket Stadium, Guwahati",Rajasthan Royals,field,Rajasthan Royals,wickets,8.0,,N Burger
1527677,2026,2026-03-31,Gujarat Titans,Punjab Kings,Chandigarh,"Maharaja Yadavindra Singh International Cricket Stadium, New Chandigarh",Punjab Kings,field,Punjab Kings,wickets,3.0,,C Connolly
1527678,2026,2026-04-01,Lucknow Super Giants,Delhi Capitals,Lucknow,"Bharat Ratna Shri Atal Bihari Vajpayee Ekana Cricket Stadium, Lucknow",Delhi Capitals,field,Delhi Capitals,wickets,6.0,,Sameer Rizvi
1527679,2026,2026-04-02,Sunrisers Hyderabad,Kolkata Knight Riders,Kolkata,"Eden Gardens, Kolkata",Kolkata Knight Riders,field,Sunrisers Hyderabad,runs,65.0,,Nithish Kumar Reddy
1527680,2026,2026-04-03,Chennai Super Kings,Punjab Kings,Chennai,"MA Chidambaram Stadium, Chepauk, Chennai",Punjab Kings,field,Punjab Kings,wickets,5.0,,Priyansh Arya
1527681,2026,2026-04-04,Mumbai Indians,Delhi Capitals,Delhi,"Arun Jaitley Stadium, Delhi",Delhi Capitals,field,Delhi Capitals,wickets,6.0,,Sameer Rizvi
1527682,2026,2026-04-04,Rajasthan Royals,Gujarat Titans,Ahmedabad,"Narendra Modi Stadium, Ahmedabad",Rajasthan Royals,bat,Rajasthan Royals,runs,6.0,,Ravi Bishnoi
1527683,2026,2026-04-05,Sunrisers Hyderabad,Lucknow Super Giants,Hyderabad,"Rajiv Gandhi International Stadium, Uppal, Hyderabad",Lucknow Super Giants,field,Lucknow Super Giants,wickets,5.0,,Mohammed Shami
1527684,2026,2026-04-05,Royal Challengers Bengaluru,Chennai Super Kings,Bengaluru,"M Chinnaswamy Stadium, Bengaluru",Chennai Super Kings,field,Royal Challengers Bengaluru,runs,43.0,,TH David
1527685,2026,2026-04-06,Kolkata Knight Riders,Punjab Kings,Kolkata,"Eden Gardens, Kolkata",Kolkata Knight Riders,bat,,,,no result,
1527686,2026,2026-04-07,Rajasthan Royals,Mumbai Indians,Guwahati,"Barsapara Cricket Stadium, Guwahati",Mumbai Indians,field,Rajasthan Royals,runs,27.0,,YBK Jaiswal
1527687,2026,2026-04-08,Gujarat Titans,Delhi Capitals,Delhi,"Arun Jaitley Stadium, Delhi",Delhi Capitals,field,Gujarat Titans,runs,1.0,,Rashid Khan
1527688,2026,2026-04-09,Kolkata Knight Riders,Lucknow Super Giants,Kolkata,"Eden Gardens, Kolkata",Lucknow Super Giants,field,Lucknow Super Giants,wickets,3.0,,MD Choudhary
1527689,2026,2026-04-10,Royal Challengers Bengaluru,Rajasthan Royals,Guwahati,"Barsapara Cricket Stadium, Guwahati",Rajasthan Royals,field,Rajasthan Royals,wickets,6.0,,V Suryavanshi
1527690,2026,2026-04-11,Sunrisers Hyderabad,Punjab Kings,Chandigarh,"Maharaja Yadavindra Singh International Cricket Stadium, New Chandigarh",Punjab Kings,field,Punjab Kings,wickets,6.0,,SS Iyer
1527691,2026,2026-04-11,Chennai Super Kings,Delhi Capitals,Chennai,"MA Chidambaram Stadium, Chepauk, Chennai",Delhi Capitals,field,Chennai Super Kings,runs,23.0,,SV Samson
1527692,2026,2026-04-12,Lucknow Super Giants,Gujarat Titans,Lucknow,"Bharat Ratna Shri Atal Bihari Vajpayee Ekana Cricket Stadium, Lucknow",Gujarat Titans,field,Gujarat Titans,wickets,7.0,,M Prasidh Krishna
1527693,2026,2026-04-12,Royal Challengers Bengaluru,Mumbai Indians,Mumbai,"Wankhede Stadium, Mumbai",Mumbai Indians,field,Royal Challengers Bengaluru,runs,18.0,,PD Salt
1529264,2026,2026-04-13,Sunrisers Hyderabad,Rajasthan Royals,Hyderabad,"Rajiv Gandhi International Stadium, Uppal, Hyderabad",Rajasthan Royals,field,Sunrisers Hyderabad,runs,57.0,,PP Hinge
1529265,2026,2026-04-14,Chennai Super Kings,Kolkata Knight Riders,Chennai,"MA Chidambaram Stadium, Chepauk, Chennai",Kolkata Knight Riders,field,Chennai Super Kings,runs,32.0,,Noor Ahmad
1529266,2026,2026-04-15,Lucknow Super Giants,Royal Challengers Bengaluru,Bengaluru,"M Chinnaswamy Stadium, Bengaluru",Royal Challengers Bengaluru,field,Royal Challengers Bengaluru,wickets,5.0,,JR Hazlewood
1529267,2026,2026-04-16,Mumbai Indians,Punjab Kings,Mumbai,"Wankhede Stadium, Mumbai",Punjab Kings,field,Punjab Kings,wickets,7.0,,Arshdeep Singh
1529268,2026,2026-04-17,Kolkata Knight Riders,Gujarat Titans,Ahmedabad,"Narendra Modi Stadium, Ahmedabad",Kolkata Knight Riders,bat,Gujarat Titans,wickets,5.0,,Shubman Gill
1529269,2026,2026-04-18,Royal Challengers Bengaluru,Delhi Capitals,Bengaluru,"M Chinnaswamy Stadium, Bengaluru",Delhi Capitals,field,Delhi Capitals,wickets,6.0,,T Stubbs
1529270,2026,2026-04-18,Sunrisers Hyderabad,Chennai Super Kings,Hyderabad,"Rajiv Gandhi International Stadium, Uppal, Hyderabad",Chennai Super Kings,field,Sunrisers Hyderabad,runs,10.0,,E Malinga
1529271,2026,2026-04-19,Rajasthan Royals,Kolkata Knight Riders,Kolkata,"Eden Gardens, Kolkata",Rajasthan Royals,bat,Kolkata Knight Riders,wickets,4.0,,CV Varun
1529272,2026,2026-04-19,Punjab Kings,Lucknow Super Giants,Chandigarh,"Maharaja Yadavindra Singh International Cricket Stadium, New Chandigarh",Lucknow Super Giants,field,Punjab Kings,runs,54.0,,Priyansh Arya
1529273,2026,2026-04-20,Mumbai Indians,Gujarat Titans,Ahmedabad,"Narendra Modi Stadium, Ahmedabad",Gujarat Titans,field,Mumbai Indians,runs,99.0,,Tilak Varma
1529274,2026,2026-04-21,Sunrisers Hyderabad,Delhi Capitals,Hyderabad,"Rajiv Gandhi International Stadium, Uppal, Hyderabad",Delhi Capitals,field,Sunrisers Hyderabad,runs,47.0,,Abhishek Sharma
1529275,2026,2026-04-22,Rajasthan Royals,Lucknow Super Giants,Lucknow,"Bharat Ratna Shri Atal Bihari Vajpayee Ekana Cricket Stadium, Lucknow",Lucknow Super Giants,field,Rajasthan Royals,runs,40.0,,RA Jadeja
1529276,2026,2026-04-23,Chennai Super Kings,Mumbai Indians,Mumbai,"Wankhede Stadium, Mumbai",Mumbai Indians,field,Chennai Super Kings,runs,103.0,,SV Samson
1529277,2026,2026-04-24,Gujarat Titans,Royal Challengers Bengaluru,Bengaluru,"M Chinnaswamy Stadium, Bengaluru",Royal Challengers Bengaluru,field,Royal Challengers Bengaluru,wickets,5.0,,V Kohli
1529278,2026,2026-04-25,Delhi Capitals,Punjab Kings,Delhi,"Arun Jaitley Stadium, Delhi",Delhi Capitals,bat,Punjab Kings,wickets,6.0,,KL Rahul
1529279,2026,2026-04-25,Rajasthan Royals,Sunrisers Hyderabad,Jaipur,"Sawai Mansingh Stadium, Jaipur",Sunrisers Hyderabad,field,Sunrisers Hyderabad,wickets,5.0,,Ishan Kishan
1529280,2026,2026-04-26,Chennai Super Kings,Gujarat Titans,Chennai,"MA Chidambaram Stadium, Chepauk, Chennai",Gujarat Titans,field,Gujarat Titans,wickets,8.0,,K Rabada
1529281,2026,2026-04-26,Kolkata Knight Riders,Lucknow Super Giants,Lucknow,"Bharat Ratna Shri Atal Bihari Vajpayee Ekana Cricket Stadium, Lucknow",Lucknow Super Giants,field,Kolkata Knight Riders,,,tie,RK Singh
1529282,2026,2026-04-27,Delhi Capitals,Royal Challengers Bengaluru,Delhi,"Arun Jaitley Stadium, Delhi",Royal Challengers Bengaluru,field,Royal Challengers Bengaluru,wickets,9.0,,JR Hazlewood
1529283,2026,2026-04-28,Punjab Kings,Rajasthan Royals,Chandigarh,"Maharaja Yadavindra Singh International Cricket Stadium, New Chandigarh",Rajasthan Royals,field,Rajasthan Royals,wickets,6.0,,D Ferreira
1529284,2026,2026-04-29,Mumbai Indians,Sunrisers Hyderabad,Mumbai,"Wankhede Stadium, Mumbai",Mumbai Indians,bat,Sunrisers Hyderabad,wickets,6.0,,H Klaasen
1529285,2026,2026-04-30,Royal Challengers Bengaluru,Gujarat Titans,Ahmedabad,"Narendra Modi Stadium, Ahmedabad",Gujarat Titans,field,Gujarat Titans,wickets,4.0,,JO Holder
1529286,2026,2026-05-01,Rajasthan Royals,Delhi Capitals,Jaipur,"Sawai Mansingh Stadium, Jaipur",Rajasthan Royals,bat,Delhi Capitals,wickets,7.0,,KL Rahul
1529287,2026,2026-05-02,Mumbai Indians,Chennai Super Kings,Chennai,"MA Chidambaram Stadium, Chepauk, Chennai",Mumbai Indians,bat,Chennai Super Kings,wickets,8.0,,RD Gaikwad
1529288,2026,2026-05-03,Sunrisers Hyderabad,Kolkata Knight Riders,Hyderabad,"Rajiv Gandhi International Stadium, Uppal, Hyderabad",Sunrisers Hyderabad,bat,Kolkata Knight Riders,wickets,7.0,,CV Varun
1529289,2026,2026-05-03,Punjab Kings,Gujarat Titans,Ahmedabad,"Narendra Modi Stadium, Ahmedabad",Gujarat Titans,field,Gujarat Titans,wickets,4.0,,JO Holder
1529290,2026,2026-05-04,Lucknow Super Giants,Mumbai Indians,Mumbai,"Wankhede Stadium, Mumbai",Mumbai Indians,field,Mumbai Indians,wickets,6.0,,RD Rickelton
1529291,2026,2026-05-05,Delhi Capitals,Chennai Super Kings,Delhi,"Arun Jaitley Stadium, Delhi",Delhi Capitals,bat,Chennai Super Kings,wickets,8.0,,SV Samson
1529292,2026,2026-05-06,Sunrisers Hyderabad,Punjab Kings,Hyderabad,"Rajiv Gandhi International Stadium, Uppal, Hyderabad",Punjab Kings,field,Sunrisers Hyderabad,runs,33.0,,PJ Cummins
1529293,2026,2026-05-07,Lucknow Super Giants,Royal Challengers Bengaluru,Lucknow,"Bharat Ratna Shri Atal Bihari Vajpayee Ekana Cricket Stadium, Lucknow",Royal Challengers Bengaluru,field,Lucknow Super Giants,runs,9.0,,MR Marsh
1529294,2026,2026-05-08,Delhi Capitals,Kolkata Knight Riders,Delhi,"Arun Jaitley Stadium, Delhi",Kolkata Knight Riders,field,Kolkata Knight Riders,wickets,8.0,,FH Allen
1529295,2026,2026-05-09,Gujarat Titans,Rajasthan Royals,Jaipur,"Sawai Mansingh Stadium, Jaipur",Rajasthan Royals,field,Gujarat Titans,runs,77.0,,Rashid Khan
1529296,2026,2026-05-10,Lucknow Super Giants,Chennai Super Kings,Chennai,"MA Chidambaram Stadium, Chepauk, Chennai",Chennai Super Kings,field,Chennai Super Kings,wickets,5.0,,J Overton
1529297,2026,2026-05-10,Mumbai Indians,Royal Challengers Bengaluru,Raipur,"Shaheed Veer Narayan Singh International Stadium, Raipur",Royal Challengers Bengaluru,field,Royal Challengers Bengaluru,wickets,2.0,,B Kumar
1529298,2026,2026-05-11,Punjab Kings,Delhi Capitals,Dharamsala,"Himachal Pradesh Cricket Association Stadium, Dharamsala",Delhi Capitals,field,Delhi Capitals,wickets,3.0,,M Tiwari
1529299,2026,2026-05-12,Gujarat Titans,Sunrisers Hyderabad,Ahmedabad,"Narendra Modi Stadium, Ahmedabad",Sunrisers Hyderabad,field,Gujarat Titans,runs,82.0,,K Rabada
1529300,2026,2026-05-13,Kolkata Knight Riders,Royal Challengers Bengaluru,Raipur,"Shaheed Veer Narayan Singh International Stadium, Raipur",Royal Challengers Bengaluru,field,Royal Challengers Bengaluru,wickets,6.0,,V Kohli
1529301,2026,2026-05-14,Punjab Kings,Mumbai Indians,Dharamsala,"Himachal Pradesh Cricket Association Stadium, Dharamsala",Mumbai Indians,field,Mumbai Indians,wickets,6.0,,Tilak Varma
1529302,2026,2026-05-15,Chennai Super Kings,Lucknow Super Giants,Lucknow,"Bharat Ratna Shri Atal Bihari Vajpayee Ekana Cricket Stadium, Lucknow",Lucknow Super Giants,field,Lucknow Super Giants,wickets,7.0,,MR Marsh
1529303,2026,2026-05-16,Kolkata Knight Riders,Gujarat Titans,Kolkata,"Eden Gardens, Kolkata",Gujarat Titans,field,Kolkata Knight Riders,runs,29.0,,SP Narine
1529304,2026,2026-05-17,Royal Challengers Bengaluru,Punjab Kings,Dharamsala,"Himachal Pradesh Cricket Association Stadium, Dharamsala",Punjab Kings,field,Royal Challengers Bengaluru,runs,23.0,,VR Iyer
1529305,2026,2026-05-17,Rajasthan Royals,Delhi Capitals,Delhi,"Arun Jaitley Stadium, Delhi",Delhi Capitals,field,Delhi Capitals,wickets,5.0,,MA Starc
1529306,2026,2026-05-18,Chennai Super Kings,Sunrisers Hyderabad,Chennai,"MA Chidambaram Stadium, Chepauk, Chennai",Chennai Super Kings,bat,Sunrisers Hyderabad,wickets,5.0,,Ishan Kishan
1529307,2026,2026-05-19,Lucknow Super Giants,Rajasthan Royals,Jaipur,"Sawai Mansingh Stadium, Jaipur",Rajasthan Royals,field,Rajasthan Royals,wickets,7.0,,V Suryavanshi
1529308,2026,2026-05-20,Mumbai Indians,Kolkata Knight Riders,Kolkata,"Eden Gardens, Kolkata",Kolkata Knight Riders,field,Kolkata Knight Riders,wickets,4.0,,MK Pandey
1529309,2026,2026-05-21,Gujarat Titans,Chennai Super Kings,Ahmedabad,"Narendra Modi Stadium, Ahmedabad",Chennai Super Kings,field,Gujarat Titans,runs,89.0,,Mohammed Siraj
1529310,2026,2026-05-22,Sunrisers Hyderabad,Royal Challengers Bengaluru,Hyderabad,"Rajiv Gandhi International Stadium, Uppal, Hyderabad",Sunrisers Hyderabad,bat,Sunrisers Hyderabad,runs,55.0,,Ishan Kishan
1529311,2026,2026-05-23,Lucknow Super Giants,Punjab Kings,Lucknow,"Bharat Ratna Shri Atal Bihari Vajpayee Ekana Cricket Stadium, Lucknow",Punjab Kings,field,Punjab Kings,wickets,7.0,,SS Iyer
1529312,2026,2026-05-24,Rajasthan Royals,Mumbai Indians,Mumbai,"Wankhede Stadium, Mumbai",Mumbai Indians,field,Rajasthan Royals,runs,30.0,,JC Archer
1529313,2026,2026-05-24,Delhi Capitals,Kolkata Knight Riders,Kolkata,"Eden Gardens, Kolkata",Kolkata Knight Riders,field,Delhi Capitals,runs,40.0,,Kuldeep Yadav
1535462,2026,2026-05-26,Royal Challengers Bengaluru,Gujarat Titans,Dharamsala,"Himachal Pradesh Cricket Association Stadium, Dharamsala",Gujarat Titans,field,Royal Challengers Bengaluru,runs,92.0,,RM Patidar
1535463,2026,2026-05-27,Rajasthan Royals,Sunrisers Hyderabad,Chandigarh,"Maharaja Yadavindra Singh International Cricket Stadium, New Chandigarh",Sunrisers Hyderabad,field,Rajasthan Royals,runs,47.0,,V Suryavanshi
1535464,2026,2026-05-29,Rajasthan Royals,Gujarat Titans,Chandigarh,"Maharaja Yadavindra Singh International Cricket Stadium, New Chandigarh",Rajasthan Royals,bat,Gujarat Titans,wickets,7.0,,Shubman Gill
1535465,2026,2026-05-31,Gujarat Titans,Royal Challengers Bengaluru,Ahmedabad,"Narendra Modi Stadium, Ahmedabad",Royal Challengers Bengaluru,field,Royal Challengers Bengaluru,wickets,5.0,,V Kohli
